/*
SQLyog Professional v12.09 (64 bit)
MySQL - 5.7.29 : Database - flowable-idm
*********************************************************************
*/

/*!40101 SET NAMES utf8 */;

/*!40101 SET SQL_MODE=''*/;

/*!40014 SET @OLD_UNIQUE_CHECKS=@@UNIQUE_CHECKS, UNIQUE_CHECKS=0 */;
/*!40014 SET @OLD_FOREIGN_KEY_CHECKS=@@FOREIGN_KEY_CHECKS, FOREIGN_KEY_CHECKS=0 */;
/*!40101 SET @OLD_SQL_MODE=@@SQL_MODE, SQL_MODE='NO_AUTO_VALUE_ON_ZERO' */;
/*!40111 SET @OLD_SQL_NOTES=@@SQL_NOTES, SQL_NOTES=0 */;
CREATE DATABASE /*!32312 IF NOT EXISTS*/`flowable-idm` /*!40100 DEFAULT CHARACTER SET utf8 */;

USE `flowable-idm`;

/*Table structure for table `act_evt_log` */

DROP TABLE IF EXISTS `act_evt_log`;

CREATE TABLE `act_evt_log` (
  `LOG_NR_` bigint(20) NOT NULL AUTO_INCREMENT,
  `TYPE_` varchar(64) COLLATE utf8_bin DEFAULT NULL,
  `PROC_DEF_ID_` varchar(64) COLLATE utf8_bin DEFAULT NULL,
  `PROC_INST_ID_` varchar(64) COLLATE utf8_bin DEFAULT NULL,
  `EXECUTION_ID_` varchar(64) COLLATE utf8_bin DEFAULT NULL,
  `TASK_ID_` varchar(64) COLLATE utf8_bin DEFAULT NULL,
  `TIME_STAMP_` timestamp(3) NOT NULL DEFAULT CURRENT_TIMESTAMP(3) ON UPDATE CURRENT_TIMESTAMP(3),
  `USER_ID_` varchar(255) COLLATE utf8_bin DEFAULT NULL,
  `DATA_` longblob,
  `LOCK_OWNER_` varchar(255) COLLATE utf8_bin DEFAULT NULL,
  `LOCK_TIME_` timestamp(3) NULL DEFAULT NULL,
  `IS_PROCESSED_` tinyint(4) DEFAULT '0',
  PRIMARY KEY (`LOG_NR_`)
) ENGINE=InnoDB DEFAULT CHARSET=utf8 COLLATE=utf8_bin;

/*Data for the table `act_evt_log` */

/*Table structure for table `act_ge_bytearray` */

DROP TABLE IF EXISTS `act_ge_bytearray`;

CREATE TABLE `act_ge_bytearray` (
  `ID_` varchar(64) COLLATE utf8_bin NOT NULL,
  `REV_` int(11) DEFAULT NULL,
  `NAME_` varchar(255) COLLATE utf8_bin DEFAULT NULL,
  `DEPLOYMENT_ID_` varchar(64) COLLATE utf8_bin DEFAULT NULL,
  `BYTES_` longblob,
  `GENERATED_` tinyint(4) DEFAULT NULL,
  PRIMARY KEY (`ID_`),
  KEY `ACT_FK_BYTEARR_DEPL` (`DEPLOYMENT_ID_`),
  CONSTRAINT `ACT_FK_BYTEARR_DEPL` FOREIGN KEY (`DEPLOYMENT_ID_`) REFERENCES `act_re_deployment` (`ID_`)
) ENGINE=InnoDB DEFAULT CHARSET=utf8 COLLATE=utf8_bin;

/*Data for the table `act_ge_bytearray` */

insert  into `act_ge_bytearray`(`ID_`,`REV_`,`NAME_`,`DEPLOYMENT_ID_`,`BYTES_`,`GENERATED_`) values ('100002',1,'组任务测试3.bpmn20.xml','100001','<?xml version=\"1.0\" encoding=\"UTF-8\"?>\n<definitions xmlns=\"http://www.omg.org/spec/BPMN/20100524/MODEL\" xmlns:xsi=\"http://www.w3.org/2001/XMLSchema-instance\" xmlns:xsd=\"http://www.w3.org/2001/XMLSchema\" xmlns:flowable=\"http://flowable.org/bpmn\" xmlns:bpmndi=\"http://www.omg.org/spec/BPMN/20100524/DI\" xmlns:omgdc=\"http://www.omg.org/spec/DD/20100524/DC\" xmlns:omgdi=\"http://www.omg.org/spec/DD/20100524/DI\" typeLanguage=\"http://www.w3.org/2001/XMLSchema\" expressionLanguage=\"http://www.w3.org/1999/XPath\" targetNamespace=\"http://www.flowable.org/processdef\">\n  <process id=\"grouptask\" name=\"组任务测试\" isExecutable=\"true\">\n    <documentation>组任务测试</documentation>\n    <startEvent id=\"startEvent1\"></startEvent>\n    <userTask id=\"sid-EDB2F5F1-2903-414D-B53F-A55D993F14B4\" name=\"审批\" >\n      <extensionElements>\n        <flowable:taskListener event=\"create\" class=\"com.upsky.flowablestudy.node.JackyGroupTaskListener\"></flowable:taskListener>\n      </extensionElements>\n    </userTask>\n    <sequenceFlow id=\"sid-B13B519D-21B7-4FB9-A62F-C88194F2BFAF\" sourceRef=\"startEvent1\" targetRef=\"sid-EDB2F5F1-2903-414D-B53F-A55D993F14B4\"></sequenceFlow>\n    <endEvent id=\"sid-3FA5A03F-6C4C-4797-AAB4-300675695AEE\"></endEvent>\n    <sequenceFlow id=\"sid-127150AC-E20A-49FC-B085-7B92C05CB1C0\" sourceRef=\"sid-EDB2F5F1-2903-414D-B53F-A55D993F14B4\" targetRef=\"sid-3FA5A03F-6C4C-4797-AAB4-300675695AEE\"></sequenceFlow>\n  </process>\n  <bpmndi:BPMNDiagram id=\"BPMNDiagram_grouptask\">\n    <bpmndi:BPMNPlane bpmnElement=\"grouptask\" id=\"BPMNPlane_grouptask\">\n      <bpmndi:BPMNShape bpmnElement=\"startEvent1\" id=\"BPMNShape_startEvent1\">\n        <omgdc:Bounds height=\"30.0\" width=\"30.0\" x=\"100.0\" y=\"163.0\"></omgdc:Bounds>\n      </bpmndi:BPMNShape>\n      <bpmndi:BPMNShape bpmnElement=\"sid-EDB2F5F1-2903-414D-B53F-A55D993F14B4\" id=\"BPMNShape_sid-EDB2F5F1-2903-414D-B53F-A55D993F14B4\">\n        <omgdc:Bounds height=\"80.0\" width=\"100.0\" x=\"175.0\" y=\"138.0\"></omgdc:Bounds>\n      </bpmndi:BPMNShape>\n      <bpmndi:BPMNShape bpmnElement=\"sid-3FA5A03F-6C4C-4797-AAB4-300675695AEE\" id=\"BPMNShape_sid-3FA5A03F-6C4C-4797-AAB4-300675695AEE\">\n        <omgdc:Bounds height=\"28.0\" width=\"28.0\" x=\"320.0\" y=\"164.0\"></omgdc:Bounds>\n      </bpmndi:BPMNShape>\n      <bpmndi:BPMNEdge bpmnElement=\"sid-127150AC-E20A-49FC-B085-7B92C05CB1C0\" id=\"BPMNEdge_sid-127150AC-E20A-49FC-B085-7B92C05CB1C0\">\n        <omgdi:waypoint x=\"274.95000000000005\" y=\"178.0\"></omgdi:waypoint>\n        <omgdi:waypoint x=\"320.0\" y=\"178.0\"></omgdi:waypoint>\n      </bpmndi:BPMNEdge>\n      <bpmndi:BPMNEdge bpmnElement=\"sid-B13B519D-21B7-4FB9-A62F-C88194F2BFAF\" id=\"BPMNEdge_sid-B13B519D-21B7-4FB9-A62F-C88194F2BFAF\">\n        <omgdi:waypoint x=\"129.9499984899576\" y=\"178.0\"></omgdi:waypoint>\n        <omgdi:waypoint x=\"174.9999999999917\" y=\"178.0\"></omgdi:waypoint>\n      </bpmndi:BPMNEdge>\n    </bpmndi:BPMNPlane>\n  </bpmndi:BPMNDiagram>\n</definitions>',0),('100003',1,'组任务测试3.grouptask.png','100001','PNG\r\n\Z\n\0\0\0\rIHDR\0\0f\0\0\0\0\0\0)q\0\0\nIDATxoTeq^h;_\Z}M?aW`H\nĪ	h/!&\rJذ,j=芸\\TjkYjX=	z3\'yaf\ng93m\Z\0\0\0\0\0\0\0\0\0\0\0\0\0\0\0\0\0\0\0\0\0\0\0\0\0\0\0\0\0\0\0\0\0\0\0\0\0\0\0\0\0\0\0\0\0\0\0\0\0\0\0\0\0\0\0\0\0\0\0\0\0\0\0\0\0\0\0\0\0\0\0\0\0\0\0\0\0\0\0\0\0\0\0\0\0\0\0\0\0\0\0\0\0\0\0\0\0\0\0\0\0\0\0\0\0\0\0\0\0\0\0\0\0\0\0\0\0\0\0\0\0\0\0\0\0\0\0\0\0\0\0\0\0\0\0\0\0\0\0\0\0\0\0\0\0\0\0\0\0\0\0\0\0\0\0\0\0\0\0\0\0\0\0\0\0\0\0\0\0\0\0\0\0\0\0\0\0\0\0\0\0\0\0\0\0\0\0\0\0\0\0\0$-Nڴ[ZZ&ȣ9ٹsQcEwڕ$M\ZΝKۿK#)ry AUX:#\rXĒ\nsbaW0~+9uḧq\n3pۙ|ڰ49mU#U\"8{t\n3P0xaU\"Ӧc9TaY8\nc0c*@|bs<&9;;O\\HU\"9G9SanF19O#11Afa3Y;\Zs<?at&u5?s͞(P7K6{fa,Zgf ahC`s\raf@fCڒ$>h_jw<9s3g&555zꩁ_|ի7lUWWj^mJǉtž8>%(NS4ț7o^r$N3xbkOOO\'$ig}s=w\'+̆0#<t4cJ3>N_VSD\Zڗ_~ŋg{ҥd>,YR]]ݱ3fJ\ra[\Z׻Ҹ6vUҾY-O>du\np;vHjkk+e,oUUU3g͚VWW\'jښ|ٟ.\\ygϞd͚5ɣ>:<}f\Z嶶̟??9~xgΜIϝ;lUQ~0\r oذ!48:=YrDyxΚ0s>gʹQ^pafv<}8,fΕ)6s~z\ra6rcM9wbٲeCe{0n[b@)Ҷmӗ]٘aNܜ;Sls<lKؖ-[?SRhO?twfa8$.wMyZ]sQƳ8N9+#GY9anF3޸+758/aq7;JigIoY\rřz7bV{_qưCR2Y[.)5kSJK͘˾0bruyZ0/R2׾Ӭi޽gҍekT9chalCW}yXw٪te&.HU0wwwW%S\r~rw.alCW.H?o\rg=R2W^Xϋ+eN;,̓نџu֡s9E+3w3L-7esir܆ҕٳg_.Lfz<-帔7xYhQ~y5?2c6s]e3fm^cUkW\\֘ۓ8=;L7oNarׯ_?t;B-ۆ13nK.=Q2\Z\Z\Z^Ge3\\<<+W[oM^xӧOgbϹ3A۟vttd[mQ믿1/[l[<ח͐#=Pf&=ZsgwqGؘ똅1gr3K/r޼y?̿f:Yg#\ZsuӦMC#q{>c|}\rݿvZKyg`1t_[pΉu\rz~{1cӧ=/)Mxλ;jԭ1ke0n?~t|n~\'O^5\Zٳg9a.}첫UB_9ֳ\'ry#,r#ng]w9b]ֈ7#C9ozRl\\5ZO0Iw	&ŝ=g<19cDk|F|!q\0`r\'Tt|!ߟޝgNcqvJvageg\r)[¨4յ9L9nK)8g?%;F_rJy:{>aoEl\"\\}-a@qqJ̆\\g#ov2{쟇mW)\ZXKu:tFSnllܘ@PI\\,̅reMyj9szVZut_?>ŵ/|OSOJ{GXڕ@H+q_ckye:XrU\\$%ǏS?+,#af\Z10l3 !̀03 ̆0l3 !̀03 ̆0,̀00l3 ̆0,̀00l30i---X:b\ZA[%Lq;wI|V	S\\kko~qy3rssxV	LKc`:S;/c(c\0\0\0\0\0\0\0\0\0\0\0\0y?83\nKT\0\0\0\0IENDB`',1),('10002',1,'员工请假流程模型','10001','<?xml version=\"1.0\" encoding=\"UTF-8\"?>\n<definitions xmlns=\"http://www.omg.org/spec/BPMN/20100524/MODEL\" xmlns:xsi=\"http://www.w3.org/2001/XMLSchema-instance\" xmlns:xsd=\"http://www.w3.org/2001/XMLSchema\" xmlns:flowable=\"http://flowable.org/bpmn\" xmlns:bpmndi=\"http://www.omg.org/spec/BPMN/20100524/DI\" xmlns:omgdc=\"http://www.omg.org/spec/DD/20100524/DC\" xmlns:omgdi=\"http://www.omg.org/spec/DD/20100524/DI\" typeLanguage=\"http://www.w3.org/2001/XMLSchema\" expressionLanguage=\"http://www.w3.org/1999/XPath\" targetNamespace=\"http://www.flowable.org/processdef\">\n  <process id=\"holiday\" name=\"员工请假流程模型\" isExecutable=\"true\">\n    <documentation>员工请假流程模型</documentation>\n    <startEvent id=\"startEvent1\" flowable:formKey=\"holiday\"></startEvent>\n    <exclusiveGateway id=\"sid-79696A4A-0E1A-476B-9D66-1CBD2B74EF19\"></exclusiveGateway>\n    <sequenceFlow id=\"sid-CC84B4B8-1BAF-4C40-8CEF-0EA614418528\" sourceRef=\"startEvent1\" targetRef=\"sid-79696A4A-0E1A-476B-9D66-1CBD2B74EF19\"></sequenceFlow>\n    <userTask id=\"sid-66B114EC-A234-42DB-B67B-CC8C3C314111\" name=\"部门主管审批\" flowable:assignee=\"zhangsan\">\n      <extensionElements>\n        <modeler:activiti-idm-assignee xmlns:modeler=\"http://flowable.org/modeler\"><![CDATA[true]]></modeler:activiti-idm-assignee>\n        <modeler:assignee-info-email xmlns:modeler=\"http://flowable.org/modeler\"><![CDATA[zhangsan@upsky.com]]></modeler:assignee-info-email>\n        <modeler:assignee-info-firstname xmlns:modeler=\"http://flowable.org/modeler\"><![CDATA[三]]></modeler:assignee-info-firstname>\n        <modeler:assignee-info-lastname xmlns:modeler=\"http://flowable.org/modeler\"><![CDATA[张]]></modeler:assignee-info-lastname>\n        <modeler:initiator-can-complete xmlns:modeler=\"http://flowable.org/modeler\"><![CDATA[false]]></modeler:initiator-can-complete>\n      </extensionElements>\n    </userTask>\n    <endEvent id=\"sid-BFEA487A-AD0B-405F-8FF9-823DB67A330C\"></endEvent>\n    <sequenceFlow id=\"sid-33BE467F-3E32-425B-92DE-457331BD45CA\" sourceRef=\"sid-66B114EC-A234-42DB-B67B-CC8C3C314111\" targetRef=\"sid-BFEA487A-AD0B-405F-8FF9-823DB67A330C\"></sequenceFlow>\n    <userTask id=\"sid-3F10C5D5-B8E9-4617-81F8-C3A5B0A7CA9B\" name=\"总经理审批\" flowable:candidateUsers=\"lisi\">\n      <extensionElements>\n        <modeler:user-info-email-lisi xmlns:modeler=\"http://flowable.org/modeler\"><![CDATA[lisi@upsky.com]]></modeler:user-info-email-lisi>\n        <modeler:user-info-firstname-lisi xmlns:modeler=\"http://flowable.org/modeler\"><![CDATA[四]]></modeler:user-info-firstname-lisi>\n        <modeler:user-info-lastname-lisi xmlns:modeler=\"http://flowable.org/modeler\"><![CDATA[李]]></modeler:user-info-lastname-lisi>\n        <modeler:activiti-idm-candidate-user xmlns:modeler=\"http://flowable.org/modeler\"><![CDATA[true]]></modeler:activiti-idm-candidate-user>\n        <modeler:initiator-can-complete xmlns:modeler=\"http://flowable.org/modeler\"><![CDATA[false]]></modeler:initiator-can-complete>\n      </extensionElements>\n    </userTask>\n    <userTask id=\"sid-41FE841F-FE49-445D-A566-43A4A41B0F7B\" name=\"总裁审批\" flowable:candidateGroups=\"jishu\">\n      <extensionElements>\n        <modeler:group-info-name-jishu xmlns:modeler=\"http://flowable.org/modeler\"><![CDATA[技术部]]></modeler:group-info-name-jishu>\n        <modeler:activiti-idm-candidate-group xmlns:modeler=\"http://flowable.org/modeler\"><![CDATA[true]]></modeler:activiti-idm-candidate-group>\n        <modeler:initiator-can-complete xmlns:modeler=\"http://flowable.org/modeler\"><![CDATA[false]]></modeler:initiator-can-complete>\n      </extensionElements>\n    </userTask>\n    <sequenceFlow id=\"sid-1F2BAB74-5125-4CE4-ACE0-7AE1A56CCA73\" sourceRef=\"sid-3F10C5D5-B8E9-4617-81F8-C3A5B0A7CA9B\" targetRef=\"sid-41FE841F-FE49-445D-A566-43A4A41B0F7B\"></sequenceFlow>\n    <endEvent id=\"sid-69A3FF20-C12B-4E1E-BA99-2DCC2A17DA71\"></endEvent>\n    <sequenceFlow id=\"sid-C7D60A3F-BCD7-4725-9B3F-03E2A19D91FC\" sourceRef=\"sid-41FE841F-FE49-445D-A566-43A4A41B0F7B\" targetRef=\"sid-69A3FF20-C12B-4E1E-BA99-2DCC2A17DA71\"></sequenceFlow>\n    <sequenceFlow id=\"sid-CD0C8750-F833-47B1-9B02-C74735790D91\" name=\"小于等于3天\" sourceRef=\"sid-79696A4A-0E1A-476B-9D66-1CBD2B74EF19\" targetRef=\"sid-66B114EC-A234-42DB-B67B-CC8C3C314111\">\n      <conditionExpression xsi:type=\"tFormalExpression\"><![CDATA[${form_holiday_outcome==\"小于等于3天\"}]]></conditionExpression>\n    </sequenceFlow>\n    <sequenceFlow id=\"sid-26D30560-CCEE-46C7-82F7-D0D7AA962E82\" name=\"大于3天\" sourceRef=\"sid-79696A4A-0E1A-476B-9D66-1CBD2B74EF19\" targetRef=\"sid-3F10C5D5-B8E9-4617-81F8-C3A5B0A7CA9B\">\n      <conditionExpression xsi:type=\"tFormalExpression\"><![CDATA[${form_holiday_outcome==\"大于3天\"}]]></conditionExpression>\n    </sequenceFlow>\n  </process>\n  <bpmndi:BPMNDiagram id=\"BPMNDiagram_holiday\">\n    <bpmndi:BPMNPlane bpmnElement=\"holiday\" id=\"BPMNPlane_holiday\">\n      <bpmndi:BPMNShape bpmnElement=\"startEvent1\" id=\"BPMNShape_startEvent1\">\n        <omgdc:Bounds height=\"30.0\" width=\"30.0\" x=\"90.0\" y=\"140.0\"></omgdc:Bounds>\n      </bpmndi:BPMNShape>\n      <bpmndi:BPMNShape bpmnElement=\"sid-79696A4A-0E1A-476B-9D66-1CBD2B74EF19\" id=\"BPMNShape_sid-79696A4A-0E1A-476B-9D66-1CBD2B74EF19\">\n        <omgdc:Bounds height=\"40.0\" width=\"40.0\" x=\"165.0\" y=\"135.0\"></omgdc:Bounds>\n      </bpmndi:BPMNShape>\n      <bpmndi:BPMNShape bpmnElement=\"sid-66B114EC-A234-42DB-B67B-CC8C3C314111\" id=\"BPMNShape_sid-66B114EC-A234-42DB-B67B-CC8C3C314111\">\n        <omgdc:Bounds height=\"80.0\" width=\"100.0\" x=\"240.0\" y=\"30.0\"></omgdc:Bounds>\n      </bpmndi:BPMNShape>\n      <bpmndi:BPMNShape bpmnElement=\"sid-BFEA487A-AD0B-405F-8FF9-823DB67A330C\" id=\"BPMNShape_sid-BFEA487A-AD0B-405F-8FF9-823DB67A330C\">\n        <omgdc:Bounds height=\"28.0\" width=\"28.0\" x=\"465.0\" y=\"56.0\"></omgdc:Bounds>\n      </bpmndi:BPMNShape>\n      <bpmndi:BPMNShape bpmnElement=\"sid-3F10C5D5-B8E9-4617-81F8-C3A5B0A7CA9B\" id=\"BPMNShape_sid-3F10C5D5-B8E9-4617-81F8-C3A5B0A7CA9B\">\n        <omgdc:Bounds height=\"80.0\" width=\"100.0\" x=\"240.0\" y=\"195.0\"></omgdc:Bounds>\n      </bpmndi:BPMNShape>\n      <bpmndi:BPMNShape bpmnElement=\"sid-41FE841F-FE49-445D-A566-43A4A41B0F7B\" id=\"BPMNShape_sid-41FE841F-FE49-445D-A566-43A4A41B0F7B\">\n        <omgdc:Bounds height=\"80.0\" width=\"100.0\" x=\"375.0\" y=\"195.0\"></omgdc:Bounds>\n      </bpmndi:BPMNShape>\n      <bpmndi:BPMNShape bpmnElement=\"sid-69A3FF20-C12B-4E1E-BA99-2DCC2A17DA71\" id=\"BPMNShape_sid-69A3FF20-C12B-4E1E-BA99-2DCC2A17DA71\">\n        <omgdc:Bounds height=\"28.0\" width=\"28.0\" x=\"530.0\" y=\"221.0\"></omgdc:Bounds>\n      </bpmndi:BPMNShape>\n      <bpmndi:BPMNEdge bpmnElement=\"sid-26D30560-CCEE-46C7-82F7-D0D7AA962E82\" id=\"BPMNEdge_sid-26D30560-CCEE-46C7-82F7-D0D7AA962E82\">\n        <omgdi:waypoint x=\"185.5\" y=\"174.43809673366835\"></omgdi:waypoint>\n        <omgdi:waypoint x=\"185.5\" y=\"235.0\"></omgdi:waypoint>\n        <omgdi:waypoint x=\"240.0\" y=\"235.0\"></omgdi:waypoint>\n      </bpmndi:BPMNEdge>\n      <bpmndi:BPMNEdge bpmnElement=\"sid-C7D60A3F-BCD7-4725-9B3F-03E2A19D91FC\" id=\"BPMNEdge_sid-C7D60A3F-BCD7-4725-9B3F-03E2A19D91FC\">\n        <omgdi:waypoint x=\"474.94999999992007\" y=\"235.0\"></omgdi:waypoint>\n        <omgdi:waypoint x=\"530.0\" y=\"235.0\"></omgdi:waypoint>\n      </bpmndi:BPMNEdge>\n      <bpmndi:BPMNEdge bpmnElement=\"sid-1F2BAB74-5125-4CE4-ACE0-7AE1A56CCA73\" id=\"BPMNEdge_sid-1F2BAB74-5125-4CE4-ACE0-7AE1A56CCA73\">\n        <omgdi:waypoint x=\"339.95000000000005\" y=\"235.0\"></omgdi:waypoint>\n        <omgdi:waypoint x=\"375.0\" y=\"235.0\"></omgdi:waypoint>\n      </bpmndi:BPMNEdge>\n      <bpmndi:BPMNEdge bpmnElement=\"sid-CC84B4B8-1BAF-4C40-8CEF-0EA614418528\" id=\"BPMNEdge_sid-CC84B4B8-1BAF-4C40-8CEF-0EA614418528\">\n        <omgdi:waypoint x=\"119.9496588110467\" y=\"155.09285545292158\"></omgdi:waypoint>\n        <omgdi:waypoint x=\"165.375\" y=\"155.375\"></omgdi:waypoint>\n      </bpmndi:BPMNEdge>\n      <bpmndi:BPMNEdge bpmnElement=\"sid-CD0C8750-F833-47B1-9B02-C74735790D91\" id=\"BPMNEdge_sid-CD0C8750-F833-47B1-9B02-C74735790D91\">\n        <omgdi:waypoint x=\"185.5\" y=\"135.5\"></omgdi:waypoint>\n        <omgdi:waypoint x=\"185.5\" y=\"70.0\"></omgdi:waypoint>\n        <omgdi:waypoint x=\"240.0\" y=\"70.0\"></omgdi:waypoint>\n      </bpmndi:BPMNEdge>\n      <bpmndi:BPMNEdge bpmnElement=\"sid-33BE467F-3E32-425B-92DE-457331BD45CA\" id=\"BPMNEdge_sid-33BE467F-3E32-425B-92DE-457331BD45CA\">\n        <omgdi:waypoint x=\"339.95000000000005\" y=\"70.0\"></omgdi:waypoint>\n        <omgdi:waypoint x=\"465.0\" y=\"70.0\"></omgdi:waypoint>\n      </bpmndi:BPMNEdge>\n    </bpmndi:BPMNPlane>\n  </bpmndi:BPMNDiagram>\n</definitions>',0),('105002',1,'组任务测试4.bpmn20.xml','105001','<?xml version=\"1.0\" encoding=\"UTF-8\"?>\n<definitions xmlns=\"http://www.omg.org/spec/BPMN/20100524/MODEL\" xmlns:xsi=\"http://www.w3.org/2001/XMLSchema-instance\" xmlns:xsd=\"http://www.w3.org/2001/XMLSchema\" xmlns:flowable=\"http://flowable.org/bpmn\" xmlns:bpmndi=\"http://www.omg.org/spec/BPMN/20100524/DI\" xmlns:omgdc=\"http://www.omg.org/spec/DD/20100524/DC\" xmlns:omgdi=\"http://www.omg.org/spec/DD/20100524/DI\" typeLanguage=\"http://www.w3.org/2001/XMLSchema\" expressionLanguage=\"http://www.w3.org/1999/XPath\" targetNamespace=\"http://www.flowable.org/processdef\">\n  <process id=\"grouptask\" name=\"组任务测试\" isExecutable=\"true\">\n    <documentation>组任务测试</documentation>\n    <startEvent id=\"startEvent1\"></startEvent>\n    <userTask id=\"sid-EDB2F5F1-2903-414D-B53F-A55D993F14B4\" name=\"审批\" flowable:candidateGroups=\"总经理\" ></userTask>\n    <sequenceFlow id=\"sid-B13B519D-21B7-4FB9-A62F-C88194F2BFAF\" sourceRef=\"startEvent1\" targetRef=\"sid-EDB2F5F1-2903-414D-B53F-A55D993F14B4\"></sequenceFlow>\n    <endEvent id=\"sid-3FA5A03F-6C4C-4797-AAB4-300675695AEE\"></endEvent>\n    <sequenceFlow id=\"sid-127150AC-E20A-49FC-B085-7B92C05CB1C0\" sourceRef=\"sid-EDB2F5F1-2903-414D-B53F-A55D993F14B4\" targetRef=\"sid-3FA5A03F-6C4C-4797-AAB4-300675695AEE\"></sequenceFlow>\n  </process>\n  <bpmndi:BPMNDiagram id=\"BPMNDiagram_grouptask\">\n    <bpmndi:BPMNPlane bpmnElement=\"grouptask\" id=\"BPMNPlane_grouptask\">\n      <bpmndi:BPMNShape bpmnElement=\"startEvent1\" id=\"BPMNShape_startEvent1\">\n        <omgdc:Bounds height=\"30.0\" width=\"30.0\" x=\"100.0\" y=\"163.0\"></omgdc:Bounds>\n      </bpmndi:BPMNShape>\n      <bpmndi:BPMNShape bpmnElement=\"sid-EDB2F5F1-2903-414D-B53F-A55D993F14B4\" id=\"BPMNShape_sid-EDB2F5F1-2903-414D-B53F-A55D993F14B4\">\n        <omgdc:Bounds height=\"80.0\" width=\"100.0\" x=\"175.0\" y=\"138.0\"></omgdc:Bounds>\n      </bpmndi:BPMNShape>\n      <bpmndi:BPMNShape bpmnElement=\"sid-3FA5A03F-6C4C-4797-AAB4-300675695AEE\" id=\"BPMNShape_sid-3FA5A03F-6C4C-4797-AAB4-300675695AEE\">\n        <omgdc:Bounds height=\"28.0\" width=\"28.0\" x=\"320.0\" y=\"164.0\"></omgdc:Bounds>\n      </bpmndi:BPMNShape>\n      <bpmndi:BPMNEdge bpmnElement=\"sid-127150AC-E20A-49FC-B085-7B92C05CB1C0\" id=\"BPMNEdge_sid-127150AC-E20A-49FC-B085-7B92C05CB1C0\">\n        <omgdi:waypoint x=\"274.95000000000005\" y=\"178.0\"></omgdi:waypoint>\n        <omgdi:waypoint x=\"320.0\" y=\"178.0\"></omgdi:waypoint>\n      </bpmndi:BPMNEdge>\n      <bpmndi:BPMNEdge bpmnElement=\"sid-B13B519D-21B7-4FB9-A62F-C88194F2BFAF\" id=\"BPMNEdge_sid-B13B519D-21B7-4FB9-A62F-C88194F2BFAF\">\n        <omgdi:waypoint x=\"129.9499984899576\" y=\"178.0\"></omgdi:waypoint>\n        <omgdi:waypoint x=\"174.9999999999917\" y=\"178.0\"></omgdi:waypoint>\n      </bpmndi:BPMNEdge>\n    </bpmndi:BPMNPlane>\n  </bpmndi:BPMNDiagram>\n</definitions>',0),('105003',1,'组任务测试4.grouptask.png','105001','PNG\r\n\Z\n\0\0\0\rIHDR\0\0f\0\0\0\0\0\0)q\0\0\nIDATxoTeq^h;_\Z}M?aW`H\nĪ	h/!&\rJذ,j=芸\\TjkYjX=	z3\'yaf\ng93m\Z\0\0\0\0\0\0\0\0\0\0\0\0\0\0\0\0\0\0\0\0\0\0\0\0\0\0\0\0\0\0\0\0\0\0\0\0\0\0\0\0\0\0\0\0\0\0\0\0\0\0\0\0\0\0\0\0\0\0\0\0\0\0\0\0\0\0\0\0\0\0\0\0\0\0\0\0\0\0\0\0\0\0\0\0\0\0\0\0\0\0\0\0\0\0\0\0\0\0\0\0\0\0\0\0\0\0\0\0\0\0\0\0\0\0\0\0\0\0\0\0\0\0\0\0\0\0\0\0\0\0\0\0\0\0\0\0\0\0\0\0\0\0\0\0\0\0\0\0\0\0\0\0\0\0\0\0\0\0\0\0\0\0\0\0\0\0\0\0\0\0\0\0\0\0\0\0\0\0\0\0\0\0\0\0\0\0\0\0\0\0\0\0$-Nڴ[ZZ&ȣ9ٹsQcEwڕ$M\ZΝKۿK#)ry AUX:#\rXĒ\nsbaW0~+9uḧq\n3pۙ|ڰ49mU#U\"8{t\n3P0xaU\"Ӧc9TaY8\nc0c*@|bs<&9;;O\\HU\"9G9SanF19O#11Afa3Y;\Zs<?at&u5?s͞(P7K6{fa,Zgf ahC`s\raf@fCڒ$>h_jw<9s3g&555zꩁ_|ի7lUWWj^mJǉtž8>%(NS4ț7o^r$N3xbkOOO\'$ig}s=w\'+̆0#<t4cJ3>N_VSD\Zڗ_~ŋg{ҥd>,YR]]ݱ3fJ\ra[\Z׻Ҹ6vUҾY-O>du\np;vHjkk+e,oUUU3g͚VWW\'jښ|ٟ.\\ygϞd͚5ɣ>:<}f\Z嶶̟??9~xgΜIϝ;lUQ~0\r oذ!48:=YrDyxΚ0s>gʹQ^pafv<}8,fΕ)6s~z\ra6rcM9wbٲeCe{0n[b@)Ҷmӗ]٘aNܜ;Sls<lKؖ-[?SRhO?twfa8$.wMyZ]sQƳ8N9+#GY9anF3޸+758/aq7;JigIoY\rřz7bV{_qưCR2Y[.)5kSJK͘˾0bruyZ0/R2׾Ӭi޽gҍekT9chalCW}yXw٪te&.HU0wwwW%S\r~rw.alCW.H?o\rg=R2W^Xϋ+eN;,̓نџu֡s9E+3w3L-7esir܆ҕٳg_.Lfz<-帔7xYhQ~y5?2c6s]e3fm^cUkW\\֘ۓ8=;L7oNarׯ_?t;B-ۆ13nK.=Q2\Z\Z\Z^Ge3\\<<+W[oM^xӧOgbϹ3A۟vttd[mQ믿1/[l[<ח͐#=Pf&=ZsgwqGؘ똅1gr3K/r޼y?̿f:Yg#\ZsuӦMC#q{>c|}\rݿvZKyg`1t_[pΉu\rz~{1cӧ=/)Mxλ;jԭ1ke0n?~t|n~\'O^5\Zٳg9a.}첫UB_9ֳ\'ry#,r#ng]w9b]ֈ7#C9ozRl\\5ZO0Iw	&ŝ=g<19cDk|F|!q\0`r\'Tt|!ߟޝgNcqvJvageg\r)[¨4յ9L9nK)8g?%;F_rJy:{>aoEl\"\\}-a@qqJ̆\\g#ov2{쟇mW)\ZXKu:tFSnllܘ@PI\\,̅reMyj9szVZut_?>ŵ/|OSOJ{GXڕ@H+q_ckye:XrU\\$%ǏS?+,#af\Z10l3 !̀03 ̆0l3 !̀03 ̆0,̀00l3 ̆0,̀00l30i---X:b\ZA[%Lq;wI|V	S\\kko~qy3rssxV	LKc`:S;/c(c\0\0\0\0\0\0\0\0\0\0\0\0y?83\nKT\0\0\0\0IENDB`',1),('107502',1,'bpmn_xml/服务任务节点3.bpmn20.xml','107501','<?xml version=\"1.0\" encoding=\"UTF-8\"?>\n<definitions xmlns=\"http://www.omg.org/spec/BPMN/20100524/MODEL\" xmlns:xsi=\"http://www.w3.org/2001/XMLSchema-instance\" xmlns:xsd=\"http://www.w3.org/2001/XMLSchema\" xmlns:flowable=\"http://flowable.org/bpmn\" xmlns:bpmndi=\"http://www.omg.org/spec/BPMN/20100524/DI\" xmlns:omgdc=\"http://www.omg.org/spec/DD/20100524/DC\" xmlns:omgdi=\"http://www.omg.org/spec/DD/20100524/DI\" typeLanguage=\"http://www.w3.org/2001/XMLSchema\" expressionLanguage=\"http://www.w3.org/1999/XPath\" targetNamespace=\"http://www.flowable.org/processdef\">\n  <process id=\"serviceTask\" name=\"服务任务节点\" isExecutable=\"true\">\n    <documentation>服务任务节点</documentation>\n    <startEvent id=\"startEvent1\"></startEvent>\n    <serviceTask id=\"sid-1B7E006B-766A-4CA1-8750-48331EE2FA66\" name=\"服务任务节点\" flowable:expression=\"${okReturningService.invoke()}\">\n    </serviceTask>\n    <sequenceFlow id=\"sid-7BDCF029-8F1A-4C70-8E68-1D4B84D57C4D\" sourceRef=\"startEvent1\" targetRef=\"sid-1B7E006B-766A-4CA1-8750-48331EE2FA66\"></sequenceFlow>\n    <endEvent id=\"sid-51786F2F-7BC6-44AE-A05B-3536E3B64937\"></endEvent>\n    <sequenceFlow id=\"sid-8293D8A4-F689-467F-8D39-7431B213501F\" sourceRef=\"sid-1B7E006B-766A-4CA1-8750-48331EE2FA66\" targetRef=\"sid-51786F2F-7BC6-44AE-A05B-3536E3B64937\"></sequenceFlow>\n  </process>\n  <bpmndi:BPMNDiagram id=\"BPMNDiagram_serviceTask\">\n    <bpmndi:BPMNPlane bpmnElement=\"serviceTask\" id=\"BPMNPlane_serviceTask\">\n      <bpmndi:BPMNShape bpmnElement=\"startEvent1\" id=\"BPMNShape_startEvent1\">\n        <omgdc:Bounds height=\"30.0\" width=\"30.0\" x=\"90.0\" y=\"130.0\"></omgdc:Bounds>\n      </bpmndi:BPMNShape>\n      <bpmndi:BPMNShape bpmnElement=\"sid-1B7E006B-766A-4CA1-8750-48331EE2FA66\" id=\"BPMNShape_sid-1B7E006B-766A-4CA1-8750-48331EE2FA66\">\n        <omgdc:Bounds height=\"80.0\" width=\"100.0\" x=\"210.0\" y=\"105.0\"></omgdc:Bounds>\n      </bpmndi:BPMNShape>\n      <bpmndi:BPMNShape bpmnElement=\"sid-51786F2F-7BC6-44AE-A05B-3536E3B64937\" id=\"BPMNShape_sid-51786F2F-7BC6-44AE-A05B-3536E3B64937\">\n        <omgdc:Bounds height=\"28.0\" width=\"28.0\" x=\"355.0\" y=\"131.0\"></omgdc:Bounds>\n      </bpmndi:BPMNShape>\n      <bpmndi:BPMNEdge bpmnElement=\"sid-7BDCF029-8F1A-4C70-8E68-1D4B84D57C4D\" id=\"BPMNEdge_sid-7BDCF029-8F1A-4C70-8E68-1D4B84D57C4D\">\n        <omgdi:waypoint x=\"119.94999923927439\" y=\"145.0\"></omgdi:waypoint>\n        <omgdi:waypoint x=\"209.9999999999684\" y=\"145.0\"></omgdi:waypoint>\n      </bpmndi:BPMNEdge>\n      <bpmndi:BPMNEdge bpmnElement=\"sid-8293D8A4-F689-467F-8D39-7431B213501F\" id=\"BPMNEdge_sid-8293D8A4-F689-467F-8D39-7431B213501F\">\n        <omgdi:waypoint x=\"309.949999999996\" y=\"145.0\"></omgdi:waypoint>\n        <omgdi:waypoint x=\"355.0\" y=\"145.0\"></omgdi:waypoint>\n      </bpmndi:BPMNEdge>\n    </bpmndi:BPMNPlane>\n  </bpmndi:BPMNDiagram>\n</definitions>',0),('107503',1,'bpmn_xml/服务任务节点3.serviceTask.png','107501','PNG\r\n\Z\n\0\0\0\rIHDR\0\0\0\0\0\0\0\0wi\0\0\r!IDATxkTep57?\Zǌqq7Ƙcc-\n*+%/5UcvaeH[74녁Yn6*Ђ9	U9ײKtu]?֨Q\0\0\0\0\0\0\0\0\0\0\0\0\0\0\0\0\0\0\0\0\0\0\0\0\0\0\0\0\0\0\0\0\0\0\0\0\0\0\0\0\0\0\0\0\0\0\0\0\0\0\0\0\0\0\0\0\0\0\0\0\0\0\0\0\0\0\0\0\0\0\0\0\0\0\0\0\0\0\0\0\0\0\0\0\0\0\0\0\0\0\0\0\0\0\0\0\0\0\0\0\0\0\0\0\0\0\0\0\0\0\0\0\0\0\0\0\0\0\0\0\0\0\0\0\0\0\0\0\0\0\0\0\0\0\0\0\0\0\0\0\0\0\0\0\0\0\0\0\0\0\0\0\0\0\0\0\0\0\0\0@e%Ir͛^ǶdҥZ[kkkrʯdJĪUGݻ+VMF[%P5! &(zҞ[%P5bIa[%P5bL\\qHl@MĮoO^	CС}Wn,D\\.\\݁݊\0%$\" f%Üd߾LJϧŐqHyvߓ\n!EH|@P8Y%ۿާ	^vgCݦ	B\"\n!p[7?ؚl.kq9+ܾpNE^H\0qRLL \"J(1zrI{(_\\W\0&MBe\';<qUPG!;y!KHtqu_C^-ϡ	B@?m̆}E|}qry4Gܔ<tH@7EPt}[@	BRB\0B@H	\0!!$f$I򋎎_}Ō3N<q[n%ijj:zw<|YiwLHhlhh+	sҶ1m>`ڶK>S9aܹo<裇W^IV^ܹ39x`gWWW\'$i$w}{w	{6C[o]ږX(-OY0h~Y\09r$髵k&SN=Ҳᦛn:߻)$iUZ#ʵUCmN?;#yw-Z477wU	mDCC-G6_\'x\"YlY_$j?9sfrm~\Z\'M|PغukN;,$DmD\ZM|8̚5+r={d\"}N; z}x7aAH\ZAbʔ)Ya q1]CAP (ƌ\'ɻ-$DA䇘O^R\ZzKԇ*f#<sii7/q!!$jK\Z`\"%=U>Uh޼yQ?C2&Nة[)$D\\sb:S~B}^DVºuz&XZ(1<fϞ7QL꘬̡c}p/BBH6gH&cooG=>TXj^K*i̙k}K\Z\ZYH؆-逸\Z	ZZLF%}[Ӎ]?๶^نŔ>u!N-CvUѐJ7!\nt!!$\r[/~\'KřٹC}kaJ׋!Cن]}{=᰹ViC9ra0MHTWmuAucǎ=ZDwww=a(׹+Nxe]̟??>ɦM38#N?8q7nUWe=zt2~^_\'[zݻzA?5rw_:IBIԫI&TzN/1!$jNbYgU,9s\\뮻\'_{e_#CܾjժlrܹW^ye:k֬oٲ%kVnxW_Mxr6Po{嗓;/;8wi%>H\r!s6mJݴx?;za>3bKa(C\"hF(|Y\"-0(\Z/qb *}y!G?.wGH\'v#\'6&F=ӯU<ӧ/p?e{z3\'BQ۷o/Ғ?.nO}\n>KEoXgyf1N9䢋.._~}\Z86<	F=C뮻~G1\\=K.$)k[dIs3qT<gпKpN1Z7|s~8Eoofg}#\nY/rgp%θNθRSLJݴxYf8sI\\|uQm۶%˗/\nW_],Is=71(53ɓ\'d\\OQiHNѣf&k7՝opz{=5Vy0K1cdE>.N,};vZ{?ќD!+\nGrU`~ش.\nlK7>S=!2f9y?	v}D+Y+WK\'ŐWq-HwP{CnjnnoK5vD[[[q\'&{bN!@L*W5N6\'Q觾>o=rƜFP(\\>;;.mf\ZԘ(w\\رÿM7B\"3.9	?Ȧ|-g1Ɯ~Z=x\'@{+ӦM|3(XqyŊ\\P@zׅIaZ<aCգDDM^OBC%=q9̎9hC\r13W1ņ]ZD>mOGXyq]\nCQ;3/$cǎ,C\rQiҹf͚dɒi|P6BP#dc1bܸq]3f{o[g(`,k1^Ql;pFfHñ8ܟpPF\\E|=r4VkŸb8ޙBBP@HhB\0&$\0\0B@H	\0!!$\0\0\0&$\0!		@HhB\0B@H	\0!!$\0\0B@HhB\0&$Mqv0\röJj\\rWWW]mΝLCb\Z˖-nAD@nKۍJG1cZ[\0\0\0\0\0\0\0\0\0\0\0\0\0/\0}4~W}\0\0\0\0IENDB`',1),('112502',1,'bpmn_xml/脚本任务测试.bpmn20.xml','112501','<?xml version=\"1.0\" encoding=\"UTF-8\"?>\n<definitions xmlns=\"http://www.omg.org/spec/BPMN/20100524/MODEL\" xmlns:xsi=\"http://www.w3.org/2001/XMLSchema-instance\" xmlns:xsd=\"http://www.w3.org/2001/XMLSchema\" xmlns:flowable=\"http://flowable.org/bpmn\" xmlns:bpmndi=\"http://www.omg.org/spec/BPMN/20100524/DI\" xmlns:omgdc=\"http://www.omg.org/spec/DD/20100524/DC\" xmlns:omgdi=\"http://www.omg.org/spec/DD/20100524/DI\" typeLanguage=\"http://www.w3.org/2001/XMLSchema\" expressionLanguage=\"http://www.w3.org/1999/XPath\" targetNamespace=\"http://www.flowable.org/processdef\">\n  <process id=\"scriptTask\" name=\"脚本任务测试\" isExecutable=\"true\">\n    <documentation>脚本任务测试</documentation>\n    <startEvent id=\"startEvent1\"></startEvent>\n    <scriptTask id=\"sid-05312B2A-20F7-4C02-B222-A0DC2C5446B4\" name=\"脚本任务\" scriptFormat=\"JavaScript\" flowable:autoStoreVariables=\"false\">\n      <script><![CDATA[var sum=a+b;\nexecution.setVariable(\"sum\",sum);]]></script>\n    </scriptTask>\n    <endEvent id=\"sid-C3FD3A61-109C-4D58-90A1-A15A9C904EFE\"></endEvent>\n    <sequenceFlow id=\"sid-A8B4A876-709E-430C-A2DD-725653213C36\" sourceRef=\"sid-05312B2A-20F7-4C02-B222-A0DC2C5446B4\" targetRef=\"sid-C3FD3A61-109C-4D58-90A1-A15A9C904EFE\"></sequenceFlow>\n    <sequenceFlow id=\"sid-DF0D0C50-D0DA-437F-A80B-C074715A7C15\" sourceRef=\"startEvent1\" targetRef=\"sid-05312B2A-20F7-4C02-B222-A0DC2C5446B4\"></sequenceFlow>\n  </process>\n  <bpmndi:BPMNDiagram id=\"BPMNDiagram_scriptTask\">\n    <bpmndi:BPMNPlane bpmnElement=\"scriptTask\" id=\"BPMNPlane_scriptTask\">\n      <bpmndi:BPMNShape bpmnElement=\"startEvent1\" id=\"BPMNShape_startEvent1\">\n        <omgdc:Bounds height=\"30.0\" width=\"30.0\" x=\"100.0\" y=\"149.0\"></omgdc:Bounds>\n      </bpmndi:BPMNShape>\n      <bpmndi:BPMNShape bpmnElement=\"sid-05312B2A-20F7-4C02-B222-A0DC2C5446B4\" id=\"BPMNShape_sid-05312B2A-20F7-4C02-B222-A0DC2C5446B4\">\n        <omgdc:Bounds height=\"80.0\" width=\"100.0\" x=\"184.0\" y=\"124.0\"></omgdc:Bounds>\n      </bpmndi:BPMNShape>\n      <bpmndi:BPMNShape bpmnElement=\"sid-C3FD3A61-109C-4D58-90A1-A15A9C904EFE\" id=\"BPMNShape_sid-C3FD3A61-109C-4D58-90A1-A15A9C904EFE\">\n        <omgdc:Bounds height=\"28.0\" width=\"28.0\" x=\"329.0\" y=\"150.0\"></omgdc:Bounds>\n      </bpmndi:BPMNShape>\n      <bpmndi:BPMNEdge bpmnElement=\"sid-A8B4A876-709E-430C-A2DD-725653213C36\" id=\"BPMNEdge_sid-A8B4A876-709E-430C-A2DD-725653213C36\">\n        <omgdi:waypoint x=\"283.95000000000005\" y=\"164.0\"></omgdi:waypoint>\n        <omgdi:waypoint x=\"329.0\" y=\"164.0\"></omgdi:waypoint>\n      </bpmndi:BPMNEdge>\n      <bpmndi:BPMNEdge bpmnElement=\"sid-DF0D0C50-D0DA-437F-A80B-C074715A7C15\" id=\"BPMNEdge_sid-DF0D0C50-D0DA-437F-A80B-C074715A7C15\">\n        <omgdi:waypoint x=\"129.94999870963952\" y=\"164.0\"></omgdi:waypoint>\n        <omgdi:waypoint x=\"184.0\" y=\"164.0\"></omgdi:waypoint>\n      </bpmndi:BPMNEdge>\n    </bpmndi:BPMNPlane>\n  </bpmndi:BPMNDiagram>\n</definitions>',0),('112503',1,'bpmn_xml/脚本任务测试.scriptTask.png','112501','PNG\r\n\Z\n\0\0\0\rIHDR\0\0o\0\0\0\0\0\0\0\0IDATxmlUp_wDcLfԌ8bb/3D6Vdt\"jd0$LhR(Ωy)1( gwmNKiommosާ3\0\0\0\0\0\0\0\0\0\0\0\0\0\0\0\0\0\0\0\0\0\0\0\0\0\0\0\0\0\0\0\0\0\0\0\0\0\0\0\0\0\0\0\0\0\0\0\0\0\0\0\0\0\0\0\0\0\0\0\0\0\0\0\0\0\0\0\0\0\0\0\0\0\0\0\0\0\0\0\0\0\0\0\0\0\0\0\0\0\0\0\0\0\0\0\0\0\0\0\0\0\0\0\0\0\0\0\0\0\0\0\0\0\0\0\0\0\0\0\0\0\0\0\0\0\0\0\0\0\0\0\0\0\0\0\0\0\0\0\0\0\0\0\0\0\0\0\0\0\0\0\0\0\0\0\0\0\0\0\0\0\0\0\0\0\0\0\0\0\0\0\0\0\0\0\0\0Ik׮7o9Y~QԔlڴtLEEnmmM:;;^cFWWWNF[%0	޴V	+Z%s4*aEUhNNl{ήwiK,>x/Xx%3YicƯ;7u޿?&Bx}*Jbހ\0[x[xo@x[x1f$mr&@x4i\0LŴbۂT mo@x@xo@xK$g5k.\\ٳ͜93[iӦ뮻zϟ駟^_o)Kg555tHGw8u+vJC{Ŋ|Ǐw}ŋ͛7\'O=L>$\r{=q;\Z!֭tOGɰ.flLo?MU4x͝;7Ǐ\'ھ}{2o޼㍍tMS!G\'\r\0~g=hڪ3WZ;LV^=wI{\n{R[[|%O=TaÆ믿Nl;rHO-Zvm[>IeˬY/2{I\noCx8|h/]4kUСC~OAM\"QqGpa+/_xﱬ=gΜ)~*VXU܃UӧO?n0S!q[%,kTRy\'PJncFz뭞ۇCK)_q6>olʕ~!)ﾻc2]{t|Jj{\'\\uyq:`9|\'{{}!X`c),[L]bd)#U__=Jۡ+-K\rŌAʨ<X}0Bp\ZҰĔ%K$hѢ1u bޥ؆NNyn3ϔz?̇ҰZ%1彜>=Ʋ;7VE	o=mZ%---%c\"OwY-\r+L,2uwGGGg;ޣنN.2|T31s>iXabu\"SMWQVXxlC)|?Vu`J\nqaL!\'֨m403f8QʻcU[c+rM>dժUy睗۷/&A%]tQv]|םΝ;˓s=wIϺ~ǎuW_}u;֞rPn]n7C5kVo{=~==渌O+VzK/t<5;_uUYo۶m^+؆)#<g]\n>Ø70#9,#2_~gqp\\\\\Z>}z6\"z衬?~>sc\r6ܧ{AϲĈŋ~r	E{g<UyZigx+Uޅ޽{b|>~wwwv}7D}cccvh8`Y6<o{3,3+׬YUޗ\\rIVyocuTW^/[ǈ7-[oݺu/]{X&:V33,}X9fXϚaY̙U6YvɼxM\"$2V;]hD|W?w(xagWVyG%q.H暾`sgȅYۄ~7=P}JmV;%莎~Ç>;;Hyׅ8x!?G(]7|wLރwWLV$\ZJwU~.>_QEHamB[#B4>vT)S{̶Sc$᝿͋/_]xXBxcUW|Xp>I\'\rUsI:c3X8ExϣW]yuGԩS\rzރsBK\'Z5»1]%$>Ig6mZ]ZϰLϰ۪;¹pz_Mݡ/La\'*bNSϢD|/^x/>òpr,>r@ŭ]2ǇUww!Ϋ?m2|>=>)88qǨ+~Z~7;{?D$6j»c:7B<N	<QUZ*)fNƻ^z)1cƏfuvWX=պc۶m=#9{ݺu\ZC&w)?qqWW!>s΅ۛ(,fLZ%MMM{GפHս\Zbo]dIhW}wɵv*dbQX!VL-- \r\ro\r 7 \r\roCx[xހ67 7 \r\roCx[xo\roCx[xo\roCxހހ67 \r\rf9q4*amڴ@gg\0cNs[%0\r6\\oG_Դ77*\Zo٣j}Ŀ\0\0\0\0\0\0\0\0\0\0\0\0PL^:\0\0\0\0IENDB`',1),('122502',1,'bpmn_xml/脚本任务测试2.bpmn20.xml','122501','<?xml version=\"1.0\" encoding=\"UTF-8\"?>\n<definitions xmlns=\"http://www.omg.org/spec/BPMN/20100524/MODEL\" xmlns:xsi=\"http://www.w3.org/2001/XMLSchema-instance\" xmlns:xsd=\"http://www.w3.org/2001/XMLSchema\" xmlns:flowable=\"http://flowable.org/bpmn\" xmlns:bpmndi=\"http://www.omg.org/spec/BPMN/20100524/DI\" xmlns:omgdc=\"http://www.omg.org/spec/DD/20100524/DC\" xmlns:omgdi=\"http://www.omg.org/spec/DD/20100524/DI\" typeLanguage=\"http://www.w3.org/2001/XMLSchema\" expressionLanguage=\"http://www.w3.org/1999/XPath\" targetNamespace=\"http://www.flowable.org/processdef\">\n  <process id=\"scriptTask\" name=\"脚本任务测试\" isExecutable=\"true\">\n    <documentation>脚本任务测试</documentation>\n    <startEvent id=\"startEvent1\"></startEvent>\n    <scriptTask id=\"sid-05312B2A-20F7-4C02-B222-A0DC2C5446B4\" name=\"脚本任务\" scriptFormat=\"JavaScript\" flowable:autoStoreVariables=\"false\">\n      <script><![CDATA[\n      com.upsky.flowablestudy.node.ScriptTaskTestPoJo.foo();\n      ]]></script>\n    </scriptTask>\n    <endEvent id=\"sid-C3FD3A61-109C-4D58-90A1-A15A9C904EFE\"></endEvent>\n    <sequenceFlow id=\"sid-A8B4A876-709E-430C-A2DD-725653213C36\" sourceRef=\"sid-05312B2A-20F7-4C02-B222-A0DC2C5446B4\" targetRef=\"sid-C3FD3A61-109C-4D58-90A1-A15A9C904EFE\"></sequenceFlow>\n    <sequenceFlow id=\"sid-DF0D0C50-D0DA-437F-A80B-C074715A7C15\" sourceRef=\"startEvent1\" targetRef=\"sid-05312B2A-20F7-4C02-B222-A0DC2C5446B4\"></sequenceFlow>\n  </process>\n  <bpmndi:BPMNDiagram id=\"BPMNDiagram_scriptTask\">\n    <bpmndi:BPMNPlane bpmnElement=\"scriptTask\" id=\"BPMNPlane_scriptTask\">\n      <bpmndi:BPMNShape bpmnElement=\"startEvent1\" id=\"BPMNShape_startEvent1\">\n        <omgdc:Bounds height=\"30.0\" width=\"30.0\" x=\"100.0\" y=\"149.0\"></omgdc:Bounds>\n      </bpmndi:BPMNShape>\n      <bpmndi:BPMNShape bpmnElement=\"sid-05312B2A-20F7-4C02-B222-A0DC2C5446B4\" id=\"BPMNShape_sid-05312B2A-20F7-4C02-B222-A0DC2C5446B4\">\n        <omgdc:Bounds height=\"80.0\" width=\"100.0\" x=\"184.0\" y=\"124.0\"></omgdc:Bounds>\n      </bpmndi:BPMNShape>\n      <bpmndi:BPMNShape bpmnElement=\"sid-C3FD3A61-109C-4D58-90A1-A15A9C904EFE\" id=\"BPMNShape_sid-C3FD3A61-109C-4D58-90A1-A15A9C904EFE\">\n        <omgdc:Bounds height=\"28.0\" width=\"28.0\" x=\"329.0\" y=\"150.0\"></omgdc:Bounds>\n      </bpmndi:BPMNShape>\n      <bpmndi:BPMNEdge bpmnElement=\"sid-A8B4A876-709E-430C-A2DD-725653213C36\" id=\"BPMNEdge_sid-A8B4A876-709E-430C-A2DD-725653213C36\">\n        <omgdi:waypoint x=\"283.95000000000005\" y=\"164.0\"></omgdi:waypoint>\n        <omgdi:waypoint x=\"329.0\" y=\"164.0\"></omgdi:waypoint>\n      </bpmndi:BPMNEdge>\n      <bpmndi:BPMNEdge bpmnElement=\"sid-DF0D0C50-D0DA-437F-A80B-C074715A7C15\" id=\"BPMNEdge_sid-DF0D0C50-D0DA-437F-A80B-C074715A7C15\">\n        <omgdi:waypoint x=\"129.94999870963952\" y=\"164.0\"></omgdi:waypoint>\n        <omgdi:waypoint x=\"184.0\" y=\"164.0\"></omgdi:waypoint>\n      </bpmndi:BPMNEdge>\n    </bpmndi:BPMNPlane>\n  </bpmndi:BPMNDiagram>\n</definitions>',0),('122503',1,'bpmn_xml/脚本任务测试2.scriptTask.png','122501','PNG\r\n\Z\n\0\0\0\rIHDR\0\0o\0\0\0\0\0\0\0\0IDATxmlUp_wDcLfԌ8bb/3D6Vdt\"jd0$LhR(Ωy)1( gwmNKiommosާ3\0\0\0\0\0\0\0\0\0\0\0\0\0\0\0\0\0\0\0\0\0\0\0\0\0\0\0\0\0\0\0\0\0\0\0\0\0\0\0\0\0\0\0\0\0\0\0\0\0\0\0\0\0\0\0\0\0\0\0\0\0\0\0\0\0\0\0\0\0\0\0\0\0\0\0\0\0\0\0\0\0\0\0\0\0\0\0\0\0\0\0\0\0\0\0\0\0\0\0\0\0\0\0\0\0\0\0\0\0\0\0\0\0\0\0\0\0\0\0\0\0\0\0\0\0\0\0\0\0\0\0\0\0\0\0\0\0\0\0\0\0\0\0\0\0\0\0\0\0\0\0\0\0\0\0\0\0\0\0\0\0\0\0\0\0\0\0\0\0\0\0\0\0\0\0\0\0Ik׮7o9Y~QԔlڴtLEEnmmM:;;^cFWWWNF[%0	޴V	+Z%s4*aEUhNNl{ήwiK,>x/Xx%3YicƯ;7u޿?&Bx}*Jbހ\0[x[xo@x[x1f$mr&@x4i\0LŴbۂT mo@x@xo@xK$g5k.\\ٳ͜93[iӦ뮻zϟ駟^_o)Kg555tHGw8u+vJC{Ŋ|Ǐw}ŋ͛7\'O=L>$\r{=q;\Z!֭tOGɰ.flLo?MU4x͝;7Ǐ\'ھ}{2o޼㍍tMS!G\'\r\0~g=hڪ3WZ;LV^=wI{\n{R[[|%O=TaÆ믿Nl;rHO-Zvm[>IeˬY/2{I\noCx8|h/]4kUСC~OAM\"QqGpa+/_xﱬ=gΜ)~*VXU܃UӧO?n0S!q[%,kTRy\'PJncFz뭞ۇCK)_q6>olʕ~!)ﾻc2]{t|Jj{\'\\uyq:`9|\'{{}!X`c),[L]bd)#U__=Jۡ+-K\rŌAʨ<X}0Bp\ZҰĔ%K$hѢ1u bޥ؆NNyn3ϔz?̇ҰZ%1彜>=Ʋ;7VE	o=mZ%---%c\"OwY-\r+L,2uwGGGg;ޣنN.2|T31s>iXabu\"SMWQVXxlC)|?Vu`J\nqaL!\'֨m403f8QʻcU[c+rM>dժUy睗۷/&A%]tQv]|םΝ;˓s=wIϺ~ǎuW_}u;֞rPn]n7C5kVo{=~==渌O+VzK/t<5;_uUYo۶m^+؆)#<g]\n>Ø70#9,#2_~gqp\\\\\Z>}z6\"z衬?~>sc\r6ܧ{AϲĈŋ~r	E{g<UyZigx+Uޅ޽{b|>~wwwv}7D}cccvh8`Y6<o{3,3+׬YUޗ\\rIVyocuTW^/[ǈ7-[oݺu/]{X&:V33,}X9fXϚaY̙U6YvɼxM\"$2V;]hD|W?w(xagWVyG%q.H暾`sgȅYۄ~7=P}JmV;%莎~Ç>;;Hyׅ8x!?G(]7|wLރwWLV$\ZJwU~.>_QEHamB[#B4>vT)S{̶Sc$᝿͋/_]xXBxcUW|Xp>I\'\rUsI:c3X8ExϣW]yuGԩS\rzރsBK\'Z5»1]%$>Ig6mZ]ZϰLϰ۪;¹pz_Mݡ/La\'*bNSϢD|/^x/>òpr,>r@ŭ]2ǇUww!Ϋ?m2|>=>)88qǨ+~Z~7;{?D$6j»c:7B<N	<QUZ*)fNƻ^z)1cƏfuvWX=պc۶m=#9{ݺu\ZC&w)?qqWW!>s΅ۛ(,fLZ%MMM{GפHս\Zbo]dIhW}wɵv*dbQX!VL-- \r\ro\r 7 \r\roCx[xހ67 7 \r\roCx[xo\roCx[xo\roCxހހ67 \r\rf9q4*amڴ@gg\0cNs[%0\r6\\oG_Դ77*\Zo٣j}Ŀ\0\0\0\0\0\0\0\0\0\0\0\0PL^:\0\0\0\0IENDB`',1),('12502',1,'员工请假流程模型.bpmn','12501','<?xml version=\"1.0\" encoding=\"UTF-8\"?>\n<definitions xmlns=\"http://www.omg.org/spec/BPMN/20100524/MODEL\" xmlns:xsi=\"http://www.w3.org/2001/XMLSchema-instance\" xmlns:xsd=\"http://www.w3.org/2001/XMLSchema\" xmlns:flowable=\"http://flowable.org/bpmn\" xmlns:bpmndi=\"http://www.omg.org/spec/BPMN/20100524/DI\" xmlns:omgdc=\"http://www.omg.org/spec/DD/20100524/DC\" xmlns:omgdi=\"http://www.omg.org/spec/DD/20100524/DI\" typeLanguage=\"http://www.w3.org/2001/XMLSchema\" expressionLanguage=\"http://www.w3.org/1999/XPath\" targetNamespace=\"http://www.flowable.org/processdef\">\n  <process id=\"holiday\" name=\"员工请假流程模型\" isExecutable=\"true\">\n    <documentation>员工请假流程模型</documentation>\n    <startEvent id=\"startEvent1\" flowable:formKey=\"holiday\"></startEvent>\n    <exclusiveGateway id=\"sid-79696A4A-0E1A-476B-9D66-1CBD2B74EF19\"></exclusiveGateway>\n    <sequenceFlow id=\"sid-CC84B4B8-1BAF-4C40-8CEF-0EA614418528\" sourceRef=\"startEvent1\" targetRef=\"sid-79696A4A-0E1A-476B-9D66-1CBD2B74EF19\"></sequenceFlow>\n    <userTask id=\"sid-66B114EC-A234-42DB-B67B-CC8C3C314111\" name=\"部门主管审批\" flowable:assignee=\"zhangsan\">\n      <extensionElements>\n        <modeler:activiti-idm-assignee xmlns:modeler=\"http://flowable.org/modeler\"><![CDATA[true]]></modeler:activiti-idm-assignee>\n        <modeler:assignee-info-email xmlns:modeler=\"http://flowable.org/modeler\"><![CDATA[zhangsan@upsky.com]]></modeler:assignee-info-email>\n        <modeler:assignee-info-firstname xmlns:modeler=\"http://flowable.org/modeler\"><![CDATA[三]]></modeler:assignee-info-firstname>\n        <modeler:assignee-info-lastname xmlns:modeler=\"http://flowable.org/modeler\"><![CDATA[张]]></modeler:assignee-info-lastname>\n        <modeler:initiator-can-complete xmlns:modeler=\"http://flowable.org/modeler\"><![CDATA[false]]></modeler:initiator-can-complete>\n      </extensionElements>\n    </userTask>\n    <endEvent id=\"sid-BFEA487A-AD0B-405F-8FF9-823DB67A330C\"></endEvent>\n    <sequenceFlow id=\"sid-33BE467F-3E32-425B-92DE-457331BD45CA\" sourceRef=\"sid-66B114EC-A234-42DB-B67B-CC8C3C314111\" targetRef=\"sid-BFEA487A-AD0B-405F-8FF9-823DB67A330C\"></sequenceFlow>\n    <userTask id=\"sid-3F10C5D5-B8E9-4617-81F8-C3A5B0A7CA9B\" name=\"总经理审批\" flowable:candidateUsers=\"lisi\">\n      <extensionElements>\n        <modeler:user-info-email-lisi xmlns:modeler=\"http://flowable.org/modeler\"><![CDATA[lisi@upsky.com]]></modeler:user-info-email-lisi>\n        <modeler:user-info-firstname-lisi xmlns:modeler=\"http://flowable.org/modeler\"><![CDATA[四]]></modeler:user-info-firstname-lisi>\n        <modeler:user-info-lastname-lisi xmlns:modeler=\"http://flowable.org/modeler\"><![CDATA[李]]></modeler:user-info-lastname-lisi>\n        <modeler:activiti-idm-candidate-user xmlns:modeler=\"http://flowable.org/modeler\"><![CDATA[true]]></modeler:activiti-idm-candidate-user>\n        <modeler:initiator-can-complete xmlns:modeler=\"http://flowable.org/modeler\"><![CDATA[false]]></modeler:initiator-can-complete>\n      </extensionElements>\n    </userTask>\n    <userTask id=\"sid-41FE841F-FE49-445D-A566-43A4A41B0F7B\" name=\"总裁审批\" flowable:candidateGroups=\"jishu\">\n      <extensionElements>\n        <modeler:group-info-name-jishu xmlns:modeler=\"http://flowable.org/modeler\"><![CDATA[技术部]]></modeler:group-info-name-jishu>\n        <modeler:activiti-idm-candidate-group xmlns:modeler=\"http://flowable.org/modeler\"><![CDATA[true]]></modeler:activiti-idm-candidate-group>\n        <modeler:initiator-can-complete xmlns:modeler=\"http://flowable.org/modeler\"><![CDATA[false]]></modeler:initiator-can-complete>\n      </extensionElements>\n    </userTask>\n    <sequenceFlow id=\"sid-1F2BAB74-5125-4CE4-ACE0-7AE1A56CCA73\" sourceRef=\"sid-3F10C5D5-B8E9-4617-81F8-C3A5B0A7CA9B\" targetRef=\"sid-41FE841F-FE49-445D-A566-43A4A41B0F7B\"></sequenceFlow>\n    <endEvent id=\"sid-69A3FF20-C12B-4E1E-BA99-2DCC2A17DA71\"></endEvent>\n    <sequenceFlow id=\"sid-C7D60A3F-BCD7-4725-9B3F-03E2A19D91FC\" sourceRef=\"sid-41FE841F-FE49-445D-A566-43A4A41B0F7B\" targetRef=\"sid-69A3FF20-C12B-4E1E-BA99-2DCC2A17DA71\"></sequenceFlow>\n    <sequenceFlow id=\"sid-CD0C8750-F833-47B1-9B02-C74735790D91\" name=\"小于等于3天\" sourceRef=\"sid-79696A4A-0E1A-476B-9D66-1CBD2B74EF19\" targetRef=\"sid-66B114EC-A234-42DB-B67B-CC8C3C314111\">\n      <conditionExpression xsi:type=\"tFormalExpression\"><![CDATA[${form_holiday_outcome==\"小于等于3天\"}]]></conditionExpression>\n    </sequenceFlow>\n    <sequenceFlow id=\"sid-26D30560-CCEE-46C7-82F7-D0D7AA962E82\" name=\"大于3天\" sourceRef=\"sid-79696A4A-0E1A-476B-9D66-1CBD2B74EF19\" targetRef=\"sid-3F10C5D5-B8E9-4617-81F8-C3A5B0A7CA9B\">\n      <conditionExpression xsi:type=\"tFormalExpression\"><![CDATA[${form_holiday_outcome==\"大于3天\"}]]></conditionExpression>\n    </sequenceFlow>\n  </process>\n  <bpmndi:BPMNDiagram id=\"BPMNDiagram_holiday\">\n    <bpmndi:BPMNPlane bpmnElement=\"holiday\" id=\"BPMNPlane_holiday\">\n      <bpmndi:BPMNShape bpmnElement=\"startEvent1\" id=\"BPMNShape_startEvent1\">\n        <omgdc:Bounds height=\"30.0\" width=\"30.0\" x=\"90.0\" y=\"140.0\"></omgdc:Bounds>\n      </bpmndi:BPMNShape>\n      <bpmndi:BPMNShape bpmnElement=\"sid-79696A4A-0E1A-476B-9D66-1CBD2B74EF19\" id=\"BPMNShape_sid-79696A4A-0E1A-476B-9D66-1CBD2B74EF19\">\n        <omgdc:Bounds height=\"40.0\" width=\"40.0\" x=\"165.0\" y=\"135.0\"></omgdc:Bounds>\n      </bpmndi:BPMNShape>\n      <bpmndi:BPMNShape bpmnElement=\"sid-66B114EC-A234-42DB-B67B-CC8C3C314111\" id=\"BPMNShape_sid-66B114EC-A234-42DB-B67B-CC8C3C314111\">\n        <omgdc:Bounds height=\"80.0\" width=\"100.0\" x=\"240.0\" y=\"30.0\"></omgdc:Bounds>\n      </bpmndi:BPMNShape>\n      <bpmndi:BPMNShape bpmnElement=\"sid-BFEA487A-AD0B-405F-8FF9-823DB67A330C\" id=\"BPMNShape_sid-BFEA487A-AD0B-405F-8FF9-823DB67A330C\">\n        <omgdc:Bounds height=\"28.0\" width=\"28.0\" x=\"465.0\" y=\"56.0\"></omgdc:Bounds>\n      </bpmndi:BPMNShape>\n      <bpmndi:BPMNShape bpmnElement=\"sid-3F10C5D5-B8E9-4617-81F8-C3A5B0A7CA9B\" id=\"BPMNShape_sid-3F10C5D5-B8E9-4617-81F8-C3A5B0A7CA9B\">\n        <omgdc:Bounds height=\"80.0\" width=\"100.0\" x=\"240.0\" y=\"195.0\"></omgdc:Bounds>\n      </bpmndi:BPMNShape>\n      <bpmndi:BPMNShape bpmnElement=\"sid-41FE841F-FE49-445D-A566-43A4A41B0F7B\" id=\"BPMNShape_sid-41FE841F-FE49-445D-A566-43A4A41B0F7B\">\n        <omgdc:Bounds height=\"80.0\" width=\"100.0\" x=\"375.0\" y=\"195.0\"></omgdc:Bounds>\n      </bpmndi:BPMNShape>\n      <bpmndi:BPMNShape bpmnElement=\"sid-69A3FF20-C12B-4E1E-BA99-2DCC2A17DA71\" id=\"BPMNShape_sid-69A3FF20-C12B-4E1E-BA99-2DCC2A17DA71\">\n        <omgdc:Bounds height=\"28.0\" width=\"28.0\" x=\"530.0\" y=\"221.0\"></omgdc:Bounds>\n      </bpmndi:BPMNShape>\n      <bpmndi:BPMNEdge bpmnElement=\"sid-26D30560-CCEE-46C7-82F7-D0D7AA962E82\" id=\"BPMNEdge_sid-26D30560-CCEE-46C7-82F7-D0D7AA962E82\">\n        <omgdi:waypoint x=\"185.5\" y=\"174.43809673366835\"></omgdi:waypoint>\n        <omgdi:waypoint x=\"185.5\" y=\"235.0\"></omgdi:waypoint>\n        <omgdi:waypoint x=\"240.0\" y=\"235.0\"></omgdi:waypoint>\n      </bpmndi:BPMNEdge>\n      <bpmndi:BPMNEdge bpmnElement=\"sid-C7D60A3F-BCD7-4725-9B3F-03E2A19D91FC\" id=\"BPMNEdge_sid-C7D60A3F-BCD7-4725-9B3F-03E2A19D91FC\">\n        <omgdi:waypoint x=\"474.94999999992007\" y=\"235.0\"></omgdi:waypoint>\n        <omgdi:waypoint x=\"530.0\" y=\"235.0\"></omgdi:waypoint>\n      </bpmndi:BPMNEdge>\n      <bpmndi:BPMNEdge bpmnElement=\"sid-1F2BAB74-5125-4CE4-ACE0-7AE1A56CCA73\" id=\"BPMNEdge_sid-1F2BAB74-5125-4CE4-ACE0-7AE1A56CCA73\">\n        <omgdi:waypoint x=\"339.95000000000005\" y=\"235.0\"></omgdi:waypoint>\n        <omgdi:waypoint x=\"375.0\" y=\"235.0\"></omgdi:waypoint>\n      </bpmndi:BPMNEdge>\n      <bpmndi:BPMNEdge bpmnElement=\"sid-CC84B4B8-1BAF-4C40-8CEF-0EA614418528\" id=\"BPMNEdge_sid-CC84B4B8-1BAF-4C40-8CEF-0EA614418528\">\n        <omgdi:waypoint x=\"119.9496588110467\" y=\"155.09285545292158\"></omgdi:waypoint>\n        <omgdi:waypoint x=\"165.375\" y=\"155.375\"></omgdi:waypoint>\n      </bpmndi:BPMNEdge>\n      <bpmndi:BPMNEdge bpmnElement=\"sid-CD0C8750-F833-47B1-9B02-C74735790D91\" id=\"BPMNEdge_sid-CD0C8750-F833-47B1-9B02-C74735790D91\">\n        <omgdi:waypoint x=\"185.5\" y=\"135.5\"></omgdi:waypoint>\n        <omgdi:waypoint x=\"185.5\" y=\"70.0\"></omgdi:waypoint>\n        <omgdi:waypoint x=\"240.0\" y=\"70.0\"></omgdi:waypoint>\n      </bpmndi:BPMNEdge>\n      <bpmndi:BPMNEdge bpmnElement=\"sid-33BE467F-3E32-425B-92DE-457331BD45CA\" id=\"BPMNEdge_sid-33BE467F-3E32-425B-92DE-457331BD45CA\">\n        <omgdi:waypoint x=\"339.95000000000005\" y=\"70.0\"></omgdi:waypoint>\n        <omgdi:waypoint x=\"465.0\" y=\"70.0\"></omgdi:waypoint>\n      </bpmndi:BPMNEdge>\n    </bpmndi:BPMNPlane>\n  </bpmndi:BPMNDiagram>\n</definitions>',0),('12503',1,'员工请假流程模型.holiday.png','12501','PNG\r\n\Z\n\0\0\0\rIHDR\0\08\0\0\0\0\0\0\0IDATx/piI1s49Mk4Dk,C \0QOkZ$5\\kW!r\\gSA#P>{fgٙ+dggٙ|~4	\0\0\0\0\0\0\0\0\0\0\0\0\0\0\0\0\0\0\0\0\0\0\0\0\0\0\0\0\0\0\0\0\0\0\0\0\0\0\0\0\0\0\0\0\0\0\0\0\0\0\0\0\0\0\0\0\0\0\0\0\0\0\0\0\0\0 $vZ/ݝtvv\ZWWWWqHCQfӦMIooor	5NuСdÆ\rGҰsV	\0UnBΉZ%\0T)4*JDh\0P׿Hv䍮qP\"\0@C{/ޓj)m\0\rpM^X)8\0xgǺ\r8q`\"\0@\Zp6D\0G	8\00\'\Z,m\0\rpvnAN&8\0p烞m5NOm\0\rpv	%\04fdK<pz*.nL\0hG*~{ヮX8ع6qpWl\Zp\0nFm8\0pg86C*\0]iKPp\0p\0@Q\08J\0G\0f[N4iM+IxZۖ_v^-\0G~/δNԺt u%\r)ӐB\\m2eE^M@Q㮥ej[[J{{{$k׮M{?LG}$7oN/^tM!@QnM\'`3$p>|8>W:Ϝ%0.#7p3o޼lf$~,(\r9Fr\0G	8N)NK-\\\ZjbjѢEUxG	8D\Zn#7Նb)%0bW⚛NK\r5]U\\c\npC-Ng>bXx\0ַ#c>{WB>_hHΖo	8?wl~8KqB/4kV4)8`߹ׯ_?\'Xx.+fys4Y|pęT<MZ4u,~v\rjc&Uy».ۚ\ZjxفIf0+q+n4NcQdŊYgl߾gu;wL暬b??y\'>FluC=%K$V\Z/_>G96.?]|P`] TzJUp6lؐ?O~VdJ;z+Yn]o~37< D}_H!K}\r@.y}_N?fuq9M}=/<lٲ/y䗟~8T?h\r uK)4،F9z)#*Wct&n˯+ެY+\r8jLp0^zi2w#lHϓO>=~<tH1CI|a-3Lݻ+~V\\Жw۶mG}TaXʟs8y# \0={N|ݻwo̮1KNqt\'ꢋ.Jo\\b%BHDȉpr9d]r%ɳ>{Pm̙믿>s=7lq9F{bTt@##\r81\ZAk_Zg$\\=C>qJFpJkyꩧx^of*K_mѨ>l][l>^STT\"dő;::>s$c@Fśq%bJt\Z*.T#	8f͚-Ǌȓ\ni9p+{w.lNǹX\\KÑ58sQNa&_/,.^IOy9UQ|+pNE@*wjC3gokkEƥ!_S8wygv9z4#8(N.mݺuE=\Z5tUxJ	8=f]@͛7jǇ;΄81{)=D)]S>Xױ\'7|sv],N/}KJ(8}J8qb)@k|\"ׅf_=*x֡<D[6DYhQqKڀSŞUGE&\r&2^T<ʕ+\\WMҚT8T\rTej8tUܯd (bkfCNɉ-R&*\rOwyuG	8HNZ%N\'\'3ULCctKOiѓT3=grq&kn\0G	8{ύ}Ad%&Fm-8C]#AsW펳ggƹP8#(\0GQ\0\0G\0Gp\0@Q\0\0G	8\08\0#\0\0G	8\08p\0p\0G\0Gp\0p%\0 8J@p\0p\0[:\0pqETOOϿg8\0*]?&dM=i?\0g굝HQ5xw7\08\0\0\0\08\0\0\0\0 \0\08\0\0 \0\08\0\0\0\08\0\0\0\0 \0\08\0\0\0 \0\08\0\0\0\0 \0\0꾀s\0h3i-z\0hp9$\0\0nNw=\0@]4!&ݚ\0$ImwNΘ1#E?<dC=LZ+6b$\0jl-[oO~$/rӓ?~<	񵷷7ӟ(я~ُwgϞ=+xJhz\0+\r23`,|\'pmݺ5뮻>3gΎ)S\\$T<\";*\0(I+VX;wdʕR/B2sct4&U\00Zf[~;\rncf	RnAq\0L\\1r&Ԍyg>1hM/571-5Z#7FrMv8\r94X@5k%Jg1\0T*NĚjժc[<\\[)+^޾\r9OJ,_Rߒv7l©rHBJRA)n&\0#Fo87+x-\'lgQ.rm\0caq5Wj̙N:^^δ]ER.7ܔU\0PN~aɒ%I--^xk\Zpkam!t!pS||g!rRqZz饗Mz8Z}J97p&\0ʉg8pi[DL\Zr!Uj\048+x~ZKz8jGLʅjMiȱ&\0}<#TU}σ*_+3r뫱g7\Z	ozرcd畖k364CTr0@#8\00[oD߿u4ؔf\rHB58\0P{Y뽨^|[{Qmimm v/U%!^T\0P/~%>Wqp\Zvtǹǹ88\0PO~-|Z#okk{d\\Ӎ ~|{Z0\0b޼y^sQϤfS|Tzᆜ\0~)wq\Znkk{	&#9E\'U~g4gΜm+Wt}bµ.ra\rv?@bM̙3cnm۶\"}4X:]dڤw._}Μ9jٷo4pBNM\0hoo9{죣5#7nZZZ@/hђG~Ǉ_6Қ1_jLKh59mmms9k87k֬y.\rHĂ&_s3ܐR\00A:3f}@~8qf[{ｫwEQ&[RN3ZIWZ[[oOҴv_ƹMr\n9qG(\0\Z}!n?$\0\0fR\0@S\0hX\0ձH{]fp\0\0\0\0\0@\0p\0\0\0@\0p\0\0\0\0\0@\0\0\0\0@\0p\0\0\0@\0p\0\0\0\0g$9c׮]K_~ONUJ6niuh Խ6mڔ&\'NPTJ6lp$n6T\r@{\\V7ىSmC{\0S:;mzoSb_QWXmzo49z]e:m8Ӑd$ZpJuqgmC\r8{X^XGp\0aΎu\rډm:p\rp\Z6lwN,nL܀m8#(G	8S/X3X\'|&n6@i؀s?\rډm:p\rp\Z6|г-پf)M3q!\0Nݯ>=t<m8Ә㏓/)M3!\0N#8\ZۛtE戵3h 4^I?}ع6q,&}mCF8d\r8چ8\rp|O:\r8چ8\rpFځ3jހmhӰGĴ\rmp%(p%(ptb:1mCp\0G\'6[iLh7u<mӯc;8:1mԵՙ։@3ZnߡGĴ\rmw\'!\nBM4eʔb (mmmmY+<]6y?0	}Qӓl޼9YxqrM7Fs@Q:1mCpsm\ZH>)gy&MqbI,8J\'mh2rS7FkF\"`Ґc$%hFMg\'.\\?\r5R1}hѢKj (Gi5MrJFr6@Q6\\\n^\\s3ikrLUm\"t#{(4C;0ַub:1mCۨ8p8FY>1	8wU.n8\rp\nC---҉Ĵ\rm߇Nm\'c)S8n8\rp\n\')\r8چQmRׯӀ,<z78o0:1G6Ƴ83~#^N\'2։	8چ1m-ckP\ruꫴ\rmcw\neĹ^3j1\r;QYܶk֬nOYVJMX\"k3fyGN?|rcW&i6u$wO~ɒ%\r&N[yc9բ`˖-nq9\rݯ~M(H<|;Ot2^zi;y(z駓ٰa)wy_]ZlYrx>yGg旣k3nm6J.Ovޝm[o5\\h3YeK%E\'}8ss\\W,]|y<_!(n|\'|2\ZX?!!ߟy!*:xW\\uj2.o۶-裏6r1\Zm&Tb>yh6Фgжf/*7kى^:4J?쳓뮻8ZgD׭[7utB>߿?wG&㶙3gf#@E(*7P~O\'hqoն={$W]uUmmmg6Rhsڶ88rb_zTbءE#=GyǳK.t\'bp3\\_})xLj6Ga6>Sɯ}\r:Um`!d8qGGgdΨtV̝;7ڇo05Ex$OTEqh|\Z\'N/n߹s.=8JGbailOy\rNᶙ7(k}j6\\TEy\'ofw?ϲ<J?aQ6mV\Zu$OtN+ cta[,b=yJ[>6H3m&]tQjco|mV>uֆk&>6gokkAbKt21tme#3ygGLC̚5kӈ=[ZX{??AϷnсr(P/S5:^NL̙&_\'.7R\'c]@͛7jG;>)ޜn CԷkoSn/j[\\_	ip\r#䟬cJ\":DncFJ+FсXQa;̅}]]+F&-@ϧ5c4&)[ny	p&u(\"Vr\",Zhkk%Ab!h1ĺ>DO%WҹE{t=ONlSIɃH+W\Z\rLԀZZZ󑜑NWJFnLMtbچ1n#93!\'Ĉ\\5ܽbAqqMT\Z҉iƸuP\"qr`1:O_4T8({d韖=9N1û=8J\'mh03k57 (mcй/蜬$Ĩ@Q:1mCۨkq4wq6q8T~NL6\0%(m@Qp\0tbJQNL\'mh\0tbچ (Gi\0pSp\0tb:1mC\0@\'6\r\0GĴ\rm@Qp\0%(@\'6ӉiЉi%\08JQNL\'m(@\'6\r\0r:i\'vRP6\0ƍ@zzz%vh@[vuׯLG2~Σړ֍چ7kOxW;6\r\0\0\0\0\0\0\0\0\0\0\0\0\0\0\0\0\0\0\0Q\0?!{[߬\0\0\0\0IENDB`',1),('127502',1,'bpmn_xml/脚本任务测试3.bpmn20.xml','127501','<?xml version=\"1.0\" encoding=\"UTF-8\"?>\n<definitions xmlns=\"http://www.omg.org/spec/BPMN/20100524/MODEL\" xmlns:xsi=\"http://www.w3.org/2001/XMLSchema-instance\" xmlns:xsd=\"http://www.w3.org/2001/XMLSchema\" xmlns:flowable=\"http://flowable.org/bpmn\" xmlns:bpmndi=\"http://www.omg.org/spec/BPMN/20100524/DI\" xmlns:omgdc=\"http://www.omg.org/spec/DD/20100524/DC\" xmlns:omgdi=\"http://www.omg.org/spec/DD/20100524/DI\" typeLanguage=\"http://www.w3.org/2001/XMLSchema\" expressionLanguage=\"http://www.w3.org/1999/XPath\" targetNamespace=\"http://www.flowable.org/processdef\">\n  <process id=\"scriptTask\" name=\"脚本任务测试\" isExecutable=\"true\">\n    <documentation>脚本任务测试</documentation>\n    <startEvent id=\"startEvent1\"></startEvent>\n    <scriptTask id=\"sid-05312B2A-20F7-4C02-B222-A0DC2C5446B4\" name=\"脚本任务\" scriptFormat=\"juel\" flowable:autoStoreVariables=\"true\" flowable:resultVariable=\"jacky_juel_rtn_var\">\n      <script><![CDATA[\n    #{echo}\n      ]]></script>\n    </scriptTask>\n    <endEvent id=\"sid-C3FD3A61-109C-4D58-90A1-A15A9C904EFE\"></endEvent>\n    <sequenceFlow id=\"sid-A8B4A876-709E-430C-A2DD-725653213C36\" sourceRef=\"sid-05312B2A-20F7-4C02-B222-A0DC2C5446B4\" targetRef=\"sid-C3FD3A61-109C-4D58-90A1-A15A9C904EFE\"></sequenceFlow>\n    <sequenceFlow id=\"sid-DF0D0C50-D0DA-437F-A80B-C074715A7C15\" sourceRef=\"startEvent1\" targetRef=\"sid-05312B2A-20F7-4C02-B222-A0DC2C5446B4\"></sequenceFlow>\n  </process>\n  <bpmndi:BPMNDiagram id=\"BPMNDiagram_scriptTask\">\n    <bpmndi:BPMNPlane bpmnElement=\"scriptTask\" id=\"BPMNPlane_scriptTask\">\n      <bpmndi:BPMNShape bpmnElement=\"startEvent1\" id=\"BPMNShape_startEvent1\">\n        <omgdc:Bounds height=\"30.0\" width=\"30.0\" x=\"100.0\" y=\"149.0\"></omgdc:Bounds>\n      </bpmndi:BPMNShape>\n      <bpmndi:BPMNShape bpmnElement=\"sid-05312B2A-20F7-4C02-B222-A0DC2C5446B4\" id=\"BPMNShape_sid-05312B2A-20F7-4C02-B222-A0DC2C5446B4\">\n        <omgdc:Bounds height=\"80.0\" width=\"100.0\" x=\"184.0\" y=\"124.0\"></omgdc:Bounds>\n      </bpmndi:BPMNShape>\n      <bpmndi:BPMNShape bpmnElement=\"sid-C3FD3A61-109C-4D58-90A1-A15A9C904EFE\" id=\"BPMNShape_sid-C3FD3A61-109C-4D58-90A1-A15A9C904EFE\">\n        <omgdc:Bounds height=\"28.0\" width=\"28.0\" x=\"329.0\" y=\"150.0\"></omgdc:Bounds>\n      </bpmndi:BPMNShape>\n      <bpmndi:BPMNEdge bpmnElement=\"sid-A8B4A876-709E-430C-A2DD-725653213C36\" id=\"BPMNEdge_sid-A8B4A876-709E-430C-A2DD-725653213C36\">\n        <omgdi:waypoint x=\"283.95000000000005\" y=\"164.0\"></omgdi:waypoint>\n        <omgdi:waypoint x=\"329.0\" y=\"164.0\"></omgdi:waypoint>\n      </bpmndi:BPMNEdge>\n      <bpmndi:BPMNEdge bpmnElement=\"sid-DF0D0C50-D0DA-437F-A80B-C074715A7C15\" id=\"BPMNEdge_sid-DF0D0C50-D0DA-437F-A80B-C074715A7C15\">\n        <omgdi:waypoint x=\"129.94999870963952\" y=\"164.0\"></omgdi:waypoint>\n        <omgdi:waypoint x=\"184.0\" y=\"164.0\"></omgdi:waypoint>\n      </bpmndi:BPMNEdge>\n    </bpmndi:BPMNPlane>\n  </bpmndi:BPMNDiagram>\n</definitions>',0),('127503',1,'bpmn_xml/脚本任务测试3.scriptTask.png','127501','PNG\r\n\Z\n\0\0\0\rIHDR\0\0o\0\0\0\0\0\0\0\0IDATxmlUp_wDcLfԌ8bb/3D6Vdt\"jd0$LhR(Ωy)1( gwmNKiommosާ3\0\0\0\0\0\0\0\0\0\0\0\0\0\0\0\0\0\0\0\0\0\0\0\0\0\0\0\0\0\0\0\0\0\0\0\0\0\0\0\0\0\0\0\0\0\0\0\0\0\0\0\0\0\0\0\0\0\0\0\0\0\0\0\0\0\0\0\0\0\0\0\0\0\0\0\0\0\0\0\0\0\0\0\0\0\0\0\0\0\0\0\0\0\0\0\0\0\0\0\0\0\0\0\0\0\0\0\0\0\0\0\0\0\0\0\0\0\0\0\0\0\0\0\0\0\0\0\0\0\0\0\0\0\0\0\0\0\0\0\0\0\0\0\0\0\0\0\0\0\0\0\0\0\0\0\0\0\0\0\0\0\0\0\0\0\0\0\0\0\0\0\0\0\0\0\0\0Ik׮7o9Y~QԔlڴtLEEnmmM:;;^cFWWWNF[%0	޴V	+Z%s4*aEUhNNl{ήwiK,>x/Xx%3YicƯ;7u޿?&Bx}*Jbހ\0[x[xo@x[x1f$mr&@x4i\0LŴbۂT mo@x@xo@xK$g5k.\\ٳ͜93[iӦ뮻zϟ駟^_o)Kg555tHGw8u+vJC{Ŋ|Ǐw}ŋ͛7\'O=L>$\r{=q;\Z!֭tOGɰ.flLo?MU4x͝;7Ǐ\'ھ}{2o޼㍍tMS!G\'\r\0~g=hڪ3WZ;LV^=wI{\n{R[[|%O=TaÆ믿Nl;rHO-Zvm[>IeˬY/2{I\noCx8|h/]4kUСC~OAM\"QqGpa+/_xﱬ=gΜ)~*VXU܃UӧO?n0S!q[%,kTRy\'PJncFz뭞ۇCK)_q6>olʕ~!)ﾻc2]{t|Jj{\'\\uyq:`9|\'{{}!X`c),[L]bd)#U__=Jۡ+-K\rŌAʨ<X}0Bp\ZҰĔ%K$hѢ1u bޥ؆NNyn3ϔz?̇ҰZ%1彜>=Ʋ;7VE	o=mZ%---%c\"OwY-\r+L,2uwGGGg;ޣنN.2|T31s>iXabu\"SMWQVXxlC)|?Vu`J\nqaL!\'֨m403f8QʻcU[c+rM>dժUy睗۷/&A%]tQv]|םΝ;˓s=wIϺ~ǎuW_}u;֞rPn]n7C5kVo{=~==渌O+VzK/t<5;_uUYo۶m^+؆)#<g]\n>Ø70#9,#2_~gqp\\\\\Z>}z6\"z衬?~>sc\r6ܧ{AϲĈŋ~r	E{g<UyZigx+Uޅ޽{b|>~wwwv}7D}cccvh8`Y6<o{3,3+׬YUޗ\\rIVyocuTW^/[ǈ7-[oݺu/]{X&:V33,}X9fXϚaY̙U6YvɼxM\"$2V;]hD|W?w(xagWVyG%q.H暾`sgȅYۄ~7=P}JmV;%莎~Ç>;;Hyׅ8x!?G(]7|wLރwWLV$\ZJwU~.>_QEHamB[#B4>vT)S{̶Sc$᝿͋/_]xXBxcUW|Xp>I\'\rUsI:c3X8ExϣW]yuGԩS\rzރsBK\'Z5»1]%$>Ig6mZ]ZϰLϰ۪;¹pz_Mݡ/La\'*bNSϢD|/^x/>òpr,>r@ŭ]2ǇUww!Ϋ?m2|>=>)88qǨ+~Z~7;{?D$6j»c:7B<N	<QUZ*)fNƻ^z)1cƏfuvWX=պc۶m=#9{ݺu\ZC&w)?qqWW!>s΅ۛ(,fLZ%MMM{GפHս\Zbo]dIhW}wɵv*dbQX!VL-- \r\ro\r 7 \r\roCx[xހ67 7 \r\roCx[xo\roCx[xo\roCxހހ67 \r\rf9q4*amڴ@gg\0cNs[%0\r6\\oG_Դ77*\Zo٣j}Ŀ\0\0\0\0\0\0\0\0\0\0\0\0PL^:\0\0\0\0IENDB`',1),('132502',1,'bpmn_xml/变量测试流程.bpmn20.xml','132501','<?xml version=\"1.0\" encoding=\"UTF-8\"?>\n<definitions xmlns=\"http://www.omg.org/spec/BPMN/20100524/MODEL\" xmlns:xsi=\"http://www.w3.org/2001/XMLSchema-instance\" xmlns:xsd=\"http://www.w3.org/2001/XMLSchema\" xmlns:flowable=\"http://flowable.org/bpmn\" xmlns:bpmndi=\"http://www.omg.org/spec/BPMN/20100524/DI\" xmlns:omgdc=\"http://www.omg.org/spec/DD/20100524/DC\" xmlns:omgdi=\"http://www.omg.org/spec/DD/20100524/DI\" typeLanguage=\"http://www.w3.org/2001/XMLSchema\" expressionLanguage=\"http://www.w3.org/1999/XPath\" targetNamespace=\"http://www.flowable.org/processdef\">\n  <process id=\"variable\" name=\"变量测试流程\" isExecutable=\"true\">\n    <startEvent id=\"startEvent1\"></startEvent>\n    <userTask id=\"sid-03B2656E-A825-4E7D-B8FE-2EAE46551D3A\" name=\"提交申请\"></userTask>\n    <sequenceFlow id=\"sid-812D6536-BBF3-4799-9A94-F198BCDE8CFA\" sourceRef=\"startEvent1\" targetRef=\"sid-03B2656E-A825-4E7D-B8FE-2EAE46551D3A\"></sequenceFlow>\n    <userTask id=\"sid-A4D2CDB4-A2C4-4527-B1FE-313AAB97B42E\" name=\"经理审批\"></userTask>\n    <sequenceFlow id=\"sid-3AD36AE2-60DD-4757-8707-E74D38C97A44\" sourceRef=\"sid-03B2656E-A825-4E7D-B8FE-2EAE46551D3A\" targetRef=\"sid-A4D2CDB4-A2C4-4527-B1FE-313AAB97B42E\"></sequenceFlow>\n    <endEvent id=\"sid-6363CFF3-6256-4C8F-A574-09B4799735D0\"></endEvent>\n    <sequenceFlow id=\"sid-78A1AAA1-2D53-41FA-ACDA-FEBAEC5F327E\" sourceRef=\"sid-A4D2CDB4-A2C4-4527-B1FE-313AAB97B42E\" targetRef=\"sid-6363CFF3-6256-4C8F-A574-09B4799735D0\"></sequenceFlow>\n  </process>\n  <bpmndi:BPMNDiagram id=\"BPMNDiagram_variable\">\n    <bpmndi:BPMNPlane bpmnElement=\"variable\" id=\"BPMNPlane_variable\">\n      <bpmndi:BPMNShape bpmnElement=\"startEvent1\" id=\"BPMNShape_startEvent1\">\n        <omgdc:Bounds height=\"30.0\" width=\"30.0\" x=\"100.0\" y=\"90.0\"></omgdc:Bounds>\n      </bpmndi:BPMNShape>\n      <bpmndi:BPMNShape bpmnElement=\"sid-03B2656E-A825-4E7D-B8FE-2EAE46551D3A\" id=\"BPMNShape_sid-03B2656E-A825-4E7D-B8FE-2EAE46551D3A\">\n        <omgdc:Bounds height=\"80.0\" width=\"100.0\" x=\"175.0\" y=\"65.0\"></omgdc:Bounds>\n      </bpmndi:BPMNShape>\n      <bpmndi:BPMNShape bpmnElement=\"sid-A4D2CDB4-A2C4-4527-B1FE-313AAB97B42E\" id=\"BPMNShape_sid-A4D2CDB4-A2C4-4527-B1FE-313AAB97B42E\">\n        <omgdc:Bounds height=\"80.0\" width=\"100.0\" x=\"320.0\" y=\"65.0\"></omgdc:Bounds>\n      </bpmndi:BPMNShape>\n      <bpmndi:BPMNShape bpmnElement=\"sid-6363CFF3-6256-4C8F-A574-09B4799735D0\" id=\"BPMNShape_sid-6363CFF3-6256-4C8F-A574-09B4799735D0\">\n        <omgdc:Bounds height=\"28.0\" width=\"28.0\" x=\"465.0\" y=\"91.0\"></omgdc:Bounds>\n      </bpmndi:BPMNShape>\n      <bpmndi:BPMNEdge bpmnElement=\"sid-812D6536-BBF3-4799-9A94-F198BCDE8CFA\" id=\"BPMNEdge_sid-812D6536-BBF3-4799-9A94-F198BCDE8CFA\">\n        <omgdi:waypoint x=\"129.9499984899576\" y=\"105.0\"></omgdi:waypoint>\n        <omgdi:waypoint x=\"175.0\" y=\"105.0\"></omgdi:waypoint>\n      </bpmndi:BPMNEdge>\n      <bpmndi:BPMNEdge bpmnElement=\"sid-3AD36AE2-60DD-4757-8707-E74D38C97A44\" id=\"BPMNEdge_sid-3AD36AE2-60DD-4757-8707-E74D38C97A44\">\n        <omgdi:waypoint x=\"274.95000000000005\" y=\"105.0\"></omgdi:waypoint>\n        <omgdi:waypoint x=\"320.0\" y=\"105.0\"></omgdi:waypoint>\n      </bpmndi:BPMNEdge>\n      <bpmndi:BPMNEdge bpmnElement=\"sid-78A1AAA1-2D53-41FA-ACDA-FEBAEC5F327E\" id=\"BPMNEdge_sid-78A1AAA1-2D53-41FA-ACDA-FEBAEC5F327E\">\n        <omgdi:waypoint x=\"419.95000000000005\" y=\"105.0\"></omgdi:waypoint>\n        <omgdi:waypoint x=\"465.0\" y=\"105.0\"></omgdi:waypoint>\n      </bpmndi:BPMNEdge>\n    </bpmndi:BPMNPlane>\n  </bpmndi:BPMNDiagram>\n</definitions>',0),('132503',1,'bpmn_xml/变量测试流程.variable.png','132501','PNG\r\n\Z\n\0\0\0\rIHDR\0\0\0\0\0\0\0\04Ҳ\0\0IDATx[T՚\0`5Ǩc11>xQ\ni	^1AE\"^:f1%!EF.8\"ȞWX5KV]U]t!C\0\0\0\0\0\0\0\0\0\0\0\0\0\0\0\0\0\0\0\0\0\0\0\0\0\0\0\0\0\0\0\0\0\0\0\0\0\0\0\0\0\0\0\0\0\0\0\0\0\0\0\0\0\0\0\0\0\0\0\0\0\0\0\0\0\0\0\0\0\0\0\0\0\0\0\0\0\0\0\0\0\0\0\0\0\0\0\0\0\0\0\0\0\0\0\0\0\0\0\0\0\0\0\0\0\0\0\0\0\0\0\0\0\0\0\0\0\0\0\0\0\0\0\0\0\0\0ز,;uƍVZh5nٲe\'obH1H˗/:::hvڕ-]tOoC`!hKR| C`!4X?-OŐ6be^\'!UbĐ6b׿6~K-6TbCbhļwl\'/g?ܩmq!14XbտS,	UqCbhļnsUs\'*bH\r.xjb$T]!@bw1$LqfsIC@%\r+jb$T]!dk?z:5-Pw1$K6}6IC@#&_~6|/GO}.@9v[⵪qw1$FHhjǆEٟSդZ<&k!1ib>HLbCbhܓVw#0	VqCb|I95	VqCbĬIbHkb5]C,1!MqdY5k֌zwN4iϽ{pСCw}qm|wMbCbMSS<GOۆ|y۔7#wl<NE}S&LpxlժU۳g!>,/}w<r&1!1T;v o[UA\"/m</?pp:t(/\"{G\Z5jݭ{]Ő;y0/swՖ|ѣSgΜ讻f͚u\\Eܹs}e/1KbH՛[,---ٳ>-Z(ﲟ~+ɓ\'g~{ek?@%K>3fL~7l޼9;\nF񏊻!1ԫy1>T,SN--ݻK+9GHأ40z*/7|PbŐ{?Q%؊o?Pc*F]y\\k&Nn8?~)\'VN_:6t~ޗfϞe):qyao/O|~\nf̘Y_{v6t,1!1r\ZNw7E_\\7==.w/@%fY:(Rፓob8d.y;^mmm;cͨX,P=P(N?\'9:΢LBղĖoVVK\'O\">AaiASSKCCG-=<],cU{ǖo΃eVQڜz,PБK/YOtltSYf\r&>fǎ5-;wȃekQ{?.YbCb?cȇn*Nvcj`҇J^|:QQ{1M&1KbHgm_.kW-Lq$?_\\_Mi1RuV-̰azo߾\r2r4nkN)%ztp¬fΜY/z]}_qZך1cFvW믿ξ.wyǨNchX={vYn!Yގ_|;vl>(j=.CPsٍޘ1cz:_sk4^8>쳳+Sq֍rR3i1G.}oOgf_}\'x\Zƍ+?ʕ+ySG#=ΦO^:޶m\\g1/u*{Ν;kFXG|bjʔ)gQKvsͮrFL\\tEG<quN:LQcȚ;=\'\r>[~޼yYg˯ݟ*rs)_\0cTiӦNIrڴi[ao_|yՂ{.NU&8{6ݵkW:7\\1fc#o馣/Fq齍E8S#	_viDnFLq\r5k֔}WPr<=/UǏ?ήsr՟9MGB6r_zuٲeQ1\'Fq{W.:r_xqÐnۺuko.V<N3s]P*iF%83gN(w~c.׮][F3@PFmmm<D+9Ac6`wCs=zo5ܡnss󷍸QLFuSN9)(85g1Kȫ{ZOˮӵ):c( ޫXZ\\:RKϞ=^+UW ;с*c5<qiuy<XZ[[ۡEky6^ŵJ6l&MT>()۷~)T|<OW\rWK_~yy5%\0~:Q㽉4YSg,駟^Ex1NqS1qW5roLBH?S[z衃5G}*ܱc=MF/:cz|ȑ#4zW{:-_||$xNC9\0sxOR+:j8\"b!H|Y9\'ErڿXR`=)8{*\\TbԨQkc}?zZtZL:dqdՓ~Ǥ_9r/芏sIuFCigw7+ZtWxYbA(cϖžxV>>=*5_ra޷~>)5vK\ZwTĜHh&CcT5ki-^\ZgwzŽZg qe^1/R,^>$(iT}f3.K1{QWb:틐:}T\\\'JE8~w\'[ࣰO8ξ5-玎^-۶myKOԲI:F*bS=*S1#Bt\\:WT#a?Fkqrw?S0eL鲦9&zҡ<Oq/DW5kjj\ZNK#hZZZFF1b⣍u}Őb58?\"Yq\\q=@T=~_O$/ҟb*>p ^$fYzy],Q:&Fi>fb繸rW_͆\r[Ůx{J57pԨQ;W^xc?y8c HCȝ`[n}p[>cҤI_}G[ߎa3!0W|{{<s\r,%fYzG)1_C3R4xS|JPP{8(;IC5(, 1k&\0YbCHw@bŐwMbCb5]C,1!Mq$fYi; 1KbH&1!1H̚⮉!@bŐ,4%f1$\0]Ő$fMq 1K̊,4%f1$\0]Ő\Z%i|Pi-^lٲb۷[׉!m-Zt%K?oI}KnC`!yoӘ΋:-~\Z9)!1\0\0\0\0\0\0\0\0\0\0\0\0\0\0\0\0\0J֨k\0\0\0\0IENDB`',1),('145001',1,'var-待操作人',NULL,'\0sr\0\'com.upsky.flowablestudy.variable.Person\0\0\0\0\0\009\0L\0aget\0Ljava/lang/Integer;L\0namet\0Ljava/lang/String;xpsr\0java.lang.Integer⠤8\0I\0valuexr\0java.lang.Number\0\0xp\0\0\0t\0李四',NULL),('145003',1,'hist.var-待操作人',NULL,'\0sr\0\'com.upsky.flowablestudy.variable.Person\0\0\0\0\0\009\0L\0aget\0Ljava/lang/Integer;L\0namet\0Ljava/lang/String;xpsr\0java.lang.Integer⠤8\0I\0valuexr\0java.lang.Number\0\0xp\0\0\0t\0李四',NULL),('165002',1,'bpmn_xml/历史数据查询.bpmn20.xml','165001','<?xml version=\"1.0\" encoding=\"UTF-8\"?>\n<definitions xmlns=\"http://www.omg.org/spec/BPMN/20100524/MODEL\" xmlns:xsi=\"http://www.w3.org/2001/XMLSchema-instance\" xmlns:xsd=\"http://www.w3.org/2001/XMLSchema\" xmlns:flowable=\"http://flowable.org/bpmn\" xmlns:bpmndi=\"http://www.omg.org/spec/BPMN/20100524/DI\" xmlns:omgdc=\"http://www.omg.org/spec/DD/20100524/DC\" xmlns:omgdi=\"http://www.omg.org/spec/DD/20100524/DI\" typeLanguage=\"http://www.w3.org/2001/XMLSchema\" expressionLanguage=\"http://www.w3.org/1999/XPath\" targetNamespace=\"http://www.flowable.org/processdef\">\n  <process id=\"history\" name=\"历史数据查询\" isExecutable=\"true\">\n    <startEvent id=\"startEvent1\"></startEvent>\n    <userTask id=\"sid-6CA07227-6D5D-4D27-B5DB-49CF3930AED4\" name=\"任务1\" flowable:assignee=\"zhangsan\">\n      <extensionElements>\n        <modeler:initiator-can-complete xmlns:modeler=\"http://flowable.org/modeler\"><![CDATA[false]]></modeler:initiator-can-complete>\n      </extensionElements>\n    </userTask>\n    <sequenceFlow id=\"sid-0EEF1B23-C3DA-4947-A8C8-DF6C69F4BD8F\" sourceRef=\"startEvent1\" targetRef=\"sid-6CA07227-6D5D-4D27-B5DB-49CF3930AED4\"></sequenceFlow>\n    <userTask id=\"sid-6E51E72F-BE56-4337-9E22-A259918197B1\" name=\"任务2\" flowable:assignee=\"lisi\">\n      <extensionElements>\n        <modeler:initiator-can-complete xmlns:modeler=\"http://flowable.org/modeler\"><![CDATA[false]]></modeler:initiator-can-complete>\n      </extensionElements>\n    </userTask>\n    <sequenceFlow id=\"sid-12E3D74D-7114-4138-9B19-C8D021116F1E\" sourceRef=\"sid-6CA07227-6D5D-4D27-B5DB-49CF3930AED4\" targetRef=\"sid-6E51E72F-BE56-4337-9E22-A259918197B1\"></sequenceFlow>\n    <endEvent id=\"sid-39EB8522-A533-43AA-9957-7487D60B2F7E\"></endEvent>\n    <sequenceFlow id=\"sid-60FCE130-6666-4B66-BC69-F666E4BDFF30\" sourceRef=\"sid-6E51E72F-BE56-4337-9E22-A259918197B1\" targetRef=\"sid-39EB8522-A533-43AA-9957-7487D60B2F7E\"></sequenceFlow>\n  </process>\n  <bpmndi:BPMNDiagram id=\"BPMNDiagram_history\">\n    <bpmndi:BPMNPlane bpmnElement=\"history\" id=\"BPMNPlane_history\">\n      <bpmndi:BPMNShape bpmnElement=\"startEvent1\" id=\"BPMNShape_startEvent1\">\n        <omgdc:Bounds height=\"30.0\" width=\"30.0\" x=\"100.0\" y=\"163.0\"></omgdc:Bounds>\n      </bpmndi:BPMNShape>\n      <bpmndi:BPMNShape bpmnElement=\"sid-6CA07227-6D5D-4D27-B5DB-49CF3930AED4\" id=\"BPMNShape_sid-6CA07227-6D5D-4D27-B5DB-49CF3930AED4\">\n        <omgdc:Bounds height=\"80.0\" width=\"100.0\" x=\"175.0\" y=\"138.0\"></omgdc:Bounds>\n      </bpmndi:BPMNShape>\n      <bpmndi:BPMNShape bpmnElement=\"sid-6E51E72F-BE56-4337-9E22-A259918197B1\" id=\"BPMNShape_sid-6E51E72F-BE56-4337-9E22-A259918197B1\">\n        <omgdc:Bounds height=\"80.0\" width=\"100.0\" x=\"320.0\" y=\"138.0\"></omgdc:Bounds>\n      </bpmndi:BPMNShape>\n      <bpmndi:BPMNShape bpmnElement=\"sid-39EB8522-A533-43AA-9957-7487D60B2F7E\" id=\"BPMNShape_sid-39EB8522-A533-43AA-9957-7487D60B2F7E\">\n        <omgdc:Bounds height=\"28.0\" width=\"28.0\" x=\"465.0\" y=\"164.0\"></omgdc:Bounds>\n      </bpmndi:BPMNShape>\n      <bpmndi:BPMNEdge bpmnElement=\"sid-0EEF1B23-C3DA-4947-A8C8-DF6C69F4BD8F\" id=\"BPMNEdge_sid-0EEF1B23-C3DA-4947-A8C8-DF6C69F4BD8F\">\n        <omgdi:waypoint x=\"129.9499984899576\" y=\"178.0\"></omgdi:waypoint>\n        <omgdi:waypoint x=\"174.9999999999917\" y=\"178.0\"></omgdi:waypoint>\n      </bpmndi:BPMNEdge>\n      <bpmndi:BPMNEdge bpmnElement=\"sid-12E3D74D-7114-4138-9B19-C8D021116F1E\" id=\"BPMNEdge_sid-12E3D74D-7114-4138-9B19-C8D021116F1E\">\n        <omgdi:waypoint x=\"274.9499999999907\" y=\"178.0\"></omgdi:waypoint>\n        <omgdi:waypoint x=\"319.9999999999807\" y=\"178.0\"></omgdi:waypoint>\n      </bpmndi:BPMNEdge>\n      <bpmndi:BPMNEdge bpmnElement=\"sid-60FCE130-6666-4B66-BC69-F666E4BDFF30\" id=\"BPMNEdge_sid-60FCE130-6666-4B66-BC69-F666E4BDFF30\">\n        <omgdi:waypoint x=\"419.95000000000005\" y=\"178.0\"></omgdi:waypoint>\n        <omgdi:waypoint x=\"465.0\" y=\"178.0\"></omgdi:waypoint>\n      </bpmndi:BPMNEdge>\n    </bpmndi:BPMNPlane>\n  </bpmndi:BPMNDiagram>\n</definitions>',0),('165003',1,'bpmn_xml/历史数据查询.history.png','165001','PNG\r\n\Z\n\0\0\0\rIHDR\0\0\0\0\0\0\0\0@m\0\0\rIDATxoTu\Zp/kcd؋1&5&b@*\"jBVI\rJW|Y1!1\ZV,BD@ŅM@Z-V0,efz<3<>;9]\0\0\0\0\0\0\0\0\0\0\0\0\0\0\0\0\0\0\0\0\0\0\0\0\0\0\0\0\0\0\0\0\0\0\0\0\0\0\0\0\0\0\0\0\0\0\0\0\0\0\0\0\0\0\0\0\0\0\0\0\0\0\0\0\0\0\0\0\0\0\0\0\0\0\0\0\0\0\0\0\0\0\0\0\0\0\0\0\0\0\0\0\0\0\0\0\0\0\0\0\0\0\0\0\0\0\0\0\0\0\0\0\0\0\0\0\0\0\0\0\0\0\0\0\0\0\0\0\0\0\0\0\0\0\0\0\0\0\0\0\0\0\0\0\0\0\0\0\0\0\0\0\0\0\0\0\0\0\0\0\0\0\0\0\0\0\0\0\0\0\0\0\0\0\0\0\0\0\0\0\0\0\0\0\0\0\0\0\0\0\0\0\0\0\0\0\0\0\0\0\0\0\0\0\0\0\0\0\0\0\0\0\0\0\0\0\0\0\0\0\0\0\0\0\0\0\0\0\0\0\0\0\0\0\0\0\0\0\0\0\0\0\0\0\0\0\0\0\0\0\0\0\0\0\0\0\0\0\0\0\0\0\0\0\0\0\0\0\0TY$۷o͛H֮]\\ƍVRC@E(wuu%===I\Z:~xaÆoҐKz!b%3*lRC@nTJRC@:`N(ho˛\'s\ncT0!=0{OIvXy6j!=,}A\\ß,C@ނyg\r&P\rw=εO̱M\ZzHYzHcqfpᮇ`޳OslC@΂#5mw6j!=,o}{P0cT0!=1!NMmpCzQ0vozm㥱w=<s:g]U6ωZzH\r[iY	f=HVZZ	X]! c<P.52J0!=pWzpWz̂Y).$I+[z\rf&M?>inn>?}مipWY顱􋆆iF/NkOZiLkmi<N%K~ꩧN͘1#y7͛7\'GIN<\'㏓t\'=Й~)S&J0!=T=sZVa>Z>īoyx\nHm߾=5k]ƍCk\"PUKy˖-[w\'˗/>ЪUZYfP444ollonjjJydݺu|L{^7mڔ̟??{^\Z읝M6-ٽ{wRH\n}\'Ow=:oOҡp¡ґ8qDuC>;\'5$V1G#_z+B,ҊtϜ9J8;`[1_P+	&Hz]J]1]mmmvV첟;w]כŜ9s{%XC]J^:KW:K|	cK.KI=G0f=Zݭhw_h}1xsjݪaǎy]fP*aѢEVyW.-oX3/KZ̂Y,P\\Qx]꫊dtE?mrך9]`ARM>ϠdچfP{%e{*ӥQ2gZqIjͲ<kT%rWЂY0!=4=tZ흝Mɿei3qGVu;v\'mC:\nK0f=ƲxO(dW8dZLݭxjw\'/U+M&CcCi?/.}Ҵ̙x1)C{Xi2g&Nx+c9Yok7tMg}jK&O|cǏ/<z={\nndٲeIcc㠯ꪟcܗʝ6mZ19K0p̒%K\n|ŋm۶\rwqyvm~[-k*?{Mn0GC3bgSW^-a\\i` g}kvFF0JOAω\"zW^y.sP%\'477K!g3b?jϽmE>*+[>pԡC}Zxn/}+ZtĶ;c_by;#Orԩ?U\nu\'GYzruB*{F1⊩G}t׭Y&y/|w\\r!Cꟁ^N\\.ꚛϸB]͜9պիZY۷VRW]uU2}v:x`~ꫯNns}w>kn!y饗\nQ\rjO߹so#<r\n`L^HC<=ws_3ԙц{mP\'\r}W4ϸ+\\hmm~\n㒂\\W^yPϝ0aBag}&|_L/`J=].]5\\ҷ{e8\n>?,;f:б=~d8n\Zutt\\l*kkWb~i\\愺uZǋC|_Ν;8{oM\nÇp={oe+x{Kn{c$9<CCCuhw\rX_kZL[|c8+?zHel?t18.vYq\\1ZkyEyNoƮhZfP:9|>.t.;W=0j2qğ\\VI_u۶m[ż}͚5[dZ:f#CYҷȍc!WI&̛7`hf3qV|{{ߟ|ɕ+}$β̂Y顬!bz-5#WFJfk7k%\nkJFY0!=$pWY!@0+]!@0f=w@0f=w@0f=\0]	f=\0w\0,2,2,w%2ܕ`Cp`Cp`Cz0ܕ`CzpWz̂pW; R; CC@^ttt4O!Uo=ƍԑ#G.=ꭇ2[n:;;/ح\"uRC@ap{jK΋u?]ye=\0\0\0\0\0\0\0\0\0\0\0\0\0\0\0\0\0gv߽ؗ\0\0\0\0IENDB`',1),('170002',1,'bpmn_xml/历史数据查询.bpmn20.xml','170001','<?xml version=\"1.0\" encoding=\"UTF-8\"?>\n<definitions xmlns=\"http://www.omg.org/spec/BPMN/20100524/MODEL\" xmlns:xsi=\"http://www.w3.org/2001/XMLSchema-instance\" xmlns:xsd=\"http://www.w3.org/2001/XMLSchema\" xmlns:flowable=\"http://flowable.org/bpmn\" xmlns:bpmndi=\"http://www.omg.org/spec/BPMN/20100524/DI\" xmlns:omgdc=\"http://www.omg.org/spec/DD/20100524/DC\" xmlns:omgdi=\"http://www.omg.org/spec/DD/20100524/DI\" typeLanguage=\"http://www.w3.org/2001/XMLSchema\" expressionLanguage=\"http://www.w3.org/1999/XPath\" targetNamespace=\"http://www.flowable.org/processdef\">\n  <process id=\"history\" name=\"历史数据查询\" isExecutable=\"true\">\n    <startEvent id=\"startEvent1\"></startEvent>\n    <userTask id=\"sid-6CA07227-6D5D-4D27-B5DB-49CF3930AED4\" name=\"任务1\" flowable:assignee=\"zhangsan\">\n      <extensionElements>\n        <modeler:initiator-can-complete xmlns:modeler=\"http://flowable.org/modeler\"><![CDATA[false]]></modeler:initiator-can-complete>\n      </extensionElements>\n    </userTask>\n    <sequenceFlow id=\"sid-0EEF1B23-C3DA-4947-A8C8-DF6C69F4BD8F\" sourceRef=\"startEvent1\" targetRef=\"sid-6CA07227-6D5D-4D27-B5DB-49CF3930AED4\"></sequenceFlow>\n    <userTask id=\"sid-6E51E72F-BE56-4337-9E22-A259918197B1\" name=\"任务2\" flowable:assignee=\"lisi\">\n      <extensionElements>\n        <modeler:initiator-can-complete xmlns:modeler=\"http://flowable.org/modeler\"><![CDATA[false]]></modeler:initiator-can-complete>\n      </extensionElements>\n    </userTask>\n    <sequenceFlow id=\"sid-12E3D74D-7114-4138-9B19-C8D021116F1E\" sourceRef=\"sid-6CA07227-6D5D-4D27-B5DB-49CF3930AED4\" targetRef=\"sid-6E51E72F-BE56-4337-9E22-A259918197B1\"></sequenceFlow>\n    <endEvent id=\"sid-39EB8522-A533-43AA-9957-7487D60B2F7E\"></endEvent>\n    <sequenceFlow id=\"sid-60FCE130-6666-4B66-BC69-F666E4BDFF30\" sourceRef=\"sid-6E51E72F-BE56-4337-9E22-A259918197B1\" targetRef=\"sid-39EB8522-A533-43AA-9957-7487D60B2F7E\"></sequenceFlow>\n  </process>\n  <bpmndi:BPMNDiagram id=\"BPMNDiagram_history\">\n    <bpmndi:BPMNPlane bpmnElement=\"history\" id=\"BPMNPlane_history\">\n      <bpmndi:BPMNShape bpmnElement=\"startEvent1\" id=\"BPMNShape_startEvent1\">\n        <omgdc:Bounds height=\"30.0\" width=\"30.0\" x=\"100.0\" y=\"163.0\"></omgdc:Bounds>\n      </bpmndi:BPMNShape>\n      <bpmndi:BPMNShape bpmnElement=\"sid-6CA07227-6D5D-4D27-B5DB-49CF3930AED4\" id=\"BPMNShape_sid-6CA07227-6D5D-4D27-B5DB-49CF3930AED4\">\n        <omgdc:Bounds height=\"80.0\" width=\"100.0\" x=\"175.0\" y=\"138.0\"></omgdc:Bounds>\n      </bpmndi:BPMNShape>\n      <bpmndi:BPMNShape bpmnElement=\"sid-6E51E72F-BE56-4337-9E22-A259918197B1\" id=\"BPMNShape_sid-6E51E72F-BE56-4337-9E22-A259918197B1\">\n        <omgdc:Bounds height=\"80.0\" width=\"100.0\" x=\"320.0\" y=\"138.0\"></omgdc:Bounds>\n      </bpmndi:BPMNShape>\n      <bpmndi:BPMNShape bpmnElement=\"sid-39EB8522-A533-43AA-9957-7487D60B2F7E\" id=\"BPMNShape_sid-39EB8522-A533-43AA-9957-7487D60B2F7E\">\n        <omgdc:Bounds height=\"28.0\" width=\"28.0\" x=\"465.0\" y=\"164.0\"></omgdc:Bounds>\n      </bpmndi:BPMNShape>\n      <bpmndi:BPMNEdge bpmnElement=\"sid-0EEF1B23-C3DA-4947-A8C8-DF6C69F4BD8F\" id=\"BPMNEdge_sid-0EEF1B23-C3DA-4947-A8C8-DF6C69F4BD8F\">\n        <omgdi:waypoint x=\"129.9499984899576\" y=\"178.0\"></omgdi:waypoint>\n        <omgdi:waypoint x=\"174.9999999999917\" y=\"178.0\"></omgdi:waypoint>\n      </bpmndi:BPMNEdge>\n      <bpmndi:BPMNEdge bpmnElement=\"sid-12E3D74D-7114-4138-9B19-C8D021116F1E\" id=\"BPMNEdge_sid-12E3D74D-7114-4138-9B19-C8D021116F1E\">\n        <omgdi:waypoint x=\"274.9499999999907\" y=\"178.0\"></omgdi:waypoint>\n        <omgdi:waypoint x=\"319.9999999999807\" y=\"178.0\"></omgdi:waypoint>\n      </bpmndi:BPMNEdge>\n      <bpmndi:BPMNEdge bpmnElement=\"sid-60FCE130-6666-4B66-BC69-F666E4BDFF30\" id=\"BPMNEdge_sid-60FCE130-6666-4B66-BC69-F666E4BDFF30\">\n        <omgdi:waypoint x=\"419.95000000000005\" y=\"178.0\"></omgdi:waypoint>\n        <omgdi:waypoint x=\"465.0\" y=\"178.0\"></omgdi:waypoint>\n      </bpmndi:BPMNEdge>\n    </bpmndi:BPMNPlane>\n  </bpmndi:BPMNDiagram>\n</definitions>',0),('170003',1,'bpmn_xml/历史数据查询.history.png','170001','PNG\r\n\Z\n\0\0\0\rIHDR\0\0\0\0\0\0\0\0@m\0\0\rIDATxoTu\Zp/kcd؋1&5&b@*\"jBVI\rJW|Y1!1\ZV,BD@ŅM@Z-V0,efz<3<>;9]\0\0\0\0\0\0\0\0\0\0\0\0\0\0\0\0\0\0\0\0\0\0\0\0\0\0\0\0\0\0\0\0\0\0\0\0\0\0\0\0\0\0\0\0\0\0\0\0\0\0\0\0\0\0\0\0\0\0\0\0\0\0\0\0\0\0\0\0\0\0\0\0\0\0\0\0\0\0\0\0\0\0\0\0\0\0\0\0\0\0\0\0\0\0\0\0\0\0\0\0\0\0\0\0\0\0\0\0\0\0\0\0\0\0\0\0\0\0\0\0\0\0\0\0\0\0\0\0\0\0\0\0\0\0\0\0\0\0\0\0\0\0\0\0\0\0\0\0\0\0\0\0\0\0\0\0\0\0\0\0\0\0\0\0\0\0\0\0\0\0\0\0\0\0\0\0\0\0\0\0\0\0\0\0\0\0\0\0\0\0\0\0\0\0\0\0\0\0\0\0\0\0\0\0\0\0\0\0\0\0\0\0\0\0\0\0\0\0\0\0\0\0\0\0\0\0\0\0\0\0\0\0\0\0\0\0\0\0\0\0\0\0\0\0\0\0\0\0\0\0\0\0\0\0\0\0\0\0\0\0\0\0\0\0\0\0\0\0\0TY$۷o͛H֮]\\ƍVRC@E(wuu%===I\Z:~xaÆoҐKz!b%3*lRC@nTJRC@:`N(ho˛\'s\ncT0!=0{OIvXy6j!=,}A\\ß,C@ނyg\r&P\rw=εO̱M\ZzHYzHcqfpᮇ`޳OslC@΂#5mw6j!=,o}{P0cT0!=1!NMmpCzQ0vozm㥱w=<s:g]U6ωZzH\r[iY	f=HVZZ	X]! c<P.52J0!=pWzpWz̂Y).$I+[z\rf&M?>inn>?}مipWY顱􋆆iF/NkOZiLkmi<N%K~ꩧN͘1#y7͛7\'GIN<\'㏓t\'=Й~)S&J0!=T=sZVa>Z>īoyx\nHm߾=5k]ƍCk\"PUKy˖-[w\'˗/>ЪUZYfP444ollonjjJydݺu|L{^7mڔ̟??{^\Z읝M6-ٽ{wRH\n}\'Ow=:oOҡp¡ґ8qDuC>;\'5$V1G#_z+B,ҊtϜ9J8;`[1_P+	&Hz]J]1]mmmvV첟;w]כŜ9s{%XC]J^:KW:K|	cK.KI=G0f=Zݭhw_h}1xsjݪaǎy]fP*aѢEVyW.-oX3/KZ̂Y,P\\Qx]꫊dtE?mrך9]`ARM>ϠdچfP{%e{*ӥQ2gZqIjͲ<kT%rWЂY0!=4=tZ흝Mɿei3qGVu;v\'mC:\nK0f=ƲxO(dW8dZLݭxjw\'/U+M&CcCi?/.}Ҵ̙x1)C{Xi2g&Nx+c9Yok7tMg}jK&O|cǏ/<z={\nndٲeIcc㠯ꪟcܗʝ6mZ19K0p̒%K\n|ŋm۶\rwqyvm~[-k*?{Mn0GC3bgSW^-a\\i` g}kvFF0JOAω\"zW^y.sP%\'477K!g3b?jϽmE>*+[>pԡC}Zxn/}+ZtĶ;c_by;#Orԩ?U\nu\'GYzruB*{F1⊩G}t׭Y&y/|w\\r!Cꟁ^N\\.ꚛϸB]͜9պիZY۷VRW]uU2}v:x`~ꫯNns}w>kn!y饗\nQ\rjO߹so#<r\n`L^HC<=ws_3ԙц{mP\'\r}W4ϸ+\\hmm~\n㒂\\W^yPϝ0aBag}&|_L/`J=].]5\\ҷ{e8\n>?,;f:б=~d8n\Zutt\\l*kkWb~i\\愺uZǋC|_Ν;8{oM\nÇp={oe+x{Kn{c$9<CCCuhw\rX_kZL[|c8+?zHel?t18.vYq\\1ZkyEyNoƮhZfP:9|>.t.;W=0j2qğ\\VI_u۶m[ż}͚5[dZ:f#CYҷȍc!WI&̛7`hf3qV|{{ߟ|ɕ+}$β̂Y顬!bz-5#WFJfk7k%\nkJFY0!=$pWY!@0+]!@0f=w@0f=w@0f=\0]	f=\0w\0,2,2,w%2ܕ`Cp`Cp`Cz0ܕ`CzpWz̂pW; R; CC@^ttt4O!Uo=ƍԑ#G.=ꭇ2[n:;;/ح\"uRC@ap{jK΋u?]ye=\0\0\0\0\0\0\0\0\0\0\0\0\0\0\0\0\0gv߽ؗ\0\0\0\0IENDB`',1),('177502',1,'bpmn_xml/async.bpmn20.xml','177501','<?xml version=\"1.0\" encoding=\"UTF-8\"?>\n<definitions xmlns=\"http://www.omg.org/spec/BPMN/20100524/MODEL\" xmlns:xsi=\"http://www.w3.org/2001/XMLSchema-instance\" xmlns:xsd=\"http://www.w3.org/2001/XMLSchema\" xmlns:flowable=\"http://flowable.org/bpmn\" xmlns:bpmndi=\"http://www.omg.org/spec/BPMN/20100524/DI\" xmlns:omgdc=\"http://www.omg.org/spec/DD/20100524/DC\" xmlns:omgdi=\"http://www.omg.org/spec/DD/20100524/DI\" typeLanguage=\"http://www.w3.org/2001/XMLSchema\" expressionLanguage=\"http://www.w3.org/1999/XPath\" targetNamespace=\"http://www.flowable.org/processdef\">\n  <process id=\"async\" name=\"async\" isExecutable=\"true\">\n    <documentation>async</documentation>\n    <startEvent id=\"startEvent1\"></startEvent>\n    <userTask id=\"sid-9FF27D30-81F2-4B7F-BF13-674F86EAB592\" name=\"异步任务\" flowable:async=\"true\" flowable:exclusive=\"false\"></userTask>\n    <sequenceFlow id=\"sid-FC4FF059-ED2C-4AA1-9504-4DC00804D1A6\" sourceRef=\"startEvent1\" targetRef=\"sid-9FF27D30-81F2-4B7F-BF13-674F86EAB592\"></sequenceFlow>\n    <endEvent id=\"sid-75A20EF2-77C2-4C53-9758-619A92905464\"></endEvent>\n    <sequenceFlow id=\"sid-8F3822C3-33E1-4F4F-9056-534831787C92\" sourceRef=\"sid-9FF27D30-81F2-4B7F-BF13-674F86EAB592\" targetRef=\"sid-75A20EF2-77C2-4C53-9758-619A92905464\"></sequenceFlow>\n  </process>\n  <bpmndi:BPMNDiagram id=\"BPMNDiagram_async\">\n    <bpmndi:BPMNPlane bpmnElement=\"async\" id=\"BPMNPlane_async\">\n      <bpmndi:BPMNShape bpmnElement=\"startEvent1\" id=\"BPMNShape_startEvent1\">\n        <omgdc:Bounds height=\"30.0\" width=\"30.0\" x=\"100.0\" y=\"163.0\"></omgdc:Bounds>\n      </bpmndi:BPMNShape>\n      <bpmndi:BPMNShape bpmnElement=\"sid-9FF27D30-81F2-4B7F-BF13-674F86EAB592\" id=\"BPMNShape_sid-9FF27D30-81F2-4B7F-BF13-674F86EAB592\">\n        <omgdc:Bounds height=\"80.0\" width=\"100.0\" x=\"175.0\" y=\"138.0\"></omgdc:Bounds>\n      </bpmndi:BPMNShape>\n      <bpmndi:BPMNShape bpmnElement=\"sid-75A20EF2-77C2-4C53-9758-619A92905464\" id=\"BPMNShape_sid-75A20EF2-77C2-4C53-9758-619A92905464\">\n        <omgdc:Bounds height=\"28.0\" width=\"28.0\" x=\"320.0\" y=\"164.0\"></omgdc:Bounds>\n      </bpmndi:BPMNShape>\n      <bpmndi:BPMNEdge bpmnElement=\"sid-FC4FF059-ED2C-4AA1-9504-4DC00804D1A6\" id=\"BPMNEdge_sid-FC4FF059-ED2C-4AA1-9504-4DC00804D1A6\">\n        <omgdi:waypoint x=\"129.9499984899576\" y=\"178.0\"></omgdi:waypoint>\n        <omgdi:waypoint x=\"174.9999999999917\" y=\"178.0\"></omgdi:waypoint>\n      </bpmndi:BPMNEdge>\n      <bpmndi:BPMNEdge bpmnElement=\"sid-8F3822C3-33E1-4F4F-9056-534831787C92\" id=\"BPMNEdge_sid-8F3822C3-33E1-4F4F-9056-534831787C92\">\n        <omgdi:waypoint x=\"274.95000000000005\" y=\"178.0\"></omgdi:waypoint>\n        <omgdi:waypoint x=\"320.0\" y=\"178.0\"></omgdi:waypoint>\n      </bpmndi:BPMNEdge>\n    </bpmndi:BPMNPlane>\n  </bpmndi:BPMNDiagram>\n</definitions>',0),('177503',1,'bpmn_xml/async.async.png','177501','PNG\r\n\Z\n\0\0\0\rIHDR\0\0f\0\0\0\0\0\0)q\0\02IDATx[lTup4&jvwa1FkT[*(4+^֬&ae\r!Ȳ,\n/XV.\"e]DXAΞ	SO;mhgi?3o9sY\0\0\0\0\0\0\0\0\0\0\0\0\0\0\0\0\0\0\0\0\0\0\0\0\0\0\0\0\0\0\0\0\0\0\0\0\0\0\0\0\0\0\0\0\0\0\0\0\0\0\0\0\0\0\0\0\0\0\0\0\0\0\0\0\0\0\0\0\0\0\0\0\0\0\0\0\0\0\0\0\0\0\0\0\0\0\0\0\0\0\0\0\0\0\0\0\0\0\0\0\0\0\0\0\0\0\0\0\0\0\0\0\0\0\0\0\0\0\0\0\0\0\0\0\0\0\0\0\0\0\0\0\0\0\0\0\0\0\0\0\0\0\0\0\0\0\0\0\0\0\0\0\0\0\0\0\0\0\0\0\0\0\0\0\0\0\0\0\0\0\0\0\0\0\0\0\0\0\0\0\0\0\0\0\0\0\0\0\0\0\0\0$I޹s\r6Ԕ,_\\U\ZիW7H喖5iooWTLVZu8\r[0E,M86{%s1`>fa.fqPsb\\R`|do%4N*n}T0GK.l^4S}@@y\'/\nB}B*JO@@yzxL\nf@0f`xs)1*\n11*\n7$[M+ccU0]*\nO\nf` R<H`*qf8cǜ\'Js	߱\"ג?ʅmb[ݳ`̧uςp0%=Xs0i(J\nfY	f@0+ff%wIe˖wygUCC\'=ztr\'#F8q?#;~iV0+|~USS3>=榵##qu4]c?0\ry͚1cƱ?yד\r6$K=5㏓4<+`.w񇴖~2K#0\'xɓ\'g{T6mJLr~ۭsp$\r%UP:(^`{\'YpirWK,Iƌ6Tg,[MMˇl]]]SO%+VHˎ~!{vd̙ɝw5螇h(7770adIؽ{w|رc(`קAz<ȳgF8tP}|^>ӯ9V\r!)G(c*^5Wos,S·ILȱK8뜇L9)w99P\\&p)ӦMWs<]\ZIa;})ӢEҧ]\ZrcSk(ùK\"ݪ\Z?SRnƍ;PO`X)F~lQrS%qyj``^^x̙kvqF_חeqk̘1b6~/s98S_t|MYXe)%ioFRI3gc\nON0rC\'Oζ{g}!IWequ%[nw,lUwfܗ}/ǛzI(e2qAW48К,{A., QvU!9J*W+\\RŕA~`}هj+|_Kz[:G%]H	Uոǘ2F:Q鎹@tʳj$7|sV#Gjq%/.>/cڵی;}߱cGW_,Ec.އrU1ӻ	&WzW_{Ϙ;@ΘcE]!5-[)\"#GĿsv;{t|;mpҒy󲏯dܹƍ\rn]w`>>dLɦNҫ2.]A*c}52?o,?tժUٚծ|9dclfo?+Rx|NrO~xlE!2(ٳ>F1O6m [m< _Zv^mqtŏ?xq;M.|$BG]J0޽{;>϶裏W>d3%{G=~+xϫl_k-7>,8aW_}5K9qTaqmu܎9wb/v̯ǍݎF)q_ę^r&MOtz@Ç;uq;f̘Q4ʈ7tSv;+:/08qbQDw={+Wfk#/8˓^xh-Z쮻<VPڕmtuSW&\"B ɛoݎ͇jMϯB})3BGv_~etC0sٯ.c\'\\]nR1<;~j+;`aE>8ϟ_}tW\\qE1fhhhȶzO\'ۼK>~wsis`wzrIqjd˖-;~r>g͚Um~r̗#;8׀=ՌUxA7kjj%ki,;&CЈ#~Ͽ=Jr.h)Zנ.x,9?pI\'ԩSKZKbu֎\"kDz̥+ץS6jWrr#NdVF?wΣ\\xXUQx/?S\Z\n\Z=6O}xA?V/b\n.Y0XKP>X#cspaj⌾x/\'FنGʱF/s7qS}}7:e˖Ixa(͹`.ױ_Fwb<ѣG644|f͚=oxwN+Y0X;N\'FxO+XUrU\\$%ǏS?YFY0;@0a̀`̀`V̂J0Y0Y	f@0+ff%,3 3 ``̀`V̂J0Y0Y	fϚ੣i0W0zBqԾ}6{%s+VۯM8\\ظ\'[Yi\\vjqWo\0\0\0\0\0\0\0\0\0\0\0\0ЏӜdv\0\0\0\0IENDB`',1),('185002',1,'bpmn_xml/form.bpmn20.xml','185001','<?xml version=\"1.0\" encoding=\"UTF-8\"?>\n<definitions xmlns=\"http://www.omg.org/spec/BPMN/20100524/MODEL\" xmlns:xsi=\"http://www.w3.org/2001/XMLSchema-instance\"\n             xmlns:xsd=\"http://www.w3.org/2001/XMLSchema\" xmlns:flowable=\"http://flowable.org/bpmn\"\n             xmlns:bpmndi=\"http://www.omg.org/spec/BPMN/20100524/DI\"\n             xmlns:omgdc=\"http://www.omg.org/spec/DD/20100524/DC\" xmlns:omgdi=\"http://www.omg.org/spec/DD/20100524/DI\"\n             typeLanguage=\"http://www.w3.org/2001/XMLSchema\" expressionLanguage=\"http://www.w3.org/1999/XPath\"\n             targetNamespace=\"http://www.flowable.org/processdef\">\n    <process id=\"form\" name=\"form\" isExecutable=\"true\">\n        <startEvent id=\"startEvent1\">\n            <extensionElements>\n                <flowable:formProperty id=\"start_date\" name=\"开始时间\" type=\"date\" datePattern=\"yyyy-MM-dd\"\n                                       required=\"true\"></flowable:formProperty>\n                <flowable:formProperty id=\"end_date\" name=\"结束时间\" type=\"date\" datePattern=\"yyyy-MM-dd\"\n                                       required=\"true\"></flowable:formProperty>\n                <flowable:formProperty id=\"reason\" name=\"请假原因\" type=\"string\" required=\"true\"></flowable:formProperty>\n                <flowable:formProperty id=\"days\" name=\"请假的天数\" type=\"long\" required=\"true\"></flowable:formProperty>\n            </extensionElements>\n        </startEvent>\n        <userTask id=\"sid-5E92DDC1-6F91-4FAD-82D5-49F1EDEF9094\" name=\"请假申请\">\n            <extensionElements>\n                <flowable:formProperty id=\"start_date\" name=\"开始时间\" type=\"date\" datePattern=\"yyyy-MM-dd\"\n                                       readable=\"true\"></flowable:formProperty>\n                <flowable:formProperty id=\"end_date\" name=\"结束时间\" type=\"date\" datePattern=\"yyyy-MM-dd\"\n                                       readable=\"true\"></flowable:formProperty>\n                <flowable:formProperty id=\"reason\" name=\"请假原因\" type=\"string\" required=\"true\"></flowable:formProperty>\n                <flowable:formProperty id=\"days\" name=\"请假的天数\" type=\"long\" required=\"true\"></flowable:formProperty>\n            </extensionElements>\n\n\n        </userTask>\n        <sequenceFlow id=\"sid-F60F8E40-938F-4E32-9958-1228AC8B7B4F\" sourceRef=\"startEvent1\"\n                      targetRef=\"sid-5E92DDC1-6F91-4FAD-82D5-49F1EDEF9094\"></sequenceFlow>\n        <userTask id=\"sid-E906AC7B-F856-4E5E-8799-56D5213C9AFA\" name=\"经理审批\"></userTask>\n        <sequenceFlow id=\"sid-F1D5FFCE-C954-4EED-B87E-5B4B3E5A3D47\" sourceRef=\"sid-5E92DDC1-6F91-4FAD-82D5-49F1EDEF9094\"\n                      targetRef=\"sid-E906AC7B-F856-4E5E-8799-56D5213C9AFA\"></sequenceFlow>\n        <endEvent id=\"sid-AB940DA3-B9F0-4EA8-90C9-5B382B71B3CD\"></endEvent>\n        <sequenceFlow id=\"sid-E63416EF-75B0-4206-888C-9BCDFF679211\" sourceRef=\"sid-E906AC7B-F856-4E5E-8799-56D5213C9AFA\"\n                      targetRef=\"sid-AB940DA3-B9F0-4EA8-90C9-5B382B71B3CD\"></sequenceFlow>\n    </process>\n    <bpmndi:BPMNDiagram id=\"BPMNDiagram_form\">\n        <bpmndi:BPMNPlane bpmnElement=\"form\" id=\"BPMNPlane_form\">\n            <bpmndi:BPMNShape bpmnElement=\"startEvent1\" id=\"BPMNShape_startEvent1\">\n                <omgdc:Bounds height=\"30.0\" width=\"30.0\" x=\"75.0\" y=\"75.0\"></omgdc:Bounds>\n            </bpmndi:BPMNShape>\n            <bpmndi:BPMNShape bpmnElement=\"sid-5E92DDC1-6F91-4FAD-82D5-49F1EDEF9094\"\n                              id=\"BPMNShape_sid-5E92DDC1-6F91-4FAD-82D5-49F1EDEF9094\">\n                <omgdc:Bounds height=\"80.0\" width=\"100.0\" x=\"150.0\" y=\"50.0\"></omgdc:Bounds>\n            </bpmndi:BPMNShape>\n            <bpmndi:BPMNShape bpmnElement=\"sid-E906AC7B-F856-4E5E-8799-56D5213C9AFA\"\n                              id=\"BPMNShape_sid-E906AC7B-F856-4E5E-8799-56D5213C9AFA\">\n                <omgdc:Bounds height=\"80.0\" width=\"100.0\" x=\"285.0\" y=\"45.0\"></omgdc:Bounds>\n            </bpmndi:BPMNShape>\n            <bpmndi:BPMNShape bpmnElement=\"sid-AB940DA3-B9F0-4EA8-90C9-5B382B71B3CD\"\n                              id=\"BPMNShape_sid-AB940DA3-B9F0-4EA8-90C9-5B382B71B3CD\">\n                <omgdc:Bounds height=\"28.0\" width=\"28.0\" x=\"430.0\" y=\"71.0\"></omgdc:Bounds>\n            </bpmndi:BPMNShape>\n            <bpmndi:BPMNEdge bpmnElement=\"sid-F60F8E40-938F-4E32-9958-1228AC8B7B4F\"\n                             id=\"BPMNEdge_sid-F60F8E40-938F-4E32-9958-1228AC8B7B4F\">\n                <omgdi:waypoint x=\"104.94999848995758\" y=\"90.0\"></omgdi:waypoint>\n                <omgdi:waypoint x=\"150.0\" y=\"90.0\"></omgdi:waypoint>\n            </bpmndi:BPMNEdge>\n            <bpmndi:BPMNEdge bpmnElement=\"sid-F1D5FFCE-C954-4EED-B87E-5B4B3E5A3D47\"\n                             id=\"BPMNEdge_sid-F1D5FFCE-C954-4EED-B87E-5B4B3E5A3D47\">\n                <omgdi:waypoint x=\"249.94999999999968\" y=\"88.14814814814815\"></omgdi:waypoint>\n                <omgdi:waypoint x=\"284.99999999999983\" y=\"86.85000000000001\"></omgdi:waypoint>\n            </bpmndi:BPMNEdge>\n            <bpmndi:BPMNEdge bpmnElement=\"sid-E63416EF-75B0-4206-888C-9BCDFF679211\"\n                             id=\"BPMNEdge_sid-E63416EF-75B0-4206-888C-9BCDFF679211\">\n                <omgdi:waypoint x=\"384.95000000000005\" y=\"85.0\"></omgdi:waypoint>\n                <omgdi:waypoint x=\"430.0\" y=\"85.0\"></omgdi:waypoint>\n            </bpmndi:BPMNEdge>\n        </bpmndi:BPMNPlane>\n    </bpmndi:BPMNDiagram>\n</definitions>',0),('185003',1,'bpmn_xml/form.form.png','185001','PNG\r\n\Z\n\0\0\0\rIHDR\0\0\0\0\0\0\0\0ōXB\0\0IDATxmlTeAfq%.1?\\c\ZMX#XTҪK\".*֬@X,[y@mZ(VjftLLKN΅<<\\s\r\0\0\0\0\0\0\0\0\0\0\0\0\0\0\0\0\0\0\0\0\0\0\0\0\0\0\0\0\0\0\0\0\0\0\0\0\0\0\0\0\0\0\0\0\0\0\0\0\0\0\0\0\0\0\0\0\0\0\0\0\0\0\0\0\0\0\0\0\0\0\0\0\0\0\0\0\0\0\0\0\0\0\0\0\0\0\0\0\0\0\0\0\0\0\0\0\0\0\0\0\0\0\0\0\0\0\0\0\0\0\0\0\0\0\0\0\0\0\0\0\0\0\0\0\0\0\0\0\0\0\0\0\0\0\0\0\0\0\0\0\0\0\0\0\0\0\0\0\0\0\0\0\0\0\0\0\0\0\0\0\0\0\0\0\0Dqk9rΝ?9555V[[lٲ\nH\0,Eb贷;Xٳ͛qW\0d!Lӌn+\0M\"fcFP{J\0,D5<,+2\ZOh<ITP9#`,tA ƓD9azJ/k:\"\09\'4$\"\'Z;up-㊠4x47c4453\n1*\0J	\0ܠI	\Z*c 4 1F˶G\rcLT\058Xw¼s)\nR\'CPcݳ_5A@PTfzӲ}{k:ǘ\"\0*\'U|C\riF\ri\rA@Pi<AP<Z/-_X5lA@Pi<AP\"\0*\'|#l1FPr[Pi<APZcTT\ZOT\0D&\'*o\0@bA&o\0@&\'M\0$M\ZO*ϟ0f̘Zu\Zs]4vԜ[m\':\"6dbM|H5>_\nh,\\_HCPT#wQ\\?\0dGFCP1@^q,((p|M9q;Nkkm6;vlv!X	\'\0^\n˝v\':::s^a5s<<͘񹾩lҥ̙s~ĉ=\0^yMvdܹˍAT߈?3+f񠟛2eJKHWZgҤI΢E;wS/^tL_8Fp^z/|t<!:w\"4/={vpGpFbyp߾}ԩS/\ZLp&A7RZofzE5,SmDJ]fM?]v@B\Z띒4	*4[3w_oM_ĴaWyyܜA<vcĹkEP1CP\nj;5+V2SidgԬo&h4\r|#4FIYsR\"\r[RsʗyFTǍבp&A7g&??	n\'^7o<\'hGP\'~ɟ~֬Yݪ.keC=zMno7Dc3޼am๗(`Yz??:_<S\nS1CooIPj5ѽzѲG}Dj5K%h\\zSX7z7{|AMTP.<YKe[BiT0h$5\"%<fΤbx,Md+od%|Z\n&m\'xbOeR1<&\Z-7nԿ6Yy\'m[Wf~f_2Ԉ[{>zה5޼NOo~,4\r g!?;v̸\r\\?qai|p\"z5N.05K\'/kjC߾!zwh˾믇>}1b+|нo=\"l2n͛{۝~=Zʹ܏>cN{,EP#\Zjmt櫠?L\ZX̲K.qd켱3NӗfAqӌJT\'[sny\\1וDOXzcOkz>KtuN?t%ڡCGyeeeu]G\"kyWHu_~}|ws]PwȧBJ CCv{eTCNa1{W`1{aIY7u\\!Md>{|?v[ɓN.\\II{,GʘmV673>i8C$U(-椠t4Bt׵ӍDuǎ\n->?~2eϟoʕ+fVuMK~U={c{?:{`h$)I_NI)jWW,P{}SPдYxZdIğTΰasn\03ϸo~Ãj3H֠QRq٤lȐ!lf\Z\'evlVU[ZZC=\'CU=uȑ2f5#> z\r5VwP^^w\r1\'khxk.w-_vԩSÇCMӞp%?{g̘zδiBz⹟4eT?\ZjW/o)ac-ƍUPd};T;M=|#o1Wbi]6l<C|6\rCPyٳP\"a${Y^^^gu{2w1%a/SߘYӇ%M6|MSX^VCսwj\\zԨhSW_NB̟?P+**3lU\nXV(㧟~:6(s[?S@4\rdVAPA6Zjw<{ｮPyנfs;+hl\rkjmiN)۩Ah,APƢpKTT%gM;KJ2ӧv	?S@ p8~MQɴnە׫fܛoOM@AbDPevۈ^.\Z;Z/ml\Z~.,3e7՘Ư|7lذ<[騡zkQ<@B54SsUh\n@A7L+jJ]v[3\r.⥘{nCax/6*#Ԟ$n׬*CUUkk7AP15LU랽(a:UmNkH; `觰FKmmXDYYYSUl.CPO:V#Paվ>|6ge!TiFji攈l֘hM{Fev=\Z]̯L+\\Pq?*&->\n\nk@TY)ݼidۓ*N\Zg{1ڧWdAk~-ђm`;/B~>4\rГy?*&d޿G;xٝNj9VPRXIiiig2UeP\'h4\r|`p~HQHӼN$h@\\5UY֕޻wo@֙nܸq݃N$h@\":JZ\\\\>gΜ[n=f7Fڛ3g\\WPPpd	M|\0HFm5M&o\0\0Ao\0@TA@P1CPI7\r\0 h4\r|\0TAT\0CP1|\0M|\0\0&A7\0\0ATA@P17\0I7\r\0 h4\rA@P1CPTAeL\r\0 h4\r|\01h|bY([likoog\\2Z[[?1qbY(#\Z\Z;sLcTbZ[[{(\"\0ei\'=t\r~1@P1\ZO\0\0r\ZOh<\0$@	\'\0\0h<\0\0\'4\0\0\0\0\0\0\0\0\0\0\0\0\0\0\0\0\0\0\0\0\0\0\0\0\0\0\0\0\0\0\0\0\0\0$[Jl~\0\0\0\0IENDB`',1),('2',1,'员工请假流程模型.bpmn20.xml','1','<?xml version=\"1.0\" encoding=\"UTF-8\"?>\n<definitions xmlns=\"http://www.omg.org/spec/BPMN/20100524/MODEL\" xmlns:xsi=\"http://www.w3.org/2001/XMLSchema-instance\" xmlns:xsd=\"http://www.w3.org/2001/XMLSchema\" xmlns:flowable=\"http://flowable.org/bpmn\" xmlns:bpmndi=\"http://www.omg.org/spec/BPMN/20100524/DI\" xmlns:omgdc=\"http://www.omg.org/spec/DD/20100524/DC\" xmlns:omgdi=\"http://www.omg.org/spec/DD/20100524/DI\" typeLanguage=\"http://www.w3.org/2001/XMLSchema\" expressionLanguage=\"http://www.w3.org/1999/XPath\" targetNamespace=\"http://www.flowable.org/processdef\">\n  <process id=\"holiday\" name=\"员工请假流程模型\" isExecutable=\"true\">\n    <documentation>员工请假流程模型</documentation>\n    <startEvent id=\"startEvent1\" flowable:formKey=\"holiday\"></startEvent>\n    <exclusiveGateway id=\"sid-79696A4A-0E1A-476B-9D66-1CBD2B74EF19\"></exclusiveGateway>\n    <sequenceFlow id=\"sid-CC84B4B8-1BAF-4C40-8CEF-0EA614418528\" sourceRef=\"startEvent1\" targetRef=\"sid-79696A4A-0E1A-476B-9D66-1CBD2B74EF19\"></sequenceFlow>\n    <userTask id=\"sid-66B114EC-A234-42DB-B67B-CC8C3C314111\" name=\"部门主管审批\" flowable:assignee=\"zhangsan\">\n      <extensionElements>\n        <modeler:activiti-idm-assignee xmlns:modeler=\"http://flowable.org/modeler\"><![CDATA[true]]></modeler:activiti-idm-assignee>\n        <modeler:assignee-info-email xmlns:modeler=\"http://flowable.org/modeler\"><![CDATA[zhangsan@upsky.com]]></modeler:assignee-info-email>\n        <modeler:assignee-info-firstname xmlns:modeler=\"http://flowable.org/modeler\"><![CDATA[三]]></modeler:assignee-info-firstname>\n        <modeler:assignee-info-lastname xmlns:modeler=\"http://flowable.org/modeler\"><![CDATA[张]]></modeler:assignee-info-lastname>\n        <modeler:initiator-can-complete xmlns:modeler=\"http://flowable.org/modeler\"><![CDATA[false]]></modeler:initiator-can-complete>\n      </extensionElements>\n    </userTask>\n    <endEvent id=\"sid-BFEA487A-AD0B-405F-8FF9-823DB67A330C\"></endEvent>\n    <sequenceFlow id=\"sid-33BE467F-3E32-425B-92DE-457331BD45CA\" sourceRef=\"sid-66B114EC-A234-42DB-B67B-CC8C3C314111\" targetRef=\"sid-BFEA487A-AD0B-405F-8FF9-823DB67A330C\"></sequenceFlow>\n    <userTask id=\"sid-3F10C5D5-B8E9-4617-81F8-C3A5B0A7CA9B\" name=\"总经理审批\" flowable:candidateUsers=\"lisi\">\n      <extensionElements>\n        <modeler:user-info-email-lisi xmlns:modeler=\"http://flowable.org/modeler\"><![CDATA[lisi@upsky.com]]></modeler:user-info-email-lisi>\n        <modeler:user-info-firstname-lisi xmlns:modeler=\"http://flowable.org/modeler\"><![CDATA[四]]></modeler:user-info-firstname-lisi>\n        <modeler:user-info-lastname-lisi xmlns:modeler=\"http://flowable.org/modeler\"><![CDATA[李]]></modeler:user-info-lastname-lisi>\n        <modeler:activiti-idm-candidate-user xmlns:modeler=\"http://flowable.org/modeler\"><![CDATA[true]]></modeler:activiti-idm-candidate-user>\n        <modeler:initiator-can-complete xmlns:modeler=\"http://flowable.org/modeler\"><![CDATA[false]]></modeler:initiator-can-complete>\n      </extensionElements>\n    </userTask>\n    <userTask id=\"sid-41FE841F-FE49-445D-A566-43A4A41B0F7B\" name=\"总裁审批\" flowable:candidateGroups=\"jishu\">\n      <extensionElements>\n        <modeler:group-info-name-jishu xmlns:modeler=\"http://flowable.org/modeler\"><![CDATA[技术部]]></modeler:group-info-name-jishu>\n        <modeler:activiti-idm-candidate-group xmlns:modeler=\"http://flowable.org/modeler\"><![CDATA[true]]></modeler:activiti-idm-candidate-group>\n        <modeler:initiator-can-complete xmlns:modeler=\"http://flowable.org/modeler\"><![CDATA[false]]></modeler:initiator-can-complete>\n      </extensionElements>\n    </userTask>\n    <sequenceFlow id=\"sid-1F2BAB74-5125-4CE4-ACE0-7AE1A56CCA73\" sourceRef=\"sid-3F10C5D5-B8E9-4617-81F8-C3A5B0A7CA9B\" targetRef=\"sid-41FE841F-FE49-445D-A566-43A4A41B0F7B\"></sequenceFlow>\n    <endEvent id=\"sid-69A3FF20-C12B-4E1E-BA99-2DCC2A17DA71\"></endEvent>\n    <sequenceFlow id=\"sid-C7D60A3F-BCD7-4725-9B3F-03E2A19D91FC\" sourceRef=\"sid-41FE841F-FE49-445D-A566-43A4A41B0F7B\" targetRef=\"sid-69A3FF20-C12B-4E1E-BA99-2DCC2A17DA71\"></sequenceFlow>\n    <sequenceFlow id=\"sid-CD0C8750-F833-47B1-9B02-C74735790D91\" name=\"小于等于3天\" sourceRef=\"sid-79696A4A-0E1A-476B-9D66-1CBD2B74EF19\" targetRef=\"sid-66B114EC-A234-42DB-B67B-CC8C3C314111\">\n      <conditionExpression xsi:type=\"tFormalExpression\"><![CDATA[${form_holiday_outcome==\"小于等于3天\"}]]></conditionExpression>\n    </sequenceFlow>\n    <sequenceFlow id=\"sid-26D30560-CCEE-46C7-82F7-D0D7AA962E82\" name=\"大于3天\" sourceRef=\"sid-79696A4A-0E1A-476B-9D66-1CBD2B74EF19\" targetRef=\"sid-3F10C5D5-B8E9-4617-81F8-C3A5B0A7CA9B\">\n      <conditionExpression xsi:type=\"tFormalExpression\"><![CDATA[${form_holiday_outcome==\"大于3天\"}]]></conditionExpression>\n    </sequenceFlow>\n  </process>\n  <bpmndi:BPMNDiagram id=\"BPMNDiagram_holiday\">\n    <bpmndi:BPMNPlane bpmnElement=\"holiday\" id=\"BPMNPlane_holiday\">\n      <bpmndi:BPMNShape bpmnElement=\"startEvent1\" id=\"BPMNShape_startEvent1\">\n        <omgdc:Bounds height=\"30.0\" width=\"30.0\" x=\"90.0\" y=\"140.0\"></omgdc:Bounds>\n      </bpmndi:BPMNShape>\n      <bpmndi:BPMNShape bpmnElement=\"sid-79696A4A-0E1A-476B-9D66-1CBD2B74EF19\" id=\"BPMNShape_sid-79696A4A-0E1A-476B-9D66-1CBD2B74EF19\">\n        <omgdc:Bounds height=\"40.0\" width=\"40.0\" x=\"165.0\" y=\"135.0\"></omgdc:Bounds>\n      </bpmndi:BPMNShape>\n      <bpmndi:BPMNShape bpmnElement=\"sid-66B114EC-A234-42DB-B67B-CC8C3C314111\" id=\"BPMNShape_sid-66B114EC-A234-42DB-B67B-CC8C3C314111\">\n        <omgdc:Bounds height=\"80.0\" width=\"100.0\" x=\"240.0\" y=\"30.0\"></omgdc:Bounds>\n      </bpmndi:BPMNShape>\n      <bpmndi:BPMNShape bpmnElement=\"sid-BFEA487A-AD0B-405F-8FF9-823DB67A330C\" id=\"BPMNShape_sid-BFEA487A-AD0B-405F-8FF9-823DB67A330C\">\n        <omgdc:Bounds height=\"28.0\" width=\"28.0\" x=\"465.0\" y=\"56.0\"></omgdc:Bounds>\n      </bpmndi:BPMNShape>\n      <bpmndi:BPMNShape bpmnElement=\"sid-3F10C5D5-B8E9-4617-81F8-C3A5B0A7CA9B\" id=\"BPMNShape_sid-3F10C5D5-B8E9-4617-81F8-C3A5B0A7CA9B\">\n        <omgdc:Bounds height=\"80.0\" width=\"100.0\" x=\"240.0\" y=\"195.0\"></omgdc:Bounds>\n      </bpmndi:BPMNShape>\n      <bpmndi:BPMNShape bpmnElement=\"sid-41FE841F-FE49-445D-A566-43A4A41B0F7B\" id=\"BPMNShape_sid-41FE841F-FE49-445D-A566-43A4A41B0F7B\">\n        <omgdc:Bounds height=\"80.0\" width=\"100.0\" x=\"375.0\" y=\"195.0\"></omgdc:Bounds>\n      </bpmndi:BPMNShape>\n      <bpmndi:BPMNShape bpmnElement=\"sid-69A3FF20-C12B-4E1E-BA99-2DCC2A17DA71\" id=\"BPMNShape_sid-69A3FF20-C12B-4E1E-BA99-2DCC2A17DA71\">\n        <omgdc:Bounds height=\"28.0\" width=\"28.0\" x=\"530.0\" y=\"221.0\"></omgdc:Bounds>\n      </bpmndi:BPMNShape>\n      <bpmndi:BPMNEdge bpmnElement=\"sid-26D30560-CCEE-46C7-82F7-D0D7AA962E82\" id=\"BPMNEdge_sid-26D30560-CCEE-46C7-82F7-D0D7AA962E82\">\n        <omgdi:waypoint x=\"185.5\" y=\"174.43809673366835\"></omgdi:waypoint>\n        <omgdi:waypoint x=\"185.5\" y=\"235.0\"></omgdi:waypoint>\n        <omgdi:waypoint x=\"240.0\" y=\"235.0\"></omgdi:waypoint>\n      </bpmndi:BPMNEdge>\n      <bpmndi:BPMNEdge bpmnElement=\"sid-C7D60A3F-BCD7-4725-9B3F-03E2A19D91FC\" id=\"BPMNEdge_sid-C7D60A3F-BCD7-4725-9B3F-03E2A19D91FC\">\n        <omgdi:waypoint x=\"474.94999999992007\" y=\"235.0\"></omgdi:waypoint>\n        <omgdi:waypoint x=\"530.0\" y=\"235.0\"></omgdi:waypoint>\n      </bpmndi:BPMNEdge>\n      <bpmndi:BPMNEdge bpmnElement=\"sid-1F2BAB74-5125-4CE4-ACE0-7AE1A56CCA73\" id=\"BPMNEdge_sid-1F2BAB74-5125-4CE4-ACE0-7AE1A56CCA73\">\n        <omgdi:waypoint x=\"339.95000000000005\" y=\"235.0\"></omgdi:waypoint>\n        <omgdi:waypoint x=\"375.0\" y=\"235.0\"></omgdi:waypoint>\n      </bpmndi:BPMNEdge>\n      <bpmndi:BPMNEdge bpmnElement=\"sid-CC84B4B8-1BAF-4C40-8CEF-0EA614418528\" id=\"BPMNEdge_sid-CC84B4B8-1BAF-4C40-8CEF-0EA614418528\">\n        <omgdi:waypoint x=\"119.9496588110467\" y=\"155.09285545292158\"></omgdi:waypoint>\n        <omgdi:waypoint x=\"165.375\" y=\"155.375\"></omgdi:waypoint>\n      </bpmndi:BPMNEdge>\n      <bpmndi:BPMNEdge bpmnElement=\"sid-CD0C8750-F833-47B1-9B02-C74735790D91\" id=\"BPMNEdge_sid-CD0C8750-F833-47B1-9B02-C74735790D91\">\n        <omgdi:waypoint x=\"185.5\" y=\"135.5\"></omgdi:waypoint>\n        <omgdi:waypoint x=\"185.5\" y=\"70.0\"></omgdi:waypoint>\n        <omgdi:waypoint x=\"240.0\" y=\"70.0\"></omgdi:waypoint>\n      </bpmndi:BPMNEdge>\n      <bpmndi:BPMNEdge bpmnElement=\"sid-33BE467F-3E32-425B-92DE-457331BD45CA\" id=\"BPMNEdge_sid-33BE467F-3E32-425B-92DE-457331BD45CA\">\n        <omgdi:waypoint x=\"339.95000000000005\" y=\"70.0\"></omgdi:waypoint>\n        <omgdi:waypoint x=\"465.0\" y=\"70.0\"></omgdi:waypoint>\n      </bpmndi:BPMNEdge>\n    </bpmndi:BPMNPlane>\n  </bpmndi:BPMNDiagram>\n</definitions>',0),('200002',1,'start.html','200001','<!DOCTYPE html>\n<html>\n<head>\n<meta charset=\"UTF-8\">\n<title>Insert title here</title>\n</head>\n<body>\n<form action=\"/url\" >\n<div class=\"control-group\">\n     <label class=\"control-label\" for=\"startDate\">开始时间：</label>\n     <div class=\"controls\">\n         <input type=\"text\" id=\"startDate\" name=\"startDate\" class=\"datepicker\" data-date-format=\"yyyy-MM-dd\" required  />\n     </div>\n </div>\n <div class=\"control-group\">\n     <label class=\"control-label\" for=\"endDate\">结束时间：</label>\n     <div class=\"controls\">\n         <input type=\"text\" id=\"endDate\" name=\"endDate\" class=\"datepicker\" data-date-format=\"yyyy-MM-dd\" required  />\n     </div>\n </div>\n <div class=\"control-group\">\n     <label class=\"control-label\" for=\"reason\">请假原因：</label>\n     <div class=\"controls\">\n         <textarea id=\"reason\" name=\"reason\" required  >\n         </textarea>\n     </div>\n </div>\n</form>\n</body>\n</html>',0),('200003',1,'task.html','200001','<!DOCTYPE html>\n<html>\n<head>\n<meta charset=\"UTF-8\">\n<title>Insert title here</title>\n</head>\n<body>\n<form action=\"/url\" >\n<div class=\"control-group\">\n     <label class=\"control-label\" for=\"startDate\">开始时间：</label>\n     <div class=\"controls\">\n         <input type=\"text\" id=\"startDate\" name=\"startDate\" class=\"datepicker\" data-date-format=\"yyyy-MM-dd\" required value=\"${startDate}\" />\n     </div>\n </div>\n <div class=\"control-group\">\n     <label class=\"control-label\" for=\"endDate\">结束时间：</label>\n     <div class=\"controls\">\n         <input type=\"text\" id=\"endDate\" name=\"endDate\" class=\"datepicker\" data-date-format=\"yyyy-MM-dd\" required  value=\"${endDate}\"/>\n     </div>\n </div>\n <div class=\"control-group\">\n     <label class=\"control-label\" for=\"reason\">请假原因：</label>\n     <div class=\"controls\">\n         <textarea id=\"reason\" name=\"reason\" required  >\n         ${reason}\n         </textarea>\n     </div>\n </div>\n</form>\n</body>\n</html>',0),('200004',1,'bpmn_xml/formkey2.bpmn20.xml','200001','<?xml version=\"1.0\" encoding=\"UTF-8\"?>\n<definitions xmlns=\"http://www.omg.org/spec/BPMN/20100524/MODEL\" xmlns:xsi=\"http://www.w3.org/2001/XMLSchema-instance\" xmlns:xsd=\"http://www.w3.org/2001/XMLSchema\" xmlns:flowable=\"http://flowable.org/bpmn\" xmlns:bpmndi=\"http://www.omg.org/spec/BPMN/20100524/DI\" xmlns:omgdc=\"http://www.omg.org/spec/DD/20100524/DC\" xmlns:omgdi=\"http://www.omg.org/spec/DD/20100524/DI\" typeLanguage=\"http://www.w3.org/2001/XMLSchema\" expressionLanguage=\"http://www.w3.org/1999/XPath\" targetNamespace=\"http://www.flowable.org/processdef\">\n  <process id=\"formkey2\" name=\"formkey2\" isExecutable=\"true\">\n    <documentation>formkey2</documentation>\n    <startEvent id=\"startEvent1\" flowable:formKey=\"start.html\"></startEvent>\n    <userTask id=\"sid-03FFE656-10E2-4E8A-A92B-1EA78ED614B4\" name=\"第一个任务节点\" flowable:formKey=\"task.html\"></userTask>\n    <sequenceFlow id=\"sid-C31549A5-0283-4E92-BFCE-041C752343A3\" sourceRef=\"startEvent1\" targetRef=\"sid-03FFE656-10E2-4E8A-A92B-1EA78ED614B4\"></sequenceFlow>\n    <userTask id=\"sid-4CD86265-1E97-4CC7-99BD-689F65C4C297\" name=\"第二个任务节点\" flowable:formKey=\"task2.html\"></userTask>\n    <sequenceFlow id=\"sid-4152E673-0E8F-437B-8DCB-D35A664F6201\" sourceRef=\"sid-03FFE656-10E2-4E8A-A92B-1EA78ED614B4\" targetRef=\"sid-4CD86265-1E97-4CC7-99BD-689F65C4C297\"></sequenceFlow>\n    <endEvent id=\"sid-30100D78-929C-45A7-9C06-1589C50E7E19\"></endEvent>\n    <sequenceFlow id=\"sid-16E5B972-45BF-4B58-A023-688C7EFF1CD8\" sourceRef=\"sid-4CD86265-1E97-4CC7-99BD-689F65C4C297\" targetRef=\"sid-30100D78-929C-45A7-9C06-1589C50E7E19\"></sequenceFlow>\n  </process>\n  <bpmndi:BPMNDiagram id=\"BPMNDiagram_formkey2\">\n    <bpmndi:BPMNPlane bpmnElement=\"formkey2\" id=\"BPMNPlane_formkey2\">\n      <bpmndi:BPMNShape bpmnElement=\"startEvent1\" id=\"BPMNShape_startEvent1\">\n        <omgdc:Bounds height=\"30.0\" width=\"30.0\" x=\"75.0\" y=\"105.0\"></omgdc:Bounds>\n      </bpmndi:BPMNShape>\n      <bpmndi:BPMNShape bpmnElement=\"sid-03FFE656-10E2-4E8A-A92B-1EA78ED614B4\" id=\"BPMNShape_sid-03FFE656-10E2-4E8A-A92B-1EA78ED614B4\">\n        <omgdc:Bounds height=\"80.0\" width=\"100.0\" x=\"150.0\" y=\"80.0\"></omgdc:Bounds>\n      </bpmndi:BPMNShape>\n      <bpmndi:BPMNShape bpmnElement=\"sid-4CD86265-1E97-4CC7-99BD-689F65C4C297\" id=\"BPMNShape_sid-4CD86265-1E97-4CC7-99BD-689F65C4C297\">\n        <omgdc:Bounds height=\"80.0\" width=\"100.0\" x=\"295.0\" y=\"80.0\"></omgdc:Bounds>\n      </bpmndi:BPMNShape>\n      <bpmndi:BPMNShape bpmnElement=\"sid-30100D78-929C-45A7-9C06-1589C50E7E19\" id=\"BPMNShape_sid-30100D78-929C-45A7-9C06-1589C50E7E19\">\n        <omgdc:Bounds height=\"28.0\" width=\"28.0\" x=\"440.0\" y=\"106.0\"></omgdc:Bounds>\n      </bpmndi:BPMNShape>\n      <bpmndi:BPMNEdge bpmnElement=\"sid-4152E673-0E8F-437B-8DCB-D35A664F6201\" id=\"BPMNEdge_sid-4152E673-0E8F-437B-8DCB-D35A664F6201\">\n        <omgdi:waypoint x=\"249.9499999999637\" y=\"120.0\"></omgdi:waypoint>\n        <omgdi:waypoint x=\"294.99999999996646\" y=\"120.0\"></omgdi:waypoint>\n      </bpmndi:BPMNEdge>\n      <bpmndi:BPMNEdge bpmnElement=\"sid-16E5B972-45BF-4B58-A023-688C7EFF1CD8\" id=\"BPMNEdge_sid-16E5B972-45BF-4B58-A023-688C7EFF1CD8\">\n        <omgdi:waypoint x=\"394.95000000000005\" y=\"120.0\"></omgdi:waypoint>\n        <omgdi:waypoint x=\"440.0\" y=\"120.0\"></omgdi:waypoint>\n      </bpmndi:BPMNEdge>\n      <bpmndi:BPMNEdge bpmnElement=\"sid-C31549A5-0283-4E92-BFCE-041C752343A3\" id=\"BPMNEdge_sid-C31549A5-0283-4E92-BFCE-041C752343A3\">\n        <omgdi:waypoint x=\"104.94999848995758\" y=\"120.0\"></omgdi:waypoint>\n        <omgdi:waypoint x=\"150.0\" y=\"120.0\"></omgdi:waypoint>\n      </bpmndi:BPMNEdge>\n    </bpmndi:BPMNPlane>\n  </bpmndi:BPMNDiagram>\n</definitions>',0),('200005',1,'task2.html','200001','<!DOCTYPE html>\r\n<html>\r\n<head>\r\n<meta charset=\"UTF-8\">\r\n<title>Insert title here</title>\r\n</head>\r\n<body>\r\n<form action=\"/url\" >\r\n<div class=\"control-group\">\r\n     <label class=\"control-label\" for=\"startDate\">开始时间：</label>\r\n     <div class=\"controls\">\r\n         <input type=\"text\" id=\"startDate\" name=\"startDate\" class=\"datepicker\" data-date-format=\"yyyy-MM-dd\" required value=\"${startDate}\" />\r\n     </div>\r\n </div>\r\n <div class=\"control-group\">\r\n     <label class=\"control-label\" for=\"endDate\">结束时间：</label>\r\n     <div class=\"controls\">\r\n         <input type=\"text\" id=\"endDate\" name=\"endDate\" class=\"datepicker\" data-date-format=\"yyyy-MM-dd\" required value=\"${endDate}\" />\r\n     </div>\r\n </div>\r\n <div class=\"control-group\">\r\n     <label class=\"control-label\" for=\"reason\">请假原因：</label>\r\n     <div class=\"controls\">\r\n         <textarea id=\"reason\" name=\"reason\" required  >\r\n         ${reason}\r\n         </textarea>\r\n     </div>\r\n </div>\r\n</form>\r\n</body>\r\n</html>\r\n',0),('200006',1,'bpmn_xml/formkey2.formkey2.png','200001','PNG\r\n\Z\n\0\0\0\rIHDR\0\0\0\0\0\0\0\0Z.\0\0IDATxkl$6x5/bc1c\\H+Jh\ZX55D\ZBeYn-x!Ȣx`\"\"t:3|:N/7s\0\0\0\0\0\0\0\0\0\0\0\0\0\0\0\0\0\0\0\0\0\0\0\0\0\0\0\0\0\0\0\0\0\0\0\0\0\0\0\0\0\0\0\0\0\0\0\0\0\0\0\0\0\0\0\0\0\0\0\0\0\0\0\0\0\0\0\0\0\0\0\0\0\0\0\0\0\0\0\0\0\0\0\0\0\0\0\0\0\0\0\0\0\0\0\0\0\0\0\0\0\0\0\0\0\0\0\0\0\0\0\0\0\0\0\0\0\0\0\0\0\0\0\0\0\0\0\0\0\0\0\0\0\0\0\0\0\0\0\0\0\0\0\0\0\0\0\0sIk׮6m#YzQޞlذѤXC0D`vvv&I__1FHv5d\Zq%f)j/lWCx!WbiP`UHC\Z2[\rۇUUfVC0ɮ|d6r\\\'脦\ZRC@Cd9g>auqxՐ\Z>3|TijH\rk446a!514~bЌۄƫ 4\ZRC@mf:XhmNUCj(ch/f&4^52&VD^	;W\r!c\'O\n͸N	M5r?\';?ד6a!5)4B;6:͙4^5f:9sM+8h`#5sxՐ\ZM52f)3S\\ƫ0n`CijH\rCMCh!5M4^Ch!5MT$I~u֖~{}[[3g<2eʔd	ISSӱ.HkTCjh4664cg:z\"q8᪰.ZhSO=ud֬Yolڴ)ٿr$O?MƜ<|=ӦM\ZBS\rʹ뮻)wі2֦o@`~~ᬩ=z4)Ֆ-[G}hKK;RjH\ry^6ChzZ垹dɒ5{ot!5b+VH{e+4\ZRCզaĉ666&<Lf͚믿N~,lrƍɼyﾻA]nG3fHvؑÞ={N:5^CUCjMi<Zp,Xm+šC613h>iKg5JJh\nM5i[tgϞn#.6+5_3JlӍrtN4Pd^\Z\ZFMpy9ybzܹΗ뎣\'|/鎦e˖666Y54^C\r\r_tg#mͷh۩Cŋ[dM>V0TCjh!Ct|emGi!CgWh\nM5Λb5\Z}]gFrP577w6j*tjH\rUs\rřbVߏJFE\Z][QJ*i޼y[teUBTCj\Zki =sӅeŹ4IȥVc@<TCjh,k׭[79\'(Yeoxp6ޮWʳTCjh,kdח{bqcnYF.CTJ|xj/W#4\ZRCcYC?/!D:{-d{LЬXCtNe4ycvȌ8^{P	;;;Po^+{xr-%oԩ\'\\w{ܹ3O,YL8{!GydX?WVԐ\Z*[\ro-1cF_A*{BXg\\A7]WW׈/ꫯ>(9bEe_wu͛7;|\'|~M7pݻwgSum_~7ghlzr%dg;묳_|CS\rאmubΜ9;+Wʕ+Jjs8,\Z{n6˗/.ǊBW_}}\\xqYf)===㵵e8}_}Փ9~rl\'F\\[xb~]>C\ZleLj(ncҤI#Pܭ_^\rx\r٫N<oU8eUvfJ,Z*/-F\n?sFtڵk*E\\4k8%\'|2o||1k֬y?kf֭38#+\\sMIKUc^C\rM\r_\r9N<wZ3W8qWx&,vttdxI\\ȷE(X^~k1kf&]tQq9y1[b`,b?G7G;DKm8}rU<vXy;>ߥ?)#PCj6k(\\fJ3WٳgOռrzϡnwɗ(^Le޽]u^zih?-[GfΜy\Zh3n?PorW\\ͺ\nw/o͘xVCCjȹ\ns=w<CG*0=R\\N7dK^138ϝgyH(4Kvsi\0Ih?vΖ%{UCjwߝ(cޝB:ۓ鶃le۶m^O*ߋt$KS-\r5k,jq[Z|},U>3^5N=xho:	;Z8ۭռ\';vJMbI=.տPC.˖*}86b\ntc5n)&nk.eˎc@;!_\\NVC\'˺zPu:\ru7s-ܮSy]3\ZәOemiX|%RB3B\"k ʯg+Q@<wĶEilΜ9%mO1Wxxu]ʶ|n|[e4<KYF;\Z\Zl[\Z\Z\Z\Z&;Z3.;t-1WRccciz5n4ݴH9Ϯ\ZRCU6R|cop$J{9v*ܦ&_I`C/by9.BSh!5TyC3\Zp\'وlqFXxWɓ\'Ztz曾\nhiiڼysP]jջi866)4Ր\Zּ.<h6yBo<eʔ?++Ĺ\'XO`jᄦTCjx>2[y]/~>+tw[Eq8gVp\"4\ZRC\ZTC\Z!4Ր\ZTCBx\r5M 4\rxA5\ZRCjxA54^ϝ\ZTCjk!xTCjBS\r\Z/hTCjBS\r\Z/MC5 4\ZRC44^CjH\rBSh!Cx\r5NGGq8\r#jo5ʆ\rtww*44!c+k֬eݺuzR\"0v5d\Zq\'G}*XCFGݷr`!5\0\0\0\0\0\0\0\0\0\0\0\0\0\0\0\0T!{\0\0\0\0IENDB`',1),('25002',1,'简易请假流程.bpmn20.xml','25001','<?xml version=\"1.0\" encoding=\"UTF-8\"?>\n<definitions xmlns=\"http://www.omg.org/spec/BPMN/20100524/MODEL\" xmlns:xsi=\"http://www.w3.org/2001/XMLSchema-instance\" xmlns:xsd=\"http://www.w3.org/2001/XMLSchema\" xmlns:flowable=\"http://flowable.org/bpmn\" xmlns:bpmndi=\"http://www.omg.org/spec/BPMN/20100524/DI\" xmlns:omgdc=\"http://www.omg.org/spec/DD/20100524/DC\" xmlns:omgdi=\"http://www.omg.org/spec/DD/20100524/DI\" typeLanguage=\"http://www.w3.org/2001/XMLSchema\" expressionLanguage=\"http://www.w3.org/1999/XPath\" targetNamespace=\"http://www.flowable.org/processdef\">\n  <process id=\"holiday\" name=\"简易请假流程\" isExecutable=\"true\">\n    <documentation>简易请假流程模型</documentation>\n    <startEvent id=\"startEvent1\"></startEvent>\n    <userTask id=\"sid-DD60A13D-D833-4080-99DE-B1BAFDCDF858\" name=\"员工请假申请\" flowable:assignee=\"张三\">\n      <extensionElements>\n        <modeler:initiator-can-complete xmlns:modeler=\"http://flowable.org/modeler\"><![CDATA[false]]></modeler:initiator-can-complete>\n      </extensionElements>\n    </userTask>\n    <userTask id=\"sid-7BCBAD25-1508-4608-A612-F98F7D035903\" name=\"审批【部门经理】\" flowable:assignee=\"李四\">\n      <extensionElements>\n        <modeler:initiator-can-complete xmlns:modeler=\"http://flowable.org/modeler\"><![CDATA[false]]></modeler:initiator-can-complete>\n      </extensionElements>\n    </userTask>\n    <sequenceFlow id=\"sid-3E8AE3E6-8CE3-4770-A585-4B67C935C072\" sourceRef=\"startEvent1\" targetRef=\"sid-DD60A13D-D833-4080-99DE-B1BAFDCDF858\"></sequenceFlow>\n    <sequenceFlow id=\"sid-5EB502B1-7F58-473B-BB6F-B5C4A2515845\" sourceRef=\"sid-DD60A13D-D833-4080-99DE-B1BAFDCDF858\" targetRef=\"sid-7BCBAD25-1508-4608-A612-F98F7D035903\"></sequenceFlow>\n    <userTask id=\"sid-ED7F2976-7615-4340-AD23-D72208391A66\" name=\"审批【总经理】\" flowable:assignee=\"王五\">\n      <extensionElements>\n        <modeler:initiator-can-complete xmlns:modeler=\"http://flowable.org/modeler\"><![CDATA[false]]></modeler:initiator-can-complete>\n      </extensionElements>\n    </userTask>\n    <sequenceFlow id=\"sid-5B50E8E8-29B6-43EA-BD07-DF7FC7B0F53F\" sourceRef=\"sid-7BCBAD25-1508-4608-A612-F98F7D035903\" targetRef=\"sid-ED7F2976-7615-4340-AD23-D72208391A66\"></sequenceFlow>\n    <endEvent id=\"sid-821EAC88-6D59-496D-8627-C3B1A363EA9C\"></endEvent>\n    <sequenceFlow id=\"sid-21E622C8-22F2-431E-91E9-7FFF20C904CE\" sourceRef=\"sid-ED7F2976-7615-4340-AD23-D72208391A66\" targetRef=\"sid-821EAC88-6D59-496D-8627-C3B1A363EA9C\"></sequenceFlow>\n  </process>\n  <bpmndi:BPMNDiagram id=\"BPMNDiagram_holiday\">\n    <bpmndi:BPMNPlane bpmnElement=\"holiday\" id=\"BPMNPlane_holiday\">\n      <bpmndi:BPMNShape bpmnElement=\"startEvent1\" id=\"BPMNShape_startEvent1\">\n        <omgdc:Bounds height=\"30.0\" width=\"30.0\" x=\"90.0\" y=\"145.0\"></omgdc:Bounds>\n      </bpmndi:BPMNShape>\n      <bpmndi:BPMNShape bpmnElement=\"sid-DD60A13D-D833-4080-99DE-B1BAFDCDF858\" id=\"BPMNShape_sid-DD60A13D-D833-4080-99DE-B1BAFDCDF858\">\n        <omgdc:Bounds height=\"80.0\" width=\"100.0\" x=\"210.0\" y=\"120.0\"></omgdc:Bounds>\n      </bpmndi:BPMNShape>\n      <bpmndi:BPMNShape bpmnElement=\"sid-7BCBAD25-1508-4608-A612-F98F7D035903\" id=\"BPMNShape_sid-7BCBAD25-1508-4608-A612-F98F7D035903\">\n        <omgdc:Bounds height=\"80.0\" width=\"100.0\" x=\"360.0\" y=\"120.0\"></omgdc:Bounds>\n      </bpmndi:BPMNShape>\n      <bpmndi:BPMNShape bpmnElement=\"sid-ED7F2976-7615-4340-AD23-D72208391A66\" id=\"BPMNShape_sid-ED7F2976-7615-4340-AD23-D72208391A66\">\n        <omgdc:Bounds height=\"80.0\" width=\"100.0\" x=\"510.0\" y=\"120.0\"></omgdc:Bounds>\n      </bpmndi:BPMNShape>\n      <bpmndi:BPMNShape bpmnElement=\"sid-821EAC88-6D59-496D-8627-C3B1A363EA9C\" id=\"BPMNShape_sid-821EAC88-6D59-496D-8627-C3B1A363EA9C\">\n        <omgdc:Bounds height=\"28.0\" width=\"28.0\" x=\"675.0\" y=\"146.0\"></omgdc:Bounds>\n      </bpmndi:BPMNShape>\n      <bpmndi:BPMNEdge bpmnElement=\"sid-5EB502B1-7F58-473B-BB6F-B5C4A2515845\" id=\"BPMNEdge_sid-5EB502B1-7F58-473B-BB6F-B5C4A2515845\">\n        <omgdi:waypoint x=\"309.9499999999581\" y=\"160.0\"></omgdi:waypoint>\n        <omgdi:waypoint x=\"359.9999999999364\" y=\"160.0\"></omgdi:waypoint>\n      </bpmndi:BPMNEdge>\n      <bpmndi:BPMNEdge bpmnElement=\"sid-5B50E8E8-29B6-43EA-BD07-DF7FC7B0F53F\" id=\"BPMNEdge_sid-5B50E8E8-29B6-43EA-BD07-DF7FC7B0F53F\">\n        <omgdi:waypoint x=\"459.9499999999581\" y=\"160.0\"></omgdi:waypoint>\n        <omgdi:waypoint x=\"509.9999999999364\" y=\"160.0\"></omgdi:waypoint>\n      </bpmndi:BPMNEdge>\n      <bpmndi:BPMNEdge bpmnElement=\"sid-21E622C8-22F2-431E-91E9-7FFF20C904CE\" id=\"BPMNEdge_sid-21E622C8-22F2-431E-91E9-7FFF20C904CE\">\n        <omgdi:waypoint x=\"609.95\" y=\"160.0\"></omgdi:waypoint>\n        <omgdi:waypoint x=\"675.0\" y=\"160.0\"></omgdi:waypoint>\n      </bpmndi:BPMNEdge>\n      <bpmndi:BPMNEdge bpmnElement=\"sid-3E8AE3E6-8CE3-4770-A585-4B67C935C072\" id=\"BPMNEdge_sid-3E8AE3E6-8CE3-4770-A585-4B67C935C072\">\n        <omgdi:waypoint x=\"119.94999923927439\" y=\"160.0\"></omgdi:waypoint>\n        <omgdi:waypoint x=\"209.99999999996837\" y=\"160.0\"></omgdi:waypoint>\n      </bpmndi:BPMNEdge>\n    </bpmndi:BPMNPlane>\n  </bpmndi:BPMNDiagram>\n</definitions>',0),('25003',1,'简易请假流程.holiday.png','25001','PNG\r\n\Z\n\0\0\0\rIHDR\0\0\0\0\0\0\0\0]\0\0IDATx	\\՚GDDPDQqDDDGEO\\ݭhD\ZŸo#\">ǌ3Nbbp	11qbggǘ9M^ow~pHuUuuuso54\0\0\0\0\0\0\0\0\0\0\0\0\0\0\0\0\0\0\0\0\0\0\0\0\0\0\0\0\0\0\0\0\0\0\0\0\0\0\0\0\0\0\0\0\0\0\0\0\0\0\0\0\0\0\0\0\0\0\0\0\0\0\0\0\0\0\0\0\0\0\0\0\0\0\0\0\0\0\0\0\0\0\0\0\0\0\0\0\0\0\0\0\0\0\0\0\0\0\0\0\0\0\0\0\0\0\0\0\0\0\0\0\0\0\0\0\0\0\0\0\0\0\0\0\0\0\0\0\0\0\0\0\0\0\0\0\0\0\0\0\0\0\0\0\0\0\0\0\0\0\0\0\0\0\0\0\0\0\0\0\0\0\0\0\0\0\0\0\0\0\0\0\0\0\0\0\0\0\0\0\0\0\0\0\0\0\0\0\0\0\0\0\0\0\0\0\0\0\0\0\0\0\0\0\0\0\0\0\0\0\0\0\0\0\0\0\0\0\0\0\0\0\0\0\0\0\0\0\0\0\0\0\0\0\0\0\0\0\0\0\0\0\0\0\0\0\0\0\0\0\0\0\0\0\0\0\0\0\0\0\0\0\0\0\0\0\0\0\0\0\0\0\0\0\0\0\0\0\0\0\0\0\0\0\0\0\0\0\0\0\0\0\0\0\0\0\0\0\0\0\0\0\0\0\0\0\0\0\0\0\0\0\0\0\0\0\0\0\0\0\0\0\0\0\0\0\0\0\0\0\0\0@?dYUf-X kmm5<ϟ[fue+u\0J \ZΒ%Kl֭\r6d/ޔ7Օԕb1#ᔦlmmmB]J]+!,m3M]J]+!klKt2ue+u\0I_e>S*#.u\ZԕRW\02$o޸&۳O޴ӈ6BQWJ]+Q?:44lf+u_y_M\'n,4uԕu!;l:qf+uh:J]+u%$=$]5MtԕRW\n`ԅKM\'n,4uԕu!5˳OM2.n,4uԕu!9^t:BQWJ]+%[vu_iRWJ]P\'\\+MG]+u\0FGHlʅ]64>q_4RWJ]ؐ4RWQ{2,+uk:}m8ihRWJ]ch:J]+CHd{MG]+ue\0ԕ2+uue,_^X<mڴM\'N6v좋.ʚ+N<y}R>+ԕ\Z\rv̘1WhF>Vcs|lY7Z#,Ϝ9ũSn4iROg~f͚l˖-Yڲ?8Ctv~u}=a^AMfuHt1غ#d߿٫7axwM7T	۷ozjٲe-ܲ.c3RWj$ȃay}D>\ZǻϞ={W\\͙3W믿7ݬc3RWj3fEWMMMٽޛ-\\0o~~ʞwy\'{GK.6(o6<E>k+Vd믿>~\nk:0c+ui@CjK/TYr7n?48rT<ބ	ct4aPWJ]\rb@+}KYk|Tf9Xrg3ʗ^zƼjk:2ԕRWAA..2eJuIE_R{v|TFqkkALsmojjz+h:PWJ]\ry@_Ao@.%^5kֿԯ\rj\nuUiފkĢ5Q	g<qzOMt4ue+uAHnM6ӧO7\\VIzq^N[ƍ[k|?j:Hx>7xc+R t}47qgv3\ZٳggO駟Vo[vmqʕ+>2⾇rH3ͫ?vΝ;7Ѩ7\'>T]^^&z1?J&^ԜN>*g}6GydY|DW\nfZǌ3jŕAr)1fΜ~ll_|z9BsOCrKKKgԩ;*#pm/7|3;;|Sh{w?pz*YM bHbڴi⣦w:/9^k+t42Um#cjp\\zu%}N=J8T._c=ːaÆo޼rkV}%uYՆYfe5曫=\\ue{e{U̯n_hѠ|T\'Nܶnݺ׷EW@蚎SƺP`qqU.Gh΂uq&.aY\rLrw=~n7TCrwUo*u:Cr\n1;^5B\\iue{e{U̿^j\'|T.vSx8v!i:NY*3# Y}ݷLG}T{U\'z⤓Np[\n>c*7uQ#GhNk{:\r#(=+kK?F\n1㬮l\'lQhO_iߺ;\\gGe*Ѓ5`h:\Zj{\'wIsN~0〽O:6`tMrg!9l9r%i混!9FxM6UB~ZM1s,*ߨw.NK.3S\Zw˟vixtU:تc|յ{\"`qy{챕Y/u~^řXW_4\\ӒO-\"`ކ,YRٓF=\rj%%}:`$~ff{^)xfGkfk$]NfCIK.)MJ#\'vx>K;n+{8\'NSx\\;{^)~~M<s|Fx*W&%ެjMrT8jxֈMH׆69~FhmH.Ί~]8BUΒRsbmrо$,Fa>kYwkvz:z)!5iM2\ryhXY[/>FH\0Qxk7!%f|O8n;=Fu P\ZFX}.V\'|\Z-_\\ciw!gUg!\0BlOM?-2eJR+)Ȥۆ{HjuZQ[xqG}t%xg8\\gIIKk\"pե4uGݳ՛Dۢv)j*jvOYnf&54<<yC<t&f0L;	:A658s@\\.崬#@CԢ	DXJ6 fc0SiHfn\\};v..J8\"X=/=fW#|&yPꪌgI=$k5k7\'\r5ˎ\"x&t#?^Ԥ$pm]@~\'mill\'@M&BA,m2hqզ?\Zb.LLrlTsh]6u7,C_W\r%9KJoCroz\\Lr;Ｓ&@HĽl\'577J?^K-^/$Hbe\'$wS̊`kgO?c%mHfS!!,gII!9]6iҤK3zs֓xi==>q];&\ZoBӋQ\\~p\r0qi^t^97U;8`0If3.iYȲeܢG1z%%-J{~1>nCzR|.lI̜`c6ys3ʨe9s5!xui/$Ǻ!$#G0@uMrcv:}Y,mg3fJ\Z\nX$wvn>af2KH],)+k8O:`c:IɏǏ7\'׎4hpv~s˛)$@.p\rۋQyx+% XK:ʫ=LZ裏VAssNg~B_Ic7gCױ(]$t[INk\"w{ԆB{o0S1\Z,)i!dcXx$͂y;mk}[fś|!(R:oP)/C,\\Gs[[ۀ]ۍ؍0N4P2Z6:_<RÎS2K:ESN3@a\"yia]3>e\\ސ\\ϳāv>}w۞ͣ7OQ{g̘1Ҍr_^ [f1\\4550a恚Qyff=\Zx,ue{e{5grQ7qv\"+A!\rwL͛^}տ`=ПbEWU1z8e\Z(!7rG9>p$fRؓKp.S6Ga---.]ޛ ϛ7oz?Eh:03TާRWWW#O\r!b8?رcۦMoMh]\nwZjUǻ#Gij:0S},ue{e{5ю7X>\ZgbWcˎ(ELF=Oll#4C)Sf+++\0MfŚz2K]^^h:0c+u\04CQWJ]+\0!tԕRW\n@H64uԕ!$B+u!\rMG]+ueɀh:J]+CHt4uԕ\04MG]+ue+\0MGQW2+C]\n@tԕuh:PWJ]h:2ԕRW\0!J]+\0Mfuc3RW\n@1C]+uRWJ],/ؒ7mPWJ]zk][[\r~	ƚ5k=o:_+C]+u0.\\x΢E?݌L4Օԕ(|CcY13>ub5uԕ\0\0\0\0\0\0\0\0\0\0\0\0\0\0\0\0\0\0\0\0\0\0\0\0ki݄\0\0\0\0IENDB`',1),('3',1,'员工请假流程模型.holiday.png','1','PNG\r\n\Z\n\0\0\0\rIHDR\0\08\0\0\0\0\0\0\0IDATx/piI1s49Mk4Dk,C \0QOkZ$5\\kW!r\\gSA#P>{fgٙ+dggٙ|~4	\0\0\0\0\0\0\0\0\0\0\0\0\0\0\0\0\0\0\0\0\0\0\0\0\0\0\0\0\0\0\0\0\0\0\0\0\0\0\0\0\0\0\0\0\0\0\0\0\0\0\0\0\0\0\0\0\0\0\0\0\0\0\0\0\0\0 $vZ/ݝtvv\ZWWWWqHCQfӦMIooor	5NuСdÆ\rGҰsV	\0UnBΉZ%\0T)4*JDh\0P׿Hv䍮qP\"\0@C{/ޓj)m\0\rpM^X)8\0xgǺ\r8q`\"\0@\Zp6D\0G	8\00\'\Z,m\0\rpvnAN&8\0p烞m5NOm\0\rpv	%\04fdK<pz*.nL\0hG*~{ヮX8ع6qpWl\Zp\0nFm8\0pg86C*\0]iKPp\0p\0@Q\08J\0G\0f[N4iM+IxZۖ_v^-\0G~/δNԺt u%\r)ӐB\\m2eE^M@Q㮥ej[[J{{{$k׮M{?LG}$7oN/^tM!@QnM\'`3$p>|8>W:Ϝ%0.#7p3o޼lf$~,(\r9Fr\0G	8N)NK-\\\ZjbjѢEUxG	8D\Zn#7Նb)%0bW⚛NK\r5]U\\c\npC-Ng>bXx\0ַ#c>{WB>_hHΖo	8?wl~8KqB/4kV4)8`߹ׯ_?\'Xx.+fys4Y|pęT<MZ4u,~v\rjc&Uy».ۚ\ZjxفIf0+q+n4NcQdŊYgl߾gu;wL暬b??y\'>FluC=%K$V\Z/_>G96.?]|P`] TzJUp6lؐ?O~VdJ;z+Yn]o~37< D}_H!K}\r@.y}_N?fuq9M}=/<lٲ/y䗟~8T?h\r uK)4،F9z)#*Wct&n˯+ެY+\r8jLp0^zi2w#lHϓO>=~<tH1CI|a-3Lݻ+~V\\Жw۶mG}TaXʟs8y# \0={N|ݻwo̮1KNqt\'ꢋ.Jo\\b%BHDȉpr9d]r%ɳ>{Pm̙믿>s=7lq9F{bTt@##\r81\ZAk_Zg$\\=C>qJFpJkyꩧx^of*K_mѨ>l][l>^STT\"dő;::>s$c@Fśq%bJt\Z*.T#	8f͚-Ǌȓ\ni9p+{w.lNǹX\\KÑ58sQNa&_/,.^IOy9UQ|+pNE@*wjC3gokkEƥ!_S8wygv9z4#8(N.mݺuE=\Z5tUxJ	8=f]@͛7jǇ;΄81{)=D)]S>Xױ\'7|sv],N/}KJ(8}J8qb)@k|\"ׅf_=*x֡<D[6DYhQqKڀSŞUGE&\r&2^T<ʕ+\\WMҚT8T\rTej8tUܯd (bkfCNɉ-R&*\rOwyuG	8HNZ%N\'\'3ULCctKOiѓT3=grq&kn\0G	8{ύ}Ad%&Fm-8C]#AsW펳ggƹP8#(\0GQ\0\0G\0Gp\0@Q\0\0G	8\08\0#\0\0G	8\08p\0p\0G\0Gp\0p%\0 8J@p\0p\0[:\0pqETOOϿg8\0*]?&dM=i?\0g굝HQ5xw7\08\0\0\0\08\0\0\0\0 \0\08\0\0 \0\08\0\0\0\08\0\0\0\0 \0\08\0\0\0 \0\08\0\0\0\0 \0\0꾀s\0h3i-z\0hp9$\0\0nNw=\0@]4!&ݚ\0$ImwNΘ1#E?<dC=LZ+6b$\0jl-[oO~$/rӓ?~<	񵷷7ӟ(я~ُwgϞ=+xJhz\0+\r23`,|\'pmݺ5뮻>3gΎ)S\\$T<\";*\0(I+VX;wdʕR/B2sct4&U\00Zf[~;\rncf	RnAq\0L\\1r&Ԍyg>1hM/571-5Z#7FrMv8\r94X@5k%Jg1\0T*NĚjժc[<\\[)+^޾\r9OJ,_Rߒv7l©rHBJRA)n&\0#Fo87+x-\'lgQ.rm\0caq5Wj̙N:^^δ]ER.7ܔU\0PN~aɒ%I--^xk\Zpkam!t!pS||g!rRqZz饗Mz8Z}J97p&\0ʉg8pi[DL\Zr!Uj\048+x~ZKz8jGLʅjMiȱ&\0}<#TU}σ*_+3r뫱g7\Z	ozرcd畖k364CTr0@#8\00[oD߿u4ؔf\rHB58\0P{Y뽨^|[{Qmimm v/U%!^T\0P/~%>Wqp\Zvtǹǹ88\0PO~-|Z#okk{d\\Ӎ ~|{Z0\0b޼y^sQϤfS|Tzᆜ\0~)wq\Znkk{	&#9E\'U~g4gΜm+Wt}bµ.ra\rv?@bM̙3cnm۶\"}4X:]dڤw._}Μ9jٷo4pBNM\0hoo9{죣5#7nZZZ@/hђG~Ǉ_6Қ1_jLKh59mmms9k87k֬y.\rHĂ&_s3ܐR\00A:3f}@~8qf[{ｫwEQ&[RN3ZIWZ[[oOҴv_ƹMr\n9qG(\0\Z}!n?$\0\0fR\0@S\0hX\0ձH{]fp\0\0\0\0\0@\0p\0\0\0@\0p\0\0\0\0\0@\0\0\0\0@\0p\0\0\0@\0p\0\0\0\0g$9c׮]K_~ONUJ6niuh Խ6mڔ&\'NPTJ6lp$n6T\r@{\\V7ىSmC{\0S:;mzoSb_QWXmzo49z]e:m8Ӑd$ZpJuqgmC\r8{X^XGp\0aΎu\rډm:p\rp\Z6lwN,nL܀m8#(G	8S/X3X\'|&n6@i؀s?\rډm:p\rp\Z6|г-پf)M3q!\0Nݯ>=t<m8Ә㏓/)M3!\0N#8\ZۛtE戵3h 4^I?}ع6q,&}mCF8d\r8چ8\rp|O:\r8چ8\rpFځ3jހmhӰGĴ\rmp%(p%(ptb:1mCp\0G\'6[iLh7u<mӯc;8:1mԵՙ։@3ZnߡGĴ\rmw\'!\nBM4eʔb (mmmmY+<]6y?0	}Qӓl޼9YxqrM7Fs@Q:1mCpsm\ZH>)gy&MqbI,8J\'mh2rS7FkF\"`Ґc$%hFMg\'.\\?\r5R1}hѢKj (Gi5MrJFr6@Q6\\\n^\\s3ikrLUm\"t#{(4C;0ַub:1mCۨ8p8FY>1	8wU.n8\rp\nC---҉Ĵ\rm߇Nm\'c)S8n8\rp\n\')\r8چQmRׯӀ,<z78o0:1G6Ƴ83~#^N\'2։	8چ1m-ckP\ruꫴ\rmcw\neĹ^3j1\r;QYܶk֬nOYVJMX\"k3fyGN?|rcW&i6u$wO~ɒ%\r&N[yc9բ`˖-nq9\rݯ~M(H<|;Ot2^zi;y(z駓ٰa)wy_]ZlYrx>yGg旣k3nm6J.Ovޝm[o5\\h3YeK%E\'}8ss\\W,]|y<_!(n|\'|2\ZX?!!ߟy!*:xW\\uj2.o۶-裏6r1\Zm&Tb>yh6Фgжf/*7kى^:4J?쳓뮻8ZgD׭[7utB>߿?wG&㶙3gf#@E(*7P~O\'hqoն={$W]uUmmmg6Rhsڶ88rb_zTbءE#=GyǳK.t\'bp3\\_})xLj6Ga6>Sɯ}\r:Um`!d8qGGgdΨtV̝;7ڇo05Ex$OTEqh|\Z\'N/n߹s.=8JGbailOy\rNᶙ7(k}j6\\TEy\'ofw?ϲ<J?aQ6mV\Zu$OtN+ cta[,b=yJ[>6H3m&]tQjco|mV>uֆk&>6gokkAbKt21tme#3ygGLC̚5kӈ=[ZX{??AϷnсr(P/S5:^NL̙&_\'.7R\'c]@͛7jG;>)ޜn CԷkoSn/j[\\_	ip\r#䟬cJ\":DncFJ+FсXQa;̅}]]+F&-@ϧ5c4&)[ny	p&u(\"Vr\",Zhkk%Ab!h1ĺ>DO%WҹE{t=ONlSIɃH+W\Z\rLԀZZZ󑜑NWJFnLMtbچ1n#93!\'Ĉ\\5ܽbAqqMT\Z҉iƸuP\"qr`1:O_4T8({d韖=9N1û=8J\'mh03k57 (mcй/蜬$Ĩ@Q:1mCۨkq4wq6q8T~NL6\0%(m@Qp\0tbJQNL\'mh\0tbچ (Gi\0pSp\0tb:1mC\0@\'6\r\0GĴ\rm@Qp\0%(@\'6ӉiЉi%\08JQNL\'m(@\'6\r\0r:i\'vRP6\0ƍ@zzz%vh@[vuׯLG2~Σړ֍چ7kOxW;6\r\0\0\0\0\0\0\0\0\0\0\0\0\0\0\0\0\0\0\0Q\0?!{[߬\0\0\0\0IENDB`',1),('30002',1,'简易请假流程.bpmn20.xml','30001','<?xml version=\"1.0\" encoding=\"UTF-8\"?>\n<definitions xmlns=\"http://www.omg.org/spec/BPMN/20100524/MODEL\" xmlns:xsi=\"http://www.w3.org/2001/XMLSchema-instance\" xmlns:xsd=\"http://www.w3.org/2001/XMLSchema\" xmlns:flowable=\"http://flowable.org/bpmn\" xmlns:bpmndi=\"http://www.omg.org/spec/BPMN/20100524/DI\" xmlns:omgdc=\"http://www.omg.org/spec/DD/20100524/DC\" xmlns:omgdi=\"http://www.omg.org/spec/DD/20100524/DI\" typeLanguage=\"http://www.w3.org/2001/XMLSchema\" expressionLanguage=\"http://www.w3.org/1999/XPath\" targetNamespace=\"http://www.flowable.org/processdef\">\n  <process id=\"holiday\" name=\"简易请假流程\" isExecutable=\"true\">\n    <documentation>简易请假流程模型</documentation>\n    <startEvent id=\"startEvent1\"></startEvent>\n    <userTask id=\"sid-DD60A13D-D833-4080-99DE-B1BAFDCDF858\" name=\"员工请假申请\" flowable:assignee=\"张三\">\n      <extensionElements>\n        <modeler:initiator-can-complete xmlns:modeler=\"http://flowable.org/modeler\"><![CDATA[false]]></modeler:initiator-can-complete>\n      </extensionElements>\n    </userTask>\n    <userTask id=\"sid-7BCBAD25-1508-4608-A612-F98F7D035903\" name=\"审批【部门经理】\" flowable:assignee=\"李四\">\n      <extensionElements>\n        <modeler:initiator-can-complete xmlns:modeler=\"http://flowable.org/modeler\"><![CDATA[false]]></modeler:initiator-can-complete>\n      </extensionElements>\n    </userTask>\n    <sequenceFlow id=\"sid-3E8AE3E6-8CE3-4770-A585-4B67C935C072\" sourceRef=\"startEvent1\" targetRef=\"sid-DD60A13D-D833-4080-99DE-B1BAFDCDF858\"></sequenceFlow>\n    <sequenceFlow id=\"sid-5EB502B1-7F58-473B-BB6F-B5C4A2515845\" sourceRef=\"sid-DD60A13D-D833-4080-99DE-B1BAFDCDF858\" targetRef=\"sid-7BCBAD25-1508-4608-A612-F98F7D035903\"></sequenceFlow>\n    <userTask id=\"sid-ED7F2976-7615-4340-AD23-D72208391A66\" name=\"审批【总经理】\" flowable:assignee=\"王五\">\n      <extensionElements>\n        <modeler:initiator-can-complete xmlns:modeler=\"http://flowable.org/modeler\"><![CDATA[false]]></modeler:initiator-can-complete>\n      </extensionElements>\n    </userTask>\n    <sequenceFlow id=\"sid-5B50E8E8-29B6-43EA-BD07-DF7FC7B0F53F\" sourceRef=\"sid-7BCBAD25-1508-4608-A612-F98F7D035903\" targetRef=\"sid-ED7F2976-7615-4340-AD23-D72208391A66\"></sequenceFlow>\n    <endEvent id=\"sid-821EAC88-6D59-496D-8627-C3B1A363EA9C\"></endEvent>\n    <sequenceFlow id=\"sid-21E622C8-22F2-431E-91E9-7FFF20C904CE\" sourceRef=\"sid-ED7F2976-7615-4340-AD23-D72208391A66\" targetRef=\"sid-821EAC88-6D59-496D-8627-C3B1A363EA9C\"></sequenceFlow>\n  </process>\n  <bpmndi:BPMNDiagram id=\"BPMNDiagram_holiday\">\n    <bpmndi:BPMNPlane bpmnElement=\"holiday\" id=\"BPMNPlane_holiday\">\n      <bpmndi:BPMNShape bpmnElement=\"startEvent1\" id=\"BPMNShape_startEvent1\">\n        <omgdc:Bounds height=\"30.0\" width=\"30.0\" x=\"90.0\" y=\"145.0\"></omgdc:Bounds>\n      </bpmndi:BPMNShape>\n      <bpmndi:BPMNShape bpmnElement=\"sid-DD60A13D-D833-4080-99DE-B1BAFDCDF858\" id=\"BPMNShape_sid-DD60A13D-D833-4080-99DE-B1BAFDCDF858\">\n        <omgdc:Bounds height=\"80.0\" width=\"100.0\" x=\"210.0\" y=\"120.0\"></omgdc:Bounds>\n      </bpmndi:BPMNShape>\n      <bpmndi:BPMNShape bpmnElement=\"sid-7BCBAD25-1508-4608-A612-F98F7D035903\" id=\"BPMNShape_sid-7BCBAD25-1508-4608-A612-F98F7D035903\">\n        <omgdc:Bounds height=\"80.0\" width=\"100.0\" x=\"360.0\" y=\"120.0\"></omgdc:Bounds>\n      </bpmndi:BPMNShape>\n      <bpmndi:BPMNShape bpmnElement=\"sid-ED7F2976-7615-4340-AD23-D72208391A66\" id=\"BPMNShape_sid-ED7F2976-7615-4340-AD23-D72208391A66\">\n        <omgdc:Bounds height=\"80.0\" width=\"100.0\" x=\"510.0\" y=\"120.0\"></omgdc:Bounds>\n      </bpmndi:BPMNShape>\n      <bpmndi:BPMNShape bpmnElement=\"sid-821EAC88-6D59-496D-8627-C3B1A363EA9C\" id=\"BPMNShape_sid-821EAC88-6D59-496D-8627-C3B1A363EA9C\">\n        <omgdc:Bounds height=\"28.0\" width=\"28.0\" x=\"675.0\" y=\"146.0\"></omgdc:Bounds>\n      </bpmndi:BPMNShape>\n      <bpmndi:BPMNEdge bpmnElement=\"sid-5EB502B1-7F58-473B-BB6F-B5C4A2515845\" id=\"BPMNEdge_sid-5EB502B1-7F58-473B-BB6F-B5C4A2515845\">\n        <omgdi:waypoint x=\"309.9499999999581\" y=\"160.0\"></omgdi:waypoint>\n        <omgdi:waypoint x=\"359.9999999999364\" y=\"160.0\"></omgdi:waypoint>\n      </bpmndi:BPMNEdge>\n      <bpmndi:BPMNEdge bpmnElement=\"sid-5B50E8E8-29B6-43EA-BD07-DF7FC7B0F53F\" id=\"BPMNEdge_sid-5B50E8E8-29B6-43EA-BD07-DF7FC7B0F53F\">\n        <omgdi:waypoint x=\"459.9499999999581\" y=\"160.0\"></omgdi:waypoint>\n        <omgdi:waypoint x=\"509.9999999999364\" y=\"160.0\"></omgdi:waypoint>\n      </bpmndi:BPMNEdge>\n      <bpmndi:BPMNEdge bpmnElement=\"sid-21E622C8-22F2-431E-91E9-7FFF20C904CE\" id=\"BPMNEdge_sid-21E622C8-22F2-431E-91E9-7FFF20C904CE\">\n        <omgdi:waypoint x=\"609.95\" y=\"160.0\"></omgdi:waypoint>\n        <omgdi:waypoint x=\"675.0\" y=\"160.0\"></omgdi:waypoint>\n      </bpmndi:BPMNEdge>\n      <bpmndi:BPMNEdge bpmnElement=\"sid-3E8AE3E6-8CE3-4770-A585-4B67C935C072\" id=\"BPMNEdge_sid-3E8AE3E6-8CE3-4770-A585-4B67C935C072\">\n        <omgdi:waypoint x=\"119.94999923927439\" y=\"160.0\"></omgdi:waypoint>\n        <omgdi:waypoint x=\"209.99999999996837\" y=\"160.0\"></omgdi:waypoint>\n      </bpmndi:BPMNEdge>\n    </bpmndi:BPMNPlane>\n  </bpmndi:BPMNDiagram>\n</definitions>',0),('30003',1,'简易请假流程.holiday.png','30001','PNG\r\n\Z\n\0\0\0\rIHDR\0\0\0\0\0\0\0\0]\0\0IDATx	\\՚GDDPDQqDDDGEO\\ݭhD\ZŸo#\">ǌ3Nbbp	11qbggǘ9M^ow~pHuUuuuso54\0\0\0\0\0\0\0\0\0\0\0\0\0\0\0\0\0\0\0\0\0\0\0\0\0\0\0\0\0\0\0\0\0\0\0\0\0\0\0\0\0\0\0\0\0\0\0\0\0\0\0\0\0\0\0\0\0\0\0\0\0\0\0\0\0\0\0\0\0\0\0\0\0\0\0\0\0\0\0\0\0\0\0\0\0\0\0\0\0\0\0\0\0\0\0\0\0\0\0\0\0\0\0\0\0\0\0\0\0\0\0\0\0\0\0\0\0\0\0\0\0\0\0\0\0\0\0\0\0\0\0\0\0\0\0\0\0\0\0\0\0\0\0\0\0\0\0\0\0\0\0\0\0\0\0\0\0\0\0\0\0\0\0\0\0\0\0\0\0\0\0\0\0\0\0\0\0\0\0\0\0\0\0\0\0\0\0\0\0\0\0\0\0\0\0\0\0\0\0\0\0\0\0\0\0\0\0\0\0\0\0\0\0\0\0\0\0\0\0\0\0\0\0\0\0\0\0\0\0\0\0\0\0\0\0\0\0\0\0\0\0\0\0\0\0\0\0\0\0\0\0\0\0\0\0\0\0\0\0\0\0\0\0\0\0\0\0\0\0\0\0\0\0\0\0\0\0\0\0\0\0\0\0\0\0\0\0\0\0\0\0\0\0\0\0\0\0\0\0\0\0\0\0\0\0\0\0\0\0\0\0\0\0\0\0\0\0\0\0\0\0\0\0\0\0\0\0\0\0\0\0\0@?dYUf-X kmm5<ϟ[fue+u\0J \ZΒ%Kl֭\r6d/ޔ7Օԕb1#ᔦlmmmB]J]+!,m3M]J]+!klKt2ue+u\0I_e>S*#.u\ZԕRW\02$o޸&۳O޴ӈ6BQWJ]+Q?:44lf+u_y_M\'n,4uԕu!;l:qf+uh:J]+u%$=$]5MtԕRW\n`ԅKM\'n,4uԕu!5˳OM2.n,4uԕu!9^t:BQWJ]+%[vu_iRWJ]P\'\\+MG]+u\0FGHlʅ]64>q_4RWJ]ؐ4RWQ{2,+uk:}m8ihRWJ]ch:J]+CHd{MG]+ue\0ԕ2+uue,_^X<mڴM\'N6v좋.ʚ+N<y}R>+ԕ\Z\rv̘1WhF>Vcs|lY7Z#,Ϝ9ũSn4iROg~f͚l˖-Yڲ?8Ctv~u}=a^AMfuHt1غ#d߿٫7axwM7T	۷ozjٲe-ܲ.c3RWj$ȃay}D>\ZǻϞ={W\\͙3W믿7ݬc3RWj3fEWMMMٽޛ-\\0o~~ʞwy\'{GK.6(o6<E>k+Vd믿>~\nk:0c+ui@CjK/TYr7n?48rT<ބ	ct4aPWJ]\rb@+}KYk|Tf9Xrg3ʗ^zƼjk:2ԕRWAA..2eJuIE_R{v|TFqkkALsmojjz+h:PWJ]\ry@_Ao@.%^5kֿԯ\rj\nuUiފkĢ5Q	g<qzOMt4ue+uAHnM6ӧO7\\VIzq^N[ƍ[k|?j:Hx>7xc+R t}47qgv3\ZٳggO駟Vo[vmqʕ+>2⾇rH3ͫ?vΝ;7Ѩ7\'>T]^^&z1?J&^ԜN>*g}6GydY|DW\nfZǌ3jŕAr)1fΜ~ll_|z9BsOCrKKKgԩ;*#pm/7|3;;|Sh{w?pz*YM bHbڴi⣦w:/9^k+t42Um#cjp\\zu%}N=J8T._c=ːaÆo޼rkV}%uYՆYfe5曫=\\ue{e{U̯n_hѠ|T\'Nܶnݺ׷EW@蚎SƺP`qqU.Gh΂uq&.aY\rLrw=~n7TCrwUo*u:Cr\n1;^5B\\iue{e{U̿^j\'|T.vSx8v!i:NY*3# Y}ݷLG}T{U\'z⤓Np[\n>c*7uQ#GhNk{:\r#(=+kK?F\n1㬮l\'lQhO_iߺ;\\gGe*Ѓ5`h:\Zj{\'wIsN~0〽O:6`tMrg!9l9r%i混!9FxM6UB~ZM1s,*ߨw.NK.3S\Zw˟vixtU:تc|յ{\"`qy{챕Y/u~^řXW_4\\ӒO-\"`ކ,YRٓF=\rj%%}:`$~ff{^)xfGkfk$]NfCIK.)MJ#\'vx>K;n+{8\'NSx\\;{^)~~M<s|Fx*W&%ެjMrT8jxֈMH׆69~FhmH.Ί~]8BUΒRsbmrо$,Fa>kYwkvz:z)!5iM2\ryhXY[/>FH\0Qxk7!%f|O8n;=Fu P\ZFX}.V\'|\Z-_\\ciw!gUg!\0BlOM?-2eJR+)Ȥۆ{HjuZQ[xqG}t%xg8\\gIIKk\"pե4uGݳ՛Dۢv)j*jvOYnf&54<<yC<t&f0L;	:A658s@\\.崬#@CԢ	DXJ6 fc0SiHfn\\};v..J8\"X=/=fW#|&yPꪌgI=$k5k7\'\r5ˎ\"x&t#?^Ԥ$pm]@~\'mill\'@M&BA,m2hqզ?\Zb.LLrlTsh]6u7,C_W\r%9KJoCroz\\Lr;Ｓ&@HĽl\'577J?^K-^/$Hbe\'$wS̊`kgO?c%mHfS!!,gII!9]6iҤK3zs֓xi==>q];&\ZoBӋQ\\~p\r0qi^t^97U;8`0If3.iYȲeܢG1z%%-J{~1>nCzR|.lI̜`c6ys3ʨe9s5!xui/$Ǻ!$#G0@uMrcv:}Y,mg3fJ\Z\nX$wvn>af2KH],)+k8O:`c:IɏǏ7\'׎4hpv~s˛)$@.p\rۋQyx+% XK:ʫ=LZ裏VAssNg~B_Ic7gCױ(]$t[INk\"w{ԆB{o0S1\Z,)i!dcXx$͂y;mk}[fś|!(R:oP)/C,\\Gs[[ۀ]ۍ؍0N4P2Z6:_<RÎS2K:ESN3@a\"yia]3>e\\ސ\\ϳāv>}w۞ͣ7OQ{g̘1Ҍr_^ [f1\\4550a恚Qyff=\Zx,ue{e{5grQ7qv\"+A!\rwL͛^}տ`=ПbEWU1z8e\Z(!7rG9>p$fRؓKp.S6Ga---.]ޛ ϛ7oz?Eh:03TާRWWW#O\r!b8?رcۦMoMh]\nwZjUǻ#Gij:0S},ue{e{5ю7X>\ZgbWcˎ(ELF=Oll#4C)Sf+++\0MfŚz2K]^^h:0c+u\04CQWJ]+\0!tԕRW\n@H64uԕ!$B+u!\rMG]+ueɀh:J]+CHt4uԕ\04MG]+ue+\0MGQW2+C]\n@tԕuh:PWJ]h:2ԕRW\0!J]+\0Mfuc3RW\n@1C]+uRWJ],/ؒ7mPWJ]zk][[\r~	ƚ5k=o:_+C]+u0.\\x΢E?݌L4Օԕ(|CcY13>ub5uԕ\0\0\0\0\0\0\0\0\0\0\0\0\0\0\0\0\0\0\0\0\0\0\0\0ki݄\0\0\0\0IENDB`',1),('32502',1,'简易请假流程.bpmn20.xml','32501','<?xml version=\"1.0\" encoding=\"UTF-8\"?>\n<definitions xmlns=\"http://www.omg.org/spec/BPMN/20100524/MODEL\" xmlns:xsi=\"http://www.w3.org/2001/XMLSchema-instance\" xmlns:xsd=\"http://www.w3.org/2001/XMLSchema\" xmlns:flowable=\"http://flowable.org/bpmn\" xmlns:bpmndi=\"http://www.omg.org/spec/BPMN/20100524/DI\" xmlns:omgdc=\"http://www.omg.org/spec/DD/20100524/DC\" xmlns:omgdi=\"http://www.omg.org/spec/DD/20100524/DI\" typeLanguage=\"http://www.w3.org/2001/XMLSchema\" expressionLanguage=\"http://www.w3.org/1999/XPath\" targetNamespace=\"http://www.flowable.org/processdef\">\n  <process id=\"holidayeasy\" name=\"简易请假流程\" isExecutable=\"true\">\n    <documentation>简易请假流程模型</documentation>\n    <startEvent id=\"startEvent1\"></startEvent>\n    <userTask id=\"sid-DD60A13D-D833-4080-99DE-B1BAFDCDF858\" name=\"员工请假申请\" flowable:assignee=\"张三\">\n      <extensionElements>\n        <modeler:initiator-can-complete xmlns:modeler=\"http://flowable.org/modeler\"><![CDATA[false]]></modeler:initiator-can-complete>\n      </extensionElements>\n    </userTask>\n    <userTask id=\"sid-7BCBAD25-1508-4608-A612-F98F7D035903\" name=\"审批【部门经理】\" flowable:assignee=\"李四\">\n      <extensionElements>\n        <modeler:initiator-can-complete xmlns:modeler=\"http://flowable.org/modeler\"><![CDATA[false]]></modeler:initiator-can-complete>\n      </extensionElements>\n    </userTask>\n    <sequenceFlow id=\"sid-3E8AE3E6-8CE3-4770-A585-4B67C935C072\" sourceRef=\"startEvent1\" targetRef=\"sid-DD60A13D-D833-4080-99DE-B1BAFDCDF858\"></sequenceFlow>\n    <sequenceFlow id=\"sid-5EB502B1-7F58-473B-BB6F-B5C4A2515845\" sourceRef=\"sid-DD60A13D-D833-4080-99DE-B1BAFDCDF858\" targetRef=\"sid-7BCBAD25-1508-4608-A612-F98F7D035903\"></sequenceFlow>\n    <userTask id=\"sid-ED7F2976-7615-4340-AD23-D72208391A66\" name=\"审批【总经理】\" flowable:assignee=\"王五\">\n      <extensionElements>\n        <modeler:initiator-can-complete xmlns:modeler=\"http://flowable.org/modeler\"><![CDATA[false]]></modeler:initiator-can-complete>\n      </extensionElements>\n    </userTask>\n    <sequenceFlow id=\"sid-5B50E8E8-29B6-43EA-BD07-DF7FC7B0F53F\" sourceRef=\"sid-7BCBAD25-1508-4608-A612-F98F7D035903\" targetRef=\"sid-ED7F2976-7615-4340-AD23-D72208391A66\"></sequenceFlow>\n    <endEvent id=\"sid-821EAC88-6D59-496D-8627-C3B1A363EA9C\"></endEvent>\n    <sequenceFlow id=\"sid-21E622C8-22F2-431E-91E9-7FFF20C904CE\" sourceRef=\"sid-ED7F2976-7615-4340-AD23-D72208391A66\" targetRef=\"sid-821EAC88-6D59-496D-8627-C3B1A363EA9C\"></sequenceFlow>\n  </process>\n  <bpmndi:BPMNDiagram id=\"BPMNDiagram_holiday\">\n    <bpmndi:BPMNPlane bpmnElement=\"holiday\" id=\"BPMNPlane_holiday\">\n      <bpmndi:BPMNShape bpmnElement=\"startEvent1\" id=\"BPMNShape_startEvent1\">\n        <omgdc:Bounds height=\"30.0\" width=\"30.0\" x=\"90.0\" y=\"145.0\"></omgdc:Bounds>\n      </bpmndi:BPMNShape>\n      <bpmndi:BPMNShape bpmnElement=\"sid-DD60A13D-D833-4080-99DE-B1BAFDCDF858\" id=\"BPMNShape_sid-DD60A13D-D833-4080-99DE-B1BAFDCDF858\">\n        <omgdc:Bounds height=\"80.0\" width=\"100.0\" x=\"210.0\" y=\"120.0\"></omgdc:Bounds>\n      </bpmndi:BPMNShape>\n      <bpmndi:BPMNShape bpmnElement=\"sid-7BCBAD25-1508-4608-A612-F98F7D035903\" id=\"BPMNShape_sid-7BCBAD25-1508-4608-A612-F98F7D035903\">\n        <omgdc:Bounds height=\"80.0\" width=\"100.0\" x=\"360.0\" y=\"120.0\"></omgdc:Bounds>\n      </bpmndi:BPMNShape>\n      <bpmndi:BPMNShape bpmnElement=\"sid-ED7F2976-7615-4340-AD23-D72208391A66\" id=\"BPMNShape_sid-ED7F2976-7615-4340-AD23-D72208391A66\">\n        <omgdc:Bounds height=\"80.0\" width=\"100.0\" x=\"510.0\" y=\"120.0\"></omgdc:Bounds>\n      </bpmndi:BPMNShape>\n      <bpmndi:BPMNShape bpmnElement=\"sid-821EAC88-6D59-496D-8627-C3B1A363EA9C\" id=\"BPMNShape_sid-821EAC88-6D59-496D-8627-C3B1A363EA9C\">\n        <omgdc:Bounds height=\"28.0\" width=\"28.0\" x=\"675.0\" y=\"146.0\"></omgdc:Bounds>\n      </bpmndi:BPMNShape>\n      <bpmndi:BPMNEdge bpmnElement=\"sid-5EB502B1-7F58-473B-BB6F-B5C4A2515845\" id=\"BPMNEdge_sid-5EB502B1-7F58-473B-BB6F-B5C4A2515845\">\n        <omgdi:waypoint x=\"309.9499999999581\" y=\"160.0\"></omgdi:waypoint>\n        <omgdi:waypoint x=\"359.9999999999364\" y=\"160.0\"></omgdi:waypoint>\n      </bpmndi:BPMNEdge>\n      <bpmndi:BPMNEdge bpmnElement=\"sid-5B50E8E8-29B6-43EA-BD07-DF7FC7B0F53F\" id=\"BPMNEdge_sid-5B50E8E8-29B6-43EA-BD07-DF7FC7B0F53F\">\n        <omgdi:waypoint x=\"459.9499999999581\" y=\"160.0\"></omgdi:waypoint>\n        <omgdi:waypoint x=\"509.9999999999364\" y=\"160.0\"></omgdi:waypoint>\n      </bpmndi:BPMNEdge>\n      <bpmndi:BPMNEdge bpmnElement=\"sid-21E622C8-22F2-431E-91E9-7FFF20C904CE\" id=\"BPMNEdge_sid-21E622C8-22F2-431E-91E9-7FFF20C904CE\">\n        <omgdi:waypoint x=\"609.95\" y=\"160.0\"></omgdi:waypoint>\n        <omgdi:waypoint x=\"675.0\" y=\"160.0\"></omgdi:waypoint>\n      </bpmndi:BPMNEdge>\n      <bpmndi:BPMNEdge bpmnElement=\"sid-3E8AE3E6-8CE3-4770-A585-4B67C935C072\" id=\"BPMNEdge_sid-3E8AE3E6-8CE3-4770-A585-4B67C935C072\">\n        <omgdi:waypoint x=\"119.94999923927439\" y=\"160.0\"></omgdi:waypoint>\n        <omgdi:waypoint x=\"209.99999999996837\" y=\"160.0\"></omgdi:waypoint>\n      </bpmndi:BPMNEdge>\n    </bpmndi:BPMNPlane>\n  </bpmndi:BPMNDiagram>\n</definitions>',0),('32503',1,'简易请假流程.holidayeasy.png','32501','PNG\r\n\Z\n\0\0\0\rIHDR\0\0\0\0\0\0\0\0]\0\0IDATx	\\՚GDDPDQqDDDGEO\\ݭhD\ZŸo#\">ǌ3Nbbp	11qbggǘ9M^ow~pHuUuuuso54\0\0\0\0\0\0\0\0\0\0\0\0\0\0\0\0\0\0\0\0\0\0\0\0\0\0\0\0\0\0\0\0\0\0\0\0\0\0\0\0\0\0\0\0\0\0\0\0\0\0\0\0\0\0\0\0\0\0\0\0\0\0\0\0\0\0\0\0\0\0\0\0\0\0\0\0\0\0\0\0\0\0\0\0\0\0\0\0\0\0\0\0\0\0\0\0\0\0\0\0\0\0\0\0\0\0\0\0\0\0\0\0\0\0\0\0\0\0\0\0\0\0\0\0\0\0\0\0\0\0\0\0\0\0\0\0\0\0\0\0\0\0\0\0\0\0\0\0\0\0\0\0\0\0\0\0\0\0\0\0\0\0\0\0\0\0\0\0\0\0\0\0\0\0\0\0\0\0\0\0\0\0\0\0\0\0\0\0\0\0\0\0\0\0\0\0\0\0\0\0\0\0\0\0\0\0\0\0\0\0\0\0\0\0\0\0\0\0\0\0\0\0\0\0\0\0\0\0\0\0\0\0\0\0\0\0\0\0\0\0\0\0\0\0\0\0\0\0\0\0\0\0\0\0\0\0\0\0\0\0\0\0\0\0\0\0\0\0\0\0\0\0\0\0\0\0\0\0\0\0\0\0\0\0\0\0\0\0\0\0\0\0\0\0\0\0\0\0\0\0\0\0\0\0\0\0\0\0\0\0\0\0\0\0\0\0\0\0\0\0\0\0\0\0\0\0\0\0\0\0\0\0@?dYUf-X kmm5<ϟ[fue+u\0J \ZΒ%Kl֭\r6d/ޔ7Օԕb1#ᔦlmmmB]J]+!,m3M]J]+!klKt2ue+u\0I_e>S*#.u\ZԕRW\02$o޸&۳O޴ӈ6BQWJ]+Q?:44lf+u_y_M\'n,4uԕu!;l:qf+uh:J]+u%$=$]5MtԕRW\n`ԅKM\'n,4uԕu!5˳OM2.n,4uԕu!9^t:BQWJ]+%[vu_iRWJ]P\'\\+MG]+u\0FGHlʅ]64>q_4RWJ]ؐ4RWQ{2,+uk:}m8ihRWJ]ch:J]+CHd{MG]+ue\0ԕ2+uue,_^X<mڴM\'N6v좋.ʚ+N<y}R>+ԕ\Z\rv̘1WhF>Vcs|lY7Z#,Ϝ9ũSn4iROg~f͚l˖-Yڲ?8Ctv~u}=a^AMfuHt1غ#d߿٫7axwM7T	۷ozjٲe-ܲ.c3RWj$ȃay}D>\ZǻϞ={W\\͙3W믿7ݬc3RWj3fEWMMMٽޛ-\\0o~~ʞwy\'{GK.6(o6<E>k+Vd믿>~\nk:0c+ui@CjK/TYr7n?48rT<ބ	ct4aPWJ]\rb@+}KYk|Tf9Xrg3ʗ^zƼjk:2ԕRWAA..2eJuIE_R{v|TFqkkALsmojjz+h:PWJ]\ry@_Ao@.%^5kֿԯ\rj\nuUiފkĢ5Q	g<qzOMt4ue+uAHnM6ӧO7\\VIzq^N[ƍ[k|?j:Hx>7xc+R t}47qgv3\ZٳggO駟Vo[vmqʕ+>2⾇rH3ͫ?vΝ;7Ѩ7\'>T]^^&z1?J&^ԜN>*g}6GydY|DW\nfZǌ3jŕAr)1fΜ~ll_|z9BsOCrKKKgԩ;*#pm/7|3;;|Sh{w?pz*YM bHbڴi⣦w:/9^k+t42Um#cjp\\zu%}N=J8T._c=ːaÆo޼rkV}%uYՆYfe5曫=\\ue{e{U̯n_hѠ|T\'Nܶnݺ׷EW@蚎SƺP`qqU.Gh΂uq&.aY\rLrw=~n7TCrwUo*u:Cr\n1;^5B\\iue{e{U̿^j\'|T.vSx8v!i:NY*3# Y}ݷLG}T{U\'z⤓Np[\n>c*7uQ#GhNk{:\r#(=+kK?F\n1㬮l\'lQhO_iߺ;\\gGe*Ѓ5`h:\Zj{\'wIsN~0〽O:6`tMrg!9l9r%i混!9FxM6UB~ZM1s,*ߨw.NK.3S\Zw˟vixtU:تc|յ{\"`qy{챕Y/u~^řXW_4\\ӒO-\"`ކ,YRٓF=\rj%%}:`$~ff{^)xfGkfk$]NfCIK.)MJ#\'vx>K;n+{8\'NSx\\;{^)~~M<s|Fx*W&%ެjMrT8jxֈMH׆69~FhmH.Ί~]8BUΒRsbmrо$,Fa>kYwkvz:z)!5iM2\ryhXY[/>FH\0Qxk7!%f|O8n;=Fu P\ZFX}.V\'|\Z-_\\ciw!gUg!\0BlOM?-2eJR+)Ȥۆ{HjuZQ[xqG}t%xg8\\gIIKk\"pե4uGݳ՛Dۢv)j*jvOYnf&54<<yC<t&f0L;	:A658s@\\.崬#@CԢ	DXJ6 fc0SiHfn\\};v..J8\"X=/=fW#|&yPꪌgI=$k5k7\'\r5ˎ\"x&t#?^Ԥ$pm]@~\'mill\'@M&BA,m2hqզ?\Zb.LLrlTsh]6u7,C_W\r%9KJoCroz\\Lr;Ｓ&@HĽl\'577J?^K-^/$Hbe\'$wS̊`kgO?c%mHfS!!,gII!9]6iҤK3zs֓xi==>q];&\ZoBӋQ\\~p\r0qi^t^97U;8`0If3.iYȲeܢG1z%%-J{~1>nCzR|.lI̜`c6ys3ʨe9s5!xui/$Ǻ!$#G0@uMrcv:}Y,mg3fJ\Z\nX$wvn>af2KH],)+k8O:`c:IɏǏ7\'׎4hpv~s˛)$@.p\rۋQyx+% XK:ʫ=LZ裏VAssNg~B_Ic7gCױ(]$t[INk\"w{ԆB{o0S1\Z,)i!dcXx$͂y;mk}[fś|!(R:oP)/C,\\Gs[[ۀ]ۍ؍0N4P2Z6:_<RÎS2K:ESN3@a\"yia]3>e\\ސ\\ϳāv>}w۞ͣ7OQ{g̘1Ҍr_^ [f1\\4550a恚Qyff=\Zx,ue{e{5grQ7qv\"+A!\rwL͛^}տ`=ПbEWU1z8e\Z(!7rG9>p$fRؓKp.S6Ga---.]ޛ ϛ7oz?Eh:03TާRWWW#O\r!b8?رcۦMoMh]\nwZjUǻ#Gij:0S},ue{e{5ю7X>\ZgbWcˎ(ELF=Oll#4C)Sf+++\0MfŚz2K]^^h:0c+u\04CQWJ]+\0!tԕRW\n@H64uԕ!$B+u!\rMG]+ueɀh:J]+CHt4uԕ\04MG]+ue+\0MGQW2+C]\n@tԕuh:PWJ]h:2ԕRW\0!J]+\0Mfuc3RW\n@1C]+uRWJ],/ؒ7mPWJ]zk][[\r~	ƚ5k=o:_+C]+u0.\\x΢E?݌L4Օԕ(|CcY13>ub5uԕ\0\0\0\0\0\0\0\0\0\0\0\0\0\0\0\0\0\0\0\0\0\0\0\0ki݄\0\0\0\0IENDB`',1),('50002',1,'dataobject.bpmn20.xml','50001','<?xml version=\"1.0\" encoding=\"UTF-8\"?>\n<definitions xmlns=\"http://www.omg.org/spec/BPMN/20100524/MODEL\" xmlns:xsi=\"http://www.w3.org/2001/XMLSchema-instance\"\n             xmlns:xsd=\"http://www.w3.org/2001/XMLSchema\" xmlns:flowable=\"http://flowable.org/bpmn\"\n             xmlns:bpmndi=\"http://www.omg.org/spec/BPMN/20100524/DI\"\n             xmlns:omgdc=\"http://www.omg.org/spec/DD/20100524/DC\" xmlns:omgdi=\"http://www.omg.org/spec/DD/20100524/DI\"\n             typeLanguage=\"http://www.w3.org/2001/XMLSchema\" expressionLanguage=\"http://www.w3.org/1999/XPath\"\n             targetNamespace=\"http://www.flowable.org/processdef\">\n    <process id=\"dataobject\" name=\"dataobject\" isExecutable=\"true\">\n        <documentation>dataobject</documentation>\n        <dataObject id=\"day\" name=\"天数\" itemSubjectRef=\"xsd:double\">\n            <extensionElements>\n                <flowable:value>3.0</flowable:value>\n            </extensionElements>\n        </dataObject>\n        <dataObject id=\"start_time\" name=\"开始时间\" itemSubjectRef=\"xsd:datetime\"></dataObject>\n        <dataObject id=\"end_time\" name=\"结束时间\" itemSubjectRef=\"xsd:datetime\"></dataObject>\n        <startEvent id=\"startEvent1\"></startEvent>\n        <userTask id=\"sid-C55FD7FE-8686-49EC-BB0B-1D4E3F04FF28\"></userTask>\n        <sequenceFlow id=\"sid-E959BA95-CF1A-4DCE-ADFE-C84AAE87090B\" sourceRef=\"startEvent1\"\n                      targetRef=\"sid-C55FD7FE-8686-49EC-BB0B-1D4E3F04FF28\"></sequenceFlow>\n        <endEvent id=\"sid-F6D22718-1A53-4BF5-9BDB-C64F2528DF0E\"></endEvent>\n        <sequenceFlow id=\"sid-322DCF90-5852-4994-B12C-8D96C89B9944\" sourceRef=\"sid-C55FD7FE-8686-49EC-BB0B-1D4E3F04FF28\"\n                      targetRef=\"sid-F6D22718-1A53-4BF5-9BDB-C64F2528DF0E\"></sequenceFlow>\n    </process>\n    <bpmndi:BPMNDiagram id=\"BPMNDiagram_dataobject\">\n        <bpmndi:BPMNPlane bpmnElement=\"dataobject\" id=\"BPMNPlane_dataobject\">\n            <bpmndi:BPMNShape bpmnElement=\"startEvent1\" id=\"BPMNShape_startEvent1\">\n                <omgdc:Bounds height=\"30.0\" width=\"30.0\" x=\"100.0\" y=\"163.0\"></omgdc:Bounds>\n            </bpmndi:BPMNShape>\n            <bpmndi:BPMNShape bpmnElement=\"sid-C55FD7FE-8686-49EC-BB0B-1D4E3F04FF28\"\n                              id=\"BPMNShape_sid-C55FD7FE-8686-49EC-BB0B-1D4E3F04FF28\">\n                <omgdc:Bounds height=\"80.0\" width=\"100.0\" x=\"175.0\" y=\"138.0\"></omgdc:Bounds>\n            </bpmndi:BPMNShape>\n            <bpmndi:BPMNShape bpmnElement=\"sid-F6D22718-1A53-4BF5-9BDB-C64F2528DF0E\"\n                              id=\"BPMNShape_sid-F6D22718-1A53-4BF5-9BDB-C64F2528DF0E\">\n                <omgdc:Bounds height=\"28.0\" width=\"28.0\" x=\"320.0\" y=\"164.0\"></omgdc:Bounds>\n            </bpmndi:BPMNShape>\n            <bpmndi:BPMNEdge bpmnElement=\"sid-322DCF90-5852-4994-B12C-8D96C89B9944\"\n                             id=\"BPMNEdge_sid-322DCF90-5852-4994-B12C-8D96C89B9944\">\n                <omgdi:waypoint x=\"274.95000000000005\" y=\"178.0\"></omgdi:waypoint>\n                <omgdi:waypoint x=\"320.0\" y=\"178.0\"></omgdi:waypoint>\n            </bpmndi:BPMNEdge>\n            <bpmndi:BPMNEdge bpmnElement=\"sid-E959BA95-CF1A-4DCE-ADFE-C84AAE87090B\"\n                             id=\"BPMNEdge_sid-E959BA95-CF1A-4DCE-ADFE-C84AAE87090B\">\n                <omgdi:waypoint x=\"129.9499984899576\" y=\"178.0\"></omgdi:waypoint>\n                <omgdi:waypoint x=\"174.9999999999917\" y=\"178.0\"></omgdi:waypoint>\n            </bpmndi:BPMNEdge>\n        </bpmndi:BPMNPlane>\n    </bpmndi:BPMNDiagram>\n</definitions>',0),('50003',1,'dataobject.dataobject.png','50001','PNG\r\n\Z\n\0\0\0\rIHDR\0\0f\0\0\0\0\0\0)q\0\0	nIDATx[kUa/GE/\05ф(FgGD<	Bba֎1qVTj9&ڌ:&ƨh2d;f&˛wq\0\0\0\0\0\0\0\0\0\0\0\0\0\0\0\0\0\0\0\0\0\0\0\0\0\0\0\0\0\0\0\0\0\0\0\0\0\0\0\0\0\0\0\0\0\0\0\0\0\0\0\0\0\0\0\0\0\0\0\0\0\0\0\0\0\0\0\0\0\0\0\0\0\0\0\0\0\0\0\0\0\0\0\0\0\0\0\0\0\0\0\0\0\0\0\0\0\0\0\0\0\0\0\0\0\0\0\0\0\0\0\0\0\0\0\0\0\0\0\0\0\0\0\0\0\0\0\0\0\0\0\0\0\0\0\0\0\0\0\0\0\0\0\0\0\0\0\0\0\0\0\0\0\0\0\0\0\0\0\0\0\0\0\0\0\0\0\0\0\0\0\0\0\0\0\0\0\0\0\0\0\0\0\0\0\0\0\0\0\0\0\0@$oܸٳg_577\'&ijjJN80UH`\\ɓ\'|yar!ғ0ŕ(M\nƸ}!3!J UG%sNƹ/+Mk&}\n3=ܰ:tx[??\'WN3s!Af 0_=y0	0)r!?\'0c;*?\'7dU-|m9Af 0ǹ	s\n31yrTaRs/cs0i9;$?!5k(Pll,@ae<Y`sG\Z0yf@0,̀0a%II[[[ݻoڴkjj)S$UUUΝ۷r7oly*++RQQ1?__i<>?u4Fo߾֭[׿xdΝٳg7_\'!ɢE^/Yٳg	M:a\Z	q.s,|}Z!ׯ||2ŋ+V:y	桅Nq=1~ߜ,swW<2gΜСC9Y9***L6?ّL6nܘ$wI<y2p>={lӧO\'۷oOO>8O4ʭ]`Arڵ$nݺ̚57l(B2;{\ZEww_fe$cs=0r}a\\ͅYRΎҥKV#]rg+rSZ)o<cƌp|*f,9)go_]1RqcÆ\r5>Udڵ}qO>~VXsrSJyQΎIu+aCŋ͛Y?f	0V$.{Oymkd9(rN9^K.Y9anD3pW{j.uh.PqN0fa.1˼W=*t)+16]v%iھ}xKi,̅8f=u[l)9ϕg_۬t̙[`9Tl\'U|Տ0h7Ͼ|kkkAϱxJ!+1D+,wa}r	0z@EYwħeH\'eI?\n0\nӓ|]\"7ܥsYwҕ?c[>sqM)CISS]]:sOOOgL8q+CYUbfx,K{(=淂lYqc&gWU\r\r\r)ҫ2wf\r0s>!We[J:Ev{W,<\\LVZJοiӦFfax_8Ӹ/;JҥKֳ2\Z\Z\Z,̣Yl̙-[֟ª;/xt=].c=]Lյyq?;~\\a6eczsX`^-	S&mmmL0Oaw0)CUUUa,w޽Sǫ˼RQn*++kkW1@\\Q6,y^9d9.\\/e))s!|?meܾ`90\\ӝxs	%3q\"oٱcGR]]j݆O\\c}𝸹=rѣG/>>0sεF8\')@OڴiӕSNߵ;2>$Ͼhjj5k	oă$~.WY}	t5r{W72OI[?.#af\ZaYa60lfa3 Faf@0,̀0aYa60lf#̀03 Faf@0,3!JN8%E0aꨄ1W=xG?J9FvIJ`\\gav.8Mܯ2\0\0\0\0\0\0\0\0\0\0\0\0W#y^\0\0\0\0IENDB`',1),('5002',1,'员工请假.bpmn','5001','<?xml version=\"1.0\" encoding=\"UTF-8\"?>\n<definitions xmlns=\"http://www.omg.org/spec/BPMN/20100524/MODEL\" xmlns:xsi=\"http://www.w3.org/2001/XMLSchema-instance\" xmlns:xsd=\"http://www.w3.org/2001/XMLSchema\" xmlns:flowable=\"http://flowable.org/bpmn\" xmlns:bpmndi=\"http://www.omg.org/spec/BPMN/20100524/DI\" xmlns:omgdc=\"http://www.omg.org/spec/DD/20100524/DC\" xmlns:omgdi=\"http://www.omg.org/spec/DD/20100524/DI\" typeLanguage=\"http://www.w3.org/2001/XMLSchema\" expressionLanguage=\"http://www.w3.org/1999/XPath\" targetNamespace=\"http://www.flowable.org/processdef\">\n  <process id=\"holiday\" name=\"员工请假流程模型\" isExecutable=\"true\">\n    <documentation>员工请假流程模型</documentation>\n    <startEvent id=\"startEvent1\" flowable:formKey=\"holiday\"></startEvent>\n    <exclusiveGateway id=\"sid-79696A4A-0E1A-476B-9D66-1CBD2B74EF19\"></exclusiveGateway>\n    <sequenceFlow id=\"sid-CC84B4B8-1BAF-4C40-8CEF-0EA614418528\" sourceRef=\"startEvent1\" targetRef=\"sid-79696A4A-0E1A-476B-9D66-1CBD2B74EF19\"></sequenceFlow>\n    <userTask id=\"sid-66B114EC-A234-42DB-B67B-CC8C3C314111\" name=\"部门主管审批\" flowable:assignee=\"zhangsan\">\n      <extensionElements>\n        <modeler:activiti-idm-assignee xmlns:modeler=\"http://flowable.org/modeler\"><![CDATA[true]]></modeler:activiti-idm-assignee>\n        <modeler:assignee-info-email xmlns:modeler=\"http://flowable.org/modeler\"><![CDATA[zhangsan@upsky.com]]></modeler:assignee-info-email>\n        <modeler:assignee-info-firstname xmlns:modeler=\"http://flowable.org/modeler\"><![CDATA[三]]></modeler:assignee-info-firstname>\n        <modeler:assignee-info-lastname xmlns:modeler=\"http://flowable.org/modeler\"><![CDATA[张]]></modeler:assignee-info-lastname>\n        <modeler:initiator-can-complete xmlns:modeler=\"http://flowable.org/modeler\"><![CDATA[false]]></modeler:initiator-can-complete>\n      </extensionElements>\n    </userTask>\n    <endEvent id=\"sid-BFEA487A-AD0B-405F-8FF9-823DB67A330C\"></endEvent>\n    <sequenceFlow id=\"sid-33BE467F-3E32-425B-92DE-457331BD45CA\" sourceRef=\"sid-66B114EC-A234-42DB-B67B-CC8C3C314111\" targetRef=\"sid-BFEA487A-AD0B-405F-8FF9-823DB67A330C\"></sequenceFlow>\n    <userTask id=\"sid-3F10C5D5-B8E9-4617-81F8-C3A5B0A7CA9B\" name=\"总经理审批\" flowable:candidateUsers=\"lisi\">\n      <extensionElements>\n        <modeler:user-info-email-lisi xmlns:modeler=\"http://flowable.org/modeler\"><![CDATA[lisi@upsky.com]]></modeler:user-info-email-lisi>\n        <modeler:user-info-firstname-lisi xmlns:modeler=\"http://flowable.org/modeler\"><![CDATA[四]]></modeler:user-info-firstname-lisi>\n        <modeler:user-info-lastname-lisi xmlns:modeler=\"http://flowable.org/modeler\"><![CDATA[李]]></modeler:user-info-lastname-lisi>\n        <modeler:activiti-idm-candidate-user xmlns:modeler=\"http://flowable.org/modeler\"><![CDATA[true]]></modeler:activiti-idm-candidate-user>\n        <modeler:initiator-can-complete xmlns:modeler=\"http://flowable.org/modeler\"><![CDATA[false]]></modeler:initiator-can-complete>\n      </extensionElements>\n    </userTask>\n    <userTask id=\"sid-41FE841F-FE49-445D-A566-43A4A41B0F7B\" name=\"总裁审批\" flowable:candidateGroups=\"jishu\">\n      <extensionElements>\n        <modeler:group-info-name-jishu xmlns:modeler=\"http://flowable.org/modeler\"><![CDATA[技术部]]></modeler:group-info-name-jishu>\n        <modeler:activiti-idm-candidate-group xmlns:modeler=\"http://flowable.org/modeler\"><![CDATA[true]]></modeler:activiti-idm-candidate-group>\n        <modeler:initiator-can-complete xmlns:modeler=\"http://flowable.org/modeler\"><![CDATA[false]]></modeler:initiator-can-complete>\n      </extensionElements>\n    </userTask>\n    <sequenceFlow id=\"sid-1F2BAB74-5125-4CE4-ACE0-7AE1A56CCA73\" sourceRef=\"sid-3F10C5D5-B8E9-4617-81F8-C3A5B0A7CA9B\" targetRef=\"sid-41FE841F-FE49-445D-A566-43A4A41B0F7B\"></sequenceFlow>\n    <endEvent id=\"sid-69A3FF20-C12B-4E1E-BA99-2DCC2A17DA71\"></endEvent>\n    <sequenceFlow id=\"sid-C7D60A3F-BCD7-4725-9B3F-03E2A19D91FC\" sourceRef=\"sid-41FE841F-FE49-445D-A566-43A4A41B0F7B\" targetRef=\"sid-69A3FF20-C12B-4E1E-BA99-2DCC2A17DA71\"></sequenceFlow>\n    <sequenceFlow id=\"sid-CD0C8750-F833-47B1-9B02-C74735790D91\" name=\"小于等于3天\" sourceRef=\"sid-79696A4A-0E1A-476B-9D66-1CBD2B74EF19\" targetRef=\"sid-66B114EC-A234-42DB-B67B-CC8C3C314111\">\n      <conditionExpression xsi:type=\"tFormalExpression\"><![CDATA[${form_holiday_outcome==\"小于等于3天\"}]]></conditionExpression>\n    </sequenceFlow>\n    <sequenceFlow id=\"sid-26D30560-CCEE-46C7-82F7-D0D7AA962E82\" name=\"大于3天\" sourceRef=\"sid-79696A4A-0E1A-476B-9D66-1CBD2B74EF19\" targetRef=\"sid-3F10C5D5-B8E9-4617-81F8-C3A5B0A7CA9B\">\n      <conditionExpression xsi:type=\"tFormalExpression\"><![CDATA[${form_holiday_outcome==\"大于3天\"}]]></conditionExpression>\n    </sequenceFlow>\n  </process>\n  <bpmndi:BPMNDiagram id=\"BPMNDiagram_holiday\">\n    <bpmndi:BPMNPlane bpmnElement=\"holiday\" id=\"BPMNPlane_holiday\">\n      <bpmndi:BPMNShape bpmnElement=\"startEvent1\" id=\"BPMNShape_startEvent1\">\n        <omgdc:Bounds height=\"30.0\" width=\"30.0\" x=\"90.0\" y=\"140.0\"></omgdc:Bounds>\n      </bpmndi:BPMNShape>\n      <bpmndi:BPMNShape bpmnElement=\"sid-79696A4A-0E1A-476B-9D66-1CBD2B74EF19\" id=\"BPMNShape_sid-79696A4A-0E1A-476B-9D66-1CBD2B74EF19\">\n        <omgdc:Bounds height=\"40.0\" width=\"40.0\" x=\"165.0\" y=\"135.0\"></omgdc:Bounds>\n      </bpmndi:BPMNShape>\n      <bpmndi:BPMNShape bpmnElement=\"sid-66B114EC-A234-42DB-B67B-CC8C3C314111\" id=\"BPMNShape_sid-66B114EC-A234-42DB-B67B-CC8C3C314111\">\n        <omgdc:Bounds height=\"80.0\" width=\"100.0\" x=\"240.0\" y=\"30.0\"></omgdc:Bounds>\n      </bpmndi:BPMNShape>\n      <bpmndi:BPMNShape bpmnElement=\"sid-BFEA487A-AD0B-405F-8FF9-823DB67A330C\" id=\"BPMNShape_sid-BFEA487A-AD0B-405F-8FF9-823DB67A330C\">\n        <omgdc:Bounds height=\"28.0\" width=\"28.0\" x=\"465.0\" y=\"56.0\"></omgdc:Bounds>\n      </bpmndi:BPMNShape>\n      <bpmndi:BPMNShape bpmnElement=\"sid-3F10C5D5-B8E9-4617-81F8-C3A5B0A7CA9B\" id=\"BPMNShape_sid-3F10C5D5-B8E9-4617-81F8-C3A5B0A7CA9B\">\n        <omgdc:Bounds height=\"80.0\" width=\"100.0\" x=\"240.0\" y=\"195.0\"></omgdc:Bounds>\n      </bpmndi:BPMNShape>\n      <bpmndi:BPMNShape bpmnElement=\"sid-41FE841F-FE49-445D-A566-43A4A41B0F7B\" id=\"BPMNShape_sid-41FE841F-FE49-445D-A566-43A4A41B0F7B\">\n        <omgdc:Bounds height=\"80.0\" width=\"100.0\" x=\"375.0\" y=\"195.0\"></omgdc:Bounds>\n      </bpmndi:BPMNShape>\n      <bpmndi:BPMNShape bpmnElement=\"sid-69A3FF20-C12B-4E1E-BA99-2DCC2A17DA71\" id=\"BPMNShape_sid-69A3FF20-C12B-4E1E-BA99-2DCC2A17DA71\">\n        <omgdc:Bounds height=\"28.0\" width=\"28.0\" x=\"530.0\" y=\"221.0\"></omgdc:Bounds>\n      </bpmndi:BPMNShape>\n      <bpmndi:BPMNEdge bpmnElement=\"sid-26D30560-CCEE-46C7-82F7-D0D7AA962E82\" id=\"BPMNEdge_sid-26D30560-CCEE-46C7-82F7-D0D7AA962E82\">\n        <omgdi:waypoint x=\"185.5\" y=\"174.43809673366835\"></omgdi:waypoint>\n        <omgdi:waypoint x=\"185.5\" y=\"235.0\"></omgdi:waypoint>\n        <omgdi:waypoint x=\"240.0\" y=\"235.0\"></omgdi:waypoint>\n      </bpmndi:BPMNEdge>\n      <bpmndi:BPMNEdge bpmnElement=\"sid-C7D60A3F-BCD7-4725-9B3F-03E2A19D91FC\" id=\"BPMNEdge_sid-C7D60A3F-BCD7-4725-9B3F-03E2A19D91FC\">\n        <omgdi:waypoint x=\"474.94999999992007\" y=\"235.0\"></omgdi:waypoint>\n        <omgdi:waypoint x=\"530.0\" y=\"235.0\"></omgdi:waypoint>\n      </bpmndi:BPMNEdge>\n      <bpmndi:BPMNEdge bpmnElement=\"sid-1F2BAB74-5125-4CE4-ACE0-7AE1A56CCA73\" id=\"BPMNEdge_sid-1F2BAB74-5125-4CE4-ACE0-7AE1A56CCA73\">\n        <omgdi:waypoint x=\"339.95000000000005\" y=\"235.0\"></omgdi:waypoint>\n        <omgdi:waypoint x=\"375.0\" y=\"235.0\"></omgdi:waypoint>\n      </bpmndi:BPMNEdge>\n      <bpmndi:BPMNEdge bpmnElement=\"sid-CC84B4B8-1BAF-4C40-8CEF-0EA614418528\" id=\"BPMNEdge_sid-CC84B4B8-1BAF-4C40-8CEF-0EA614418528\">\n        <omgdi:waypoint x=\"119.9496588110467\" y=\"155.09285545292158\"></omgdi:waypoint>\n        <omgdi:waypoint x=\"165.375\" y=\"155.375\"></omgdi:waypoint>\n      </bpmndi:BPMNEdge>\n      <bpmndi:BPMNEdge bpmnElement=\"sid-CD0C8750-F833-47B1-9B02-C74735790D91\" id=\"BPMNEdge_sid-CD0C8750-F833-47B1-9B02-C74735790D91\">\n        <omgdi:waypoint x=\"185.5\" y=\"135.5\"></omgdi:waypoint>\n        <omgdi:waypoint x=\"185.5\" y=\"70.0\"></omgdi:waypoint>\n        <omgdi:waypoint x=\"240.0\" y=\"70.0\"></omgdi:waypoint>\n      </bpmndi:BPMNEdge>\n      <bpmndi:BPMNEdge bpmnElement=\"sid-33BE467F-3E32-425B-92DE-457331BD45CA\" id=\"BPMNEdge_sid-33BE467F-3E32-425B-92DE-457331BD45CA\">\n        <omgdi:waypoint x=\"339.95000000000005\" y=\"70.0\"></omgdi:waypoint>\n        <omgdi:waypoint x=\"465.0\" y=\"70.0\"></omgdi:waypoint>\n      </bpmndi:BPMNEdge>\n    </bpmndi:BPMNPlane>\n  </bpmndi:BPMNDiagram>\n</definitions>',0),('5003',1,'员工请假.holiday.png','5001','PNG\r\n\Z\n\0\0\0\rIHDR\0\08\0\0\0\0\0\0\0IDATx/piI1s49Mk4Dk,C \0QOkZ$5\\kW!r\\gSA#P>{fgٙ+dggٙ|~4	\0\0\0\0\0\0\0\0\0\0\0\0\0\0\0\0\0\0\0\0\0\0\0\0\0\0\0\0\0\0\0\0\0\0\0\0\0\0\0\0\0\0\0\0\0\0\0\0\0\0\0\0\0\0\0\0\0\0\0\0\0\0\0\0\0\0 $vZ/ݝtvv\ZWWWWqHCQfӦMIooor	5NuСdÆ\rGҰsV	\0UnBΉZ%\0T)4*JDh\0P׿Hv䍮qP\"\0@C{/ޓj)m\0\rpM^X)8\0xgǺ\r8q`\"\0@\Zp6D\0G	8\00\'\Z,m\0\rpvnAN&8\0p烞m5NOm\0\rpv	%\04fdK<pz*.nL\0hG*~{ヮX8ع6qpWl\Zp\0nFm8\0pg86C*\0]iKPp\0p\0@Q\08J\0G\0f[N4iM+IxZۖ_v^-\0G~/δNԺt u%\r)ӐB\\m2eE^M@Q㮥ej[[J{{{$k׮M{?LG}$7oN/^tM!@QnM\'`3$p>|8>W:Ϝ%0.#7p3o޼lf$~,(\r9Fr\0G	8N)NK-\\\ZjbjѢEUxG	8D\Zn#7Նb)%0bW⚛NK\r5]U\\c\npC-Ng>bXx\0ַ#c>{WB>_hHΖo	8?wl~8KqB/4kV4)8`߹ׯ_?\'Xx.+fys4Y|pęT<MZ4u,~v\rjc&Uy».ۚ\ZjxفIf0+q+n4NcQdŊYgl߾gu;wL暬b??y\'>FluC=%K$V\Z/_>G96.?]|P`] TzJUp6lؐ?O~VdJ;z+Yn]o~37< D}_H!K}\r@.y}_N?fuq9M}=/<lٲ/y䗟~8T?h\r uK)4،F9z)#*Wct&n˯+ެY+\r8jLp0^zi2w#lHϓO>=~<tH1CI|a-3Lݻ+~V\\Жw۶mG}TaXʟs8y# \0={N|ݻwo̮1KNqt\'ꢋ.Jo\\b%BHDȉpr9d]r%ɳ>{Pm̙믿>s=7lq9F{bTt@##\r81\ZAk_Zg$\\=C>qJFpJkyꩧx^of*K_mѨ>l][l>^STT\"dő;::>s$c@Fśq%bJt\Z*.T#	8f͚-Ǌȓ\ni9p+{w.lNǹX\\KÑ58sQNa&_/,.^IOy9UQ|+pNE@*wjC3gokkEƥ!_S8wygv9z4#8(N.mݺuE=\Z5tUxJ	8=f]@͛7jǇ;΄81{)=D)]S>Xױ\'7|sv],N/}KJ(8}J8qb)@k|\"ׅf_=*x֡<D[6DYhQqKڀSŞUGE&\r&2^T<ʕ+\\WMҚT8T\rTej8tUܯd (bkfCNɉ-R&*\rOwyuG	8HNZ%N\'\'3ULCctKOiѓT3=grq&kn\0G	8{ύ}Ad%&Fm-8C]#AsW펳ggƹP8#(\0GQ\0\0G\0Gp\0@Q\0\0G	8\08\0#\0\0G	8\08p\0p\0G\0Gp\0p%\0 8J@p\0p\0[:\0pqETOOϿg8\0*]?&dM=i?\0g굝HQ5xw7\08\0\0\0\08\0\0\0\0 \0\08\0\0 \0\08\0\0\0\08\0\0\0\0 \0\08\0\0\0 \0\08\0\0\0\0 \0\0꾀s\0h3i-z\0hp9$\0\0nNw=\0@]4!&ݚ\0$ImwNΘ1#E?<dC=LZ+6b$\0jl-[oO~$/rӓ?~<	񵷷7ӟ(я~ُwgϞ=+xJhz\0+\r23`,|\'pmݺ5뮻>3gΎ)S\\$T<\";*\0(I+VX;wdʕR/B2sct4&U\00Zf[~;\rncf	RnAq\0L\\1r&Ԍyg>1hM/571-5Z#7FrMv8\r94X@5k%Jg1\0T*NĚjժc[<\\[)+^޾\r9OJ,_Rߒv7l©rHBJRA)n&\0#Fo87+x-\'lgQ.rm\0caq5Wj̙N:^^δ]ER.7ܔU\0PN~aɒ%I--^xk\Zpkam!t!pS||g!rRqZz饗Mz8Z}J97p&\0ʉg8pi[DL\Zr!Uj\048+x~ZKz8jGLʅjMiȱ&\0}<#TU}σ*_+3r뫱g7\Z	ozرcd畖k364CTr0@#8\00[oD߿u4ؔf\rHB58\0P{Y뽨^|[{Qmimm v/U%!^T\0P/~%>Wqp\Zvtǹǹ88\0PO~-|Z#okk{d\\Ӎ ~|{Z0\0b޼y^sQϤfS|Tzᆜ\0~)wq\Znkk{	&#9E\'U~g4gΜm+Wt}bµ.ra\rv?@bM̙3cnm۶\"}4X:]dڤw._}Μ9jٷo4pBNM\0hoo9{죣5#7nZZZ@/hђG~Ǉ_6Қ1_jLKh59mmms9k87k֬y.\rHĂ&_s3ܐR\00A:3f}@~8qf[{ｫwEQ&[RN3ZIWZ[[oOҴv_ƹMr\n9qG(\0\Z}!n?$\0\0fR\0@S\0hX\0ձH{]fp\0\0\0\0\0@\0p\0\0\0@\0p\0\0\0\0\0@\0\0\0\0@\0p\0\0\0@\0p\0\0\0\0g$9c׮]K_~ONUJ6niuh Խ6mڔ&\'NPTJ6lp$n6T\r@{\\V7ىSmC{\0S:;mzoSb_QWXmzo49z]e:m8Ӑd$ZpJuqgmC\r8{X^XGp\0aΎu\rډm:p\rp\Z6lwN,nL܀m8#(G	8S/X3X\'|&n6@i؀s?\rډm:p\rp\Z6|г-پf)M3q!\0Nݯ>=t<m8Ә㏓/)M3!\0N#8\ZۛtE戵3h 4^I?}ع6q,&}mCF8d\r8چ8\rp|O:\r8چ8\rpFځ3jހmhӰGĴ\rmp%(p%(ptb:1mCp\0G\'6[iLh7u<mӯc;8:1mԵՙ։@3ZnߡGĴ\rmw\'!\nBM4eʔb (mmmmY+<]6y?0	}Qӓl޼9YxqrM7Fs@Q:1mCpsm\ZH>)gy&MqbI,8J\'mh2rS7FkF\"`Ґc$%hFMg\'.\\?\r5R1}hѢKj (Gi5MrJFr6@Q6\\\n^\\s3ikrLUm\"t#{(4C;0ַub:1mCۨ8p8FY>1	8wU.n8\rp\nC---҉Ĵ\rm߇Nm\'c)S8n8\rp\n\')\r8چQmRׯӀ,<z78o0:1G6Ƴ83~#^N\'2։	8چ1m-ckP\ruꫴ\rmcw\neĹ^3j1\r;QYܶk֬nOYVJMX\"k3fyGN?|rcW&i6u$wO~ɒ%\r&N[yc9բ`˖-nq9\rݯ~M(H<|;Ot2^zi;y(z駓ٰa)wy_]ZlYrx>yGg旣k3nm6J.Ovޝm[o5\\h3YeK%E\'}8ss\\W,]|y<_!(n|\'|2\ZX?!!ߟy!*:xW\\uj2.o۶-裏6r1\Zm&Tb>yh6Фgжf/*7kى^:4J?쳓뮻8ZgD׭[7utB>߿?wG&㶙3gf#@E(*7P~O\'hqoն={$W]uUmmmg6Rhsڶ88rb_zTbءE#=GyǳK.t\'bp3\\_})xLj6Ga6>Sɯ}\r:Um`!d8qGGgdΨtV̝;7ڇo05Ex$OTEqh|\Z\'N/n߹s.=8JGbailOy\rNᶙ7(k}j6\\TEy\'ofw?ϲ<J?aQ6mV\Zu$OtN+ cta[,b=yJ[>6H3m&]tQjco|mV>uֆk&>6gokkAbKt21tme#3ygGLC̚5kӈ=[ZX{??AϷnсr(P/S5:^NL̙&_\'.7R\'c]@͛7jG;>)ޜn CԷkoSn/j[\\_	ip\r#䟬cJ\":DncFJ+FсXQa;̅}]]+F&-@ϧ5c4&)[ny	p&u(\"Vr\",Zhkk%Ab!h1ĺ>DO%WҹE{t=ONlSIɃH+W\Z\rLԀZZZ󑜑NWJFnLMtbچ1n#93!\'Ĉ\\5ܽbAqqMT\Z҉iƸuP\"qr`1:O_4T8({d韖=9N1û=8J\'mh03k57 (mcй/蜬$Ĩ@Q:1mCۨkq4wq6q8T~NL6\0%(m@Qp\0tbJQNL\'mh\0tbچ (Gi\0pSp\0tb:1mC\0@\'6\r\0GĴ\rm@Qp\0%(@\'6ӉiЉi%\08JQNL\'m(@\'6\r\0r:i\'vRP6\0ƍ@zzz%vh@[vuׯLG2~Σړ֍چ7kOxW;6\r\0\0\0\0\0\0\0\0\0\0\0\0\0\0\0\0\0\0\0Q\0?!{[߬\0\0\0\0IENDB`',1),('60002',1,'接收任务测试.bpmn20.xml','60001','<?xml version=\"1.0\" encoding=\"UTF-8\"?>\n<definitions xmlns=\"http://www.omg.org/spec/BPMN/20100524/MODEL\" xmlns:bpmndi=\"http://www.omg.org/spec/BPMN/20100524/DI\"\n             xmlns:omgdc=\"http://www.omg.org/spec/DD/20100524/DC\" xmlns:omgdi=\"http://www.omg.org/spec/DD/20100524/DI\"\n             typeLanguage=\"http://www.w3.org/2001/XMLSchema\" expressionLanguage=\"http://www.w3.org/1999/XPath\"\n             targetNamespace=\"receiveTask\">\n  <process id=\"receivetask\" name=\"接收任务测试\" isExecutable=\"true\">\n    <documentation>接收任务测试</documentation>\n    <startEvent id=\"startEvent1\"></startEvent>\n    <receiveTask id=\"sid-43D1D00A-A9A6-4D4E-88CF-7CA2CCC359FD\" name=\"获取当日销售额\"></receiveTask>\n    <sequenceFlow id=\"sid-642EF126-92CA-4FF9-8BC3-B5C8B319C302\" sourceRef=\"startEvent1\" targetRef=\"sid-43D1D00A-A9A6-4D4E-88CF-7CA2CCC359FD\"></sequenceFlow>\n    <receiveTask id=\"sid-88B3ACC4-E163-41F4-8B1B-31F4978ED9D8\" name=\"给总经理发短信\"></receiveTask>\n    <sequenceFlow id=\"sid-E12608C4-65CC-49B1-B3C8-5B0EE33EAAAA\" sourceRef=\"sid-43D1D00A-A9A6-4D4E-88CF-7CA2CCC359FD\" targetRef=\"sid-88B3ACC4-E163-41F4-8B1B-31F4978ED9D8\"></sequenceFlow>\n    <endEvent id=\"sid-CF88376B-4F95-4E15-AAB1-16DE759A2130\"></endEvent>\n    <sequenceFlow id=\"sid-F82552A1-B3C3-4838-8878-7DC80D192227\" sourceRef=\"sid-88B3ACC4-E163-41F4-8B1B-31F4978ED9D8\" targetRef=\"sid-CF88376B-4F95-4E15-AAB1-16DE759A2130\"></sequenceFlow>\n  </process>\n  <bpmndi:BPMNDiagram id=\"BPMNDiagram_receivetask\">\n    <bpmndi:BPMNPlane bpmnElement=\"receivetask\" id=\"BPMNPlane_receivetask\">\n      <bpmndi:BPMNShape bpmnElement=\"startEvent1\" id=\"BPMNShape_startEvent1\">\n        <omgdc:Bounds height=\"30.0\" width=\"30.0\" x=\"100.0\" y=\"145.0\"></omgdc:Bounds>\n      </bpmndi:BPMNShape>\n      <bpmndi:BPMNShape bpmnElement=\"sid-43D1D00A-A9A6-4D4E-88CF-7CA2CCC359FD\" id=\"BPMNShape_sid-43D1D00A-A9A6-4D4E-88CF-7CA2CCC359FD\">\n        <omgdc:Bounds height=\"80.0\" width=\"100.0\" x=\"210.0\" y=\"120.0\"></omgdc:Bounds>\n      </bpmndi:BPMNShape>\n      <bpmndi:BPMNShape bpmnElement=\"sid-88B3ACC4-E163-41F4-8B1B-31F4978ED9D8\" id=\"BPMNShape_sid-88B3ACC4-E163-41F4-8B1B-31F4978ED9D8\">\n        <omgdc:Bounds height=\"80.0\" width=\"100.0\" x=\"360.0\" y=\"120.0\"></omgdc:Bounds>\n      </bpmndi:BPMNShape>\n      <bpmndi:BPMNShape bpmnElement=\"sid-CF88376B-4F95-4E15-AAB1-16DE759A2130\" id=\"BPMNShape_sid-CF88376B-4F95-4E15-AAB1-16DE759A2130\">\n        <omgdc:Bounds height=\"28.0\" width=\"28.0\" x=\"505.0\" y=\"146.0\"></omgdc:Bounds>\n      </bpmndi:BPMNShape>\n      <bpmndi:BPMNEdge bpmnElement=\"sid-642EF126-92CA-4FF9-8BC3-B5C8B319C302\" id=\"BPMNEdge_sid-642EF126-92CA-4FF9-8BC3-B5C8B319C302\">\n        <omgdi:waypoint x=\"129.94999913076796\" y=\"160.0\"></omgdi:waypoint>\n        <omgdi:waypoint x=\"209.99999999998067\" y=\"160.0\"></omgdi:waypoint>\n      </bpmndi:BPMNEdge>\n      <bpmndi:BPMNEdge bpmnElement=\"sid-F82552A1-B3C3-4838-8878-7DC80D192227\" id=\"BPMNEdge_sid-F82552A1-B3C3-4838-8878-7DC80D192227\">\n        <omgdi:waypoint x=\"459.94999999999595\" y=\"160.0\"></omgdi:waypoint>\n        <omgdi:waypoint x=\"505.0\" y=\"160.0\"></omgdi:waypoint>\n      </bpmndi:BPMNEdge>\n      <bpmndi:BPMNEdge bpmnElement=\"sid-E12608C4-65CC-49B1-B3C8-5B0EE33EAAAA\" id=\"BPMNEdge_sid-E12608C4-65CC-49B1-B3C8-5B0EE33EAAAA\">\n        <omgdi:waypoint x=\"309.9499999999581\" y=\"160.0\"></omgdi:waypoint>\n        <omgdi:waypoint x=\"359.9999999999364\" y=\"160.0\"></omgdi:waypoint>\n      </bpmndi:BPMNEdge>\n    </bpmndi:BPMNPlane>\n  </bpmndi:BPMNDiagram>\n</definitions>',0),('60003',1,'接收任务测试.receivetask.png','60001','PNG\r\n\Z\n\0\0\0\rIHDR\0\0\0\0\0\0\0\0괢\0\0aIDATx}c\0A\"WVKD\"\"^̌jF)U_AJjg}HSK?6>j,GQnu[ųuv<=LsK̙3ks\0\0\0\0\0\0\0\0\0\0\0\0\0\0\0\0\0\0\0\0\0\0\0\0\0\0\0\0\0\0\0\0\0\0\0\0\0\0\0\0\0\0\0\0\0\0\0\0\0\0\0\0\0\0\0\0\0\0\0\0\0\0\0\0\0\0\0\0\0\0\0\0\0\0\0\0\0\0\0\0\0\0\0\0\0\0\0\0\0\0\0\0\0\0\0\0\0\0\0\0\0\0\0\0\0\0\0\0\0\0\0\0\0\0\0\0\0\0\0\0\0\0\0\0\0\0\0\0\0\0\0\0\0\0\0\0\0\0\0\0\0\0\0\0\0\0\0\0\0\0\0\0\0\0\0\0\0\0\0\0\0\0\0\0\0\0\0\0\0\0\0\0\0\0\0\0\0\0\0\0\0\0\0\0\0\0\0\0\0\0\0\0\0\0\0\0\0\0\0\0\0\0\0\0\0\0\0\0\0\0\0\0\0\0\0\0\0\0\0\0\0\0\0\0\0\0\0\0\0\0\0\0\0\0\0\0\0\0\0\0\0\0\0\0\0\0\0\0\0\0\0\0T^K˖-eżyAn/x([\"A,Y,nݪFmŋ7	q+Ş$JW@S!q$M\\i\nhj17sޣD!4q]n:|ŇW\0}Jl{]Kq-$!I+q$:tyG[~tYW\nI\0v uq%\0$v(\Z]/IHJ\\rўhO+>ĕ$ܙ7/KW\0ux˒$!$F`JJ\\|pH$!%tR%jp2(IB\\+~%z6JIBW\n_IwpHJ\\J$	q%\0$	IB\\i@IJ\\H$)>4q IHJ\\HCW0ʕ+;yӦM8amG..⢭+bI>+_b$!4qՓ?9rUeylmS䓲m)f?i1cƌgLmĉ?^,[XfMe˖\"/⤸k;v[P$ĕ&K.o6l[޴۷h;n?s[+V(n馟;::>5%	IB\\i7eZ\nFm|ܣ{͚5kqW^yOEGkVo6\n\"IHJq5rȋ[ZZ3/$Z[[XpaW_?C-g㏵z>}zq饗VMFAXh;Ǐ/VZU/(cƌ;[X$ĕ6|,<X?Es=W\r6nˋ16£[xcǎUJ҆I\\ňG^x\\{QJ\"4XS-5hdԨQʀ9֖$$	q5o\\\Z|e)SV`!>;ck؝fϞu-.IHJk޸*ǮyRY\"a3gxCbw+.$$	q5g\\\ZNh\n&_\"Q8GN;>F?$	IB\\iM[|KA,^xC]4!}޾.mܲ$!I+mOP4-2щ~8\nr|2)ӟ|b0M>}E:^68oȑ-IHJ\\\r:ezvs#y!5]-qoY+~hoC$ĕbZj_hn#q\"\'CM|IڵkXn]g,_6$!I+qPחծ腦Uq&u\'CM|;m^hmĐ$!I+qP6v=|2oa`h7IbjJW`|~쑏͛7SyN;mw+x{߿OQFfͪnƌ~8#]6m6q2sOמ~\']/֟\'^wL66{z7nfյvgZ\rjґ~Ul|ܹsk}=>V㬕n/pgϞ]?>\"Flw5/X޿ꫵX\\xq>Z^OzM/RVҥKwCxCqQ#2Y9^%anzj$\'ԧzxgkzg~;0~GqDCu{>8kku矿o=3Ψᇵ#/_v9S_~q9=Nm\"ItA䙊H2M:ߗxovz(Nr,QI&ޏoujsQ$tI1ۈ}ݷ~FDLp	?X^J-,utttE͜9a=ĊbȚz[otv3gοX8S`595I#o8[?n:.O0aXreq믿^+D\Zz,YR=Q<QGU+>\"ז\'h٧?@;nI2X\Zp)ԓU$t(䚤ѰH_)(E/>S=\n4\"Z_z-x7xcy睷cHb*SEáZ}qӼXI1/T|\"gn*}ƪ!M0c9څ^{|L<y{7#o;>fps9FSp	Gǜn#&)G;jI;b*퉦orH;(V\"	4#IE?c$xxc&M1j}ɋGՆS1P*>,bj*ILwQ|4  F\"q{#t_>ʑb6\Z@HӨXOz5~\'ikKO8]Oә14ĊƐ|kr_\\uUN|tGt~{}4=أ#st4NOɦ	\"t8NJDqXO/T4\ZH	(-dS>ѧ#W(\0c:/Fb-WxZ9/_{M(4|JG]N0\Z|TGLb%Q$w[(b$n]DRkIěF\"b[uY݊T(5S\\N˾}`ᴭWg8N]̙sNX~}m+GwyF#ie7G_F)>RJ|-w\ZGvuEbHEU`DB#DsO#\']mTWu!7ۈW\\7q\n[^Gb+I?i4!{nU(^XMmoQ<zlR`TԤdGv._~u]mF?6,-$#Y4*>\"q$HC1POt#uu>FB\Z73Nx\ZG>T*8s~4˱[^I#Q|l?$\nxS2b[1q9\"]vR!)|4!MG/V)\nxǆB+>)&QH/q9FLbJ1}.3Лm[mmG~MWFe;Rw6$7# )AbOzXaj5#1K#PjЗ#(F>zJRw#9Ҷ*>v\ZI{ij*?$O Qbr:9o$xǌ Y	>?b:_ hauGZOG爍(LmP#vdUϿn)wG=!.7Zje\'2|ez=xI\"9c`l\\>%󼃌5EL<$ߣz#Τ7NTh$	E\"?T׬:%~u#LS)*>\\]P-ޣ(ں=^uiZG{#XKЈ,.|qg9kRhH:/rWvHҡxsL=|W|]IoFӆx񇲭OEBvZD3u|&IBkGGǏZx՛---\r6.q^DZjI{swD9\nܫ#YlN(t~])HJ=z:d8Sҹ袋\Z,mF>G{1_=7Ilj5G>o#5FG4\rScy4O_)Cc\'\n(:ю)2eJ}-}Fʽ=J~ouΎ\Zq5rȋ4)_etKimmm;v즁\Z(<@mw+qXkp\0Q-4_M>iRQm|{n!Z\"\0mUIBW\'eېQq\"HS21g.Q~~Uu|bή6ttt[|澜cܹ/˻Ȝ$!I+mxU~6d!D2ziӦoLצ//j?nWˊNB$$	q<t!Rt\'X]\"E0}`|O[?NqLs$!4q%C$ĕ$$	q)>\0IBS|x?$!I+q IhM\\MW\n@$ĕ&\0Ň&I+q IHJS|\0$!I+q IhM\\MW\n@$ĕ\0$	MW\n@$ĕ\0$	M+\0IBW\n@$ĕ&\0Ň&I+q IHJS|\0Cςt{NR&mJW@S{7vvvf͚.JW@S[pṋ-n31e@\\i\nhzeram[l-A+q\0\0\0\0\0\0\0\0\0\0\0\0\0\0\0\0\0\0_@x$P!\0\0\0\0IENDB`',1),('70002',1,'个人任务测试.bpmn20.xml','70001','<?xml version=\"1.0\" encoding=\"UTF-8\"?>\n<definitions xmlns=\"http://www.omg.org/spec/BPMN/20100524/MODEL\" xmlns:xsi=\"http://www.w3.org/2001/XMLSchema-instance\" xmlns:xsd=\"http://www.w3.org/2001/XMLSchema\" xmlns:flowable=\"http://flowable.org/bpmn\" xmlns:bpmndi=\"http://www.omg.org/spec/BPMN/20100524/DI\" xmlns:omgdc=\"http://www.omg.org/spec/DD/20100524/DC\" xmlns:omgdi=\"http://www.omg.org/spec/DD/20100524/DI\" typeLanguage=\"http://www.w3.org/2001/XMLSchema\" expressionLanguage=\"http://www.w3.org/1999/XPath\" targetNamespace=\"http://www.flowable.org/processdef\">\n  <process id=\"singletask\" name=\"个人任务测试\" isExecutable=\"true\">\n    <documentation>个人任务测试</documentation>\n    <startEvent id=\"startEvent1\"></startEvent>\n    <userTask id=\"sid-EDB2F5F1-2903-414D-B53F-A55D993F14B4\" name=\"审批\" flowable:assignee=\"张三丰\">\n      <extensionElements>\n        <modeler:initiator-can-complete xmlns:modeler=\"http://flowable.org/modeler\"><![CDATA[false]]></modeler:initiator-can-complete>\n      </extensionElements>\n    </userTask>\n    <sequenceFlow id=\"sid-B13B519D-21B7-4FB9-A62F-C88194F2BFAF\" sourceRef=\"startEvent1\" targetRef=\"sid-EDB2F5F1-2903-414D-B53F-A55D993F14B4\"></sequenceFlow>\n    <endEvent id=\"sid-3FA5A03F-6C4C-4797-AAB4-300675695AEE\"></endEvent>\n    <sequenceFlow id=\"sid-127150AC-E20A-49FC-B085-7B92C05CB1C0\" sourceRef=\"sid-EDB2F5F1-2903-414D-B53F-A55D993F14B4\" targetRef=\"sid-3FA5A03F-6C4C-4797-AAB4-300675695AEE\"></sequenceFlow>\n  </process>\n  <bpmndi:BPMNDiagram id=\"BPMNDiagram_singletask\">\n    <bpmndi:BPMNPlane bpmnElement=\"singletask\" id=\"BPMNPlane_singletask\">\n      <bpmndi:BPMNShape bpmnElement=\"startEvent1\" id=\"BPMNShape_startEvent1\">\n        <omgdc:Bounds height=\"30.0\" width=\"30.0\" x=\"100.0\" y=\"163.0\"></omgdc:Bounds>\n      </bpmndi:BPMNShape>\n      <bpmndi:BPMNShape bpmnElement=\"sid-EDB2F5F1-2903-414D-B53F-A55D993F14B4\" id=\"BPMNShape_sid-EDB2F5F1-2903-414D-B53F-A55D993F14B4\">\n        <omgdc:Bounds height=\"80.0\" width=\"100.0\" x=\"175.0\" y=\"138.0\"></omgdc:Bounds>\n      </bpmndi:BPMNShape>\n      <bpmndi:BPMNShape bpmnElement=\"sid-3FA5A03F-6C4C-4797-AAB4-300675695AEE\" id=\"BPMNShape_sid-3FA5A03F-6C4C-4797-AAB4-300675695AEE\">\n        <omgdc:Bounds height=\"28.0\" width=\"28.0\" x=\"320.0\" y=\"164.0\"></omgdc:Bounds>\n      </bpmndi:BPMNShape>\n      <bpmndi:BPMNEdge bpmnElement=\"sid-127150AC-E20A-49FC-B085-7B92C05CB1C0\" id=\"BPMNEdge_sid-127150AC-E20A-49FC-B085-7B92C05CB1C0\">\n        <omgdi:waypoint x=\"274.95000000000005\" y=\"178.0\"></omgdi:waypoint>\n        <omgdi:waypoint x=\"320.0\" y=\"178.0\"></omgdi:waypoint>\n      </bpmndi:BPMNEdge>\n      <bpmndi:BPMNEdge bpmnElement=\"sid-B13B519D-21B7-4FB9-A62F-C88194F2BFAF\" id=\"BPMNEdge_sid-B13B519D-21B7-4FB9-A62F-C88194F2BFAF\">\n        <omgdi:waypoint x=\"129.9499984899576\" y=\"178.0\"></omgdi:waypoint>\n        <omgdi:waypoint x=\"174.9999999999917\" y=\"178.0\"></omgdi:waypoint>\n      </bpmndi:BPMNEdge>\n    </bpmndi:BPMNPlane>\n  </bpmndi:BPMNDiagram>\n</definitions>',0),('70003',1,'个人任务测试.singletask.png','70001','PNG\r\n\Z\n\0\0\0\rIHDR\0\0f\0\0\0\0\0\0)q\0\0\nIDATxoTeq^h;_\Z}M?aW`H\nĪ	h/!&\rJذ,j=芸\\TjkYjX=	z3\'yaf\ng93m\Z\0\0\0\0\0\0\0\0\0\0\0\0\0\0\0\0\0\0\0\0\0\0\0\0\0\0\0\0\0\0\0\0\0\0\0\0\0\0\0\0\0\0\0\0\0\0\0\0\0\0\0\0\0\0\0\0\0\0\0\0\0\0\0\0\0\0\0\0\0\0\0\0\0\0\0\0\0\0\0\0\0\0\0\0\0\0\0\0\0\0\0\0\0\0\0\0\0\0\0\0\0\0\0\0\0\0\0\0\0\0\0\0\0\0\0\0\0\0\0\0\0\0\0\0\0\0\0\0\0\0\0\0\0\0\0\0\0\0\0\0\0\0\0\0\0\0\0\0\0\0\0\0\0\0\0\0\0\0\0\0\0\0\0\0\0\0\0\0\0\0\0\0\0\0\0\0\0\0\0\0\0\0\0\0\0\0\0\0\0\0\0\0$-Nڴ[ZZ&ȣ9ٹsQcEwڕ$M\ZΝKۿK#)ry AUX:#\rXĒ\nsbaW0~+9uḧq\n3pۙ|ڰ49mU#U\"8{t\n3P0xaU\"Ӧc9TaY8\nc0c*@|bs<&9;;O\\HU\"9G9SanF19O#11Afa3Y;\Zs<?at&u5?s͞(P7K6{fa,Zgf ahC`s\raf@fCڒ$>h_jw<9s3g&555zꩁ_|ի7lUWWj^mJǉtž8>%(NS4ț7o^r$N3xbkOOO\'$ig}s=w\'+̆0#<t4cJ3>N_VSD\Zڗ_~ŋg{ҥd>,YR]]ݱ3fJ\ra[\Z׻Ҹ6vUҾY-O>du\np;vHjkk+e,oUUU3g͚VWW\'jښ|ٟ.\\ygϞd͚5ɣ>:<}f\Z嶶̟??9~xgΜIϝ;lUQ~0\r oذ!48:=YrDyxΚ0s>gʹQ^pafv<}8,fΕ)6s~z\ra6rcM9wbٲeCe{0n[b@)Ҷmӗ]٘aNܜ;Sls<lKؖ-[?SRhO?twfa8$.wMyZ]sQƳ8N9+#GY9anF3޸+758/aq7;JigIoY\rřz7bV{_qưCR2Y[.)5kSJK͘˾0bruyZ0/R2׾Ӭi޽gҍekT9chalCW}yXw٪te&.HU0wwwW%S\r~rw.alCW.H?o\rg=R2W^Xϋ+eN;,̓نџu֡s9E+3w3L-7esir܆ҕٳg_.Lfz<-帔7xYhQ~y5?2c6s]e3fm^cUkW\\֘ۓ8=;L7oNarׯ_?t;B-ۆ13nK.=Q2\Z\Z\Z^Ge3\\<<+W[oM^xӧOgbϹ3A۟vttd[mQ믿1/[l[<ח͐#=Pf&=ZsgwqGؘ똅1gr3K/r޼y?̿f:Yg#\ZsuӦMC#q{>c|}\rݿvZKyg`1t_[pΉu\rz~{1cӧ=/)Mxλ;jԭ1ke0n?~t|n~\'O^5\Zٳg9a.}첫UB_9ֳ\'ry#,r#ng]w9b]ֈ7#C9ozRl\\5ZO0Iw	&ŝ=g<19cDk|F|!q\0`r\'Tt|!ߟޝgNcqvJvageg\r)[¨4յ9L9nK)8g?%;F_rJy:{>aoEl\"\\}-a@qqJ̆\\g#ov2{쟇mW)\ZXKu:tFSnllܘ@PI\\,̅reMyj9szVZut_?>ŵ/|OSOJ{GXڕ@H+q_ckye:XrU\\$%ǏS?+,#af\Z10l3 !̀03 ̆0l3 !̀03 ̆0,̀00l3 ̆0,̀00l30i---X:b\ZA[%Lq;wI|V	S\\kko~qy3rssxV	LKc`:S;/c(c\0\0\0\0\0\0\0\0\0\0\0\0y?83\nKT\0\0\0\0IENDB`',1),('75002',1,'个人任务测试2.bpmn20.xml','75001','<?xml version=\"1.0\" encoding=\"UTF-8\"?>\n<definitions xmlns=\"http://www.omg.org/spec/BPMN/20100524/MODEL\" xmlns:xsi=\"http://www.w3.org/2001/XMLSchema-instance\" xmlns:xsd=\"http://www.w3.org/2001/XMLSchema\" xmlns:flowable=\"http://flowable.org/bpmn\" xmlns:bpmndi=\"http://www.omg.org/spec/BPMN/20100524/DI\" xmlns:omgdc=\"http://www.omg.org/spec/DD/20100524/DC\" xmlns:omgdi=\"http://www.omg.org/spec/DD/20100524/DI\" typeLanguage=\"http://www.w3.org/2001/XMLSchema\" expressionLanguage=\"http://www.w3.org/1999/XPath\" targetNamespace=\"http://www.flowable.org/processdef\">\n  <process id=\"singletask\" name=\"个人任务测试\" isExecutable=\"true\">\n    <documentation>个人任务测试</documentation>\n    <startEvent id=\"startEvent1\"></startEvent>\n    <userTask id=\"sid-EDB2F5F1-2903-414D-B53F-A55D993F14B4\" name=\"审批\" flowable:assignee=\"#{userId}\">\n      <extensionElements>\n        <modeler:initiator-can-complete xmlns:modeler=\"http://flowable.org/modeler\"><![CDATA[false]]></modeler:initiator-can-complete>\n      </extensionElements>\n    </userTask>\n    <sequenceFlow id=\"sid-B13B519D-21B7-4FB9-A62F-C88194F2BFAF\" sourceRef=\"startEvent1\" targetRef=\"sid-EDB2F5F1-2903-414D-B53F-A55D993F14B4\"></sequenceFlow>\n    <endEvent id=\"sid-3FA5A03F-6C4C-4797-AAB4-300675695AEE\"></endEvent>\n    <sequenceFlow id=\"sid-127150AC-E20A-49FC-B085-7B92C05CB1C0\" sourceRef=\"sid-EDB2F5F1-2903-414D-B53F-A55D993F14B4\" targetRef=\"sid-3FA5A03F-6C4C-4797-AAB4-300675695AEE\"></sequenceFlow>\n  </process>\n  <bpmndi:BPMNDiagram id=\"BPMNDiagram_singletask\">\n    <bpmndi:BPMNPlane bpmnElement=\"singletask\" id=\"BPMNPlane_singletask\">\n      <bpmndi:BPMNShape bpmnElement=\"startEvent1\" id=\"BPMNShape_startEvent1\">\n        <omgdc:Bounds height=\"30.0\" width=\"30.0\" x=\"100.0\" y=\"163.0\"></omgdc:Bounds>\n      </bpmndi:BPMNShape>\n      <bpmndi:BPMNShape bpmnElement=\"sid-EDB2F5F1-2903-414D-B53F-A55D993F14B4\" id=\"BPMNShape_sid-EDB2F5F1-2903-414D-B53F-A55D993F14B4\">\n        <omgdc:Bounds height=\"80.0\" width=\"100.0\" x=\"175.0\" y=\"138.0\"></omgdc:Bounds>\n      </bpmndi:BPMNShape>\n      <bpmndi:BPMNShape bpmnElement=\"sid-3FA5A03F-6C4C-4797-AAB4-300675695AEE\" id=\"BPMNShape_sid-3FA5A03F-6C4C-4797-AAB4-300675695AEE\">\n        <omgdc:Bounds height=\"28.0\" width=\"28.0\" x=\"320.0\" y=\"164.0\"></omgdc:Bounds>\n      </bpmndi:BPMNShape>\n      <bpmndi:BPMNEdge bpmnElement=\"sid-127150AC-E20A-49FC-B085-7B92C05CB1C0\" id=\"BPMNEdge_sid-127150AC-E20A-49FC-B085-7B92C05CB1C0\">\n        <omgdi:waypoint x=\"274.95000000000005\" y=\"178.0\"></omgdi:waypoint>\n        <omgdi:waypoint x=\"320.0\" y=\"178.0\"></omgdi:waypoint>\n      </bpmndi:BPMNEdge>\n      <bpmndi:BPMNEdge bpmnElement=\"sid-B13B519D-21B7-4FB9-A62F-C88194F2BFAF\" id=\"BPMNEdge_sid-B13B519D-21B7-4FB9-A62F-C88194F2BFAF\">\n        <omgdi:waypoint x=\"129.9499984899576\" y=\"178.0\"></omgdi:waypoint>\n        <omgdi:waypoint x=\"174.9999999999917\" y=\"178.0\"></omgdi:waypoint>\n      </bpmndi:BPMNEdge>\n    </bpmndi:BPMNPlane>\n  </bpmndi:BPMNDiagram>\n</definitions>',0),('75003',1,'个人任务测试2.singletask.png','75001','PNG\r\n\Z\n\0\0\0\rIHDR\0\0f\0\0\0\0\0\0)q\0\0\nIDATxoTeq^h;_\Z}M?aW`H\nĪ	h/!&\rJذ,j=芸\\TjkYjX=	z3\'yaf\ng93m\Z\0\0\0\0\0\0\0\0\0\0\0\0\0\0\0\0\0\0\0\0\0\0\0\0\0\0\0\0\0\0\0\0\0\0\0\0\0\0\0\0\0\0\0\0\0\0\0\0\0\0\0\0\0\0\0\0\0\0\0\0\0\0\0\0\0\0\0\0\0\0\0\0\0\0\0\0\0\0\0\0\0\0\0\0\0\0\0\0\0\0\0\0\0\0\0\0\0\0\0\0\0\0\0\0\0\0\0\0\0\0\0\0\0\0\0\0\0\0\0\0\0\0\0\0\0\0\0\0\0\0\0\0\0\0\0\0\0\0\0\0\0\0\0\0\0\0\0\0\0\0\0\0\0\0\0\0\0\0\0\0\0\0\0\0\0\0\0\0\0\0\0\0\0\0\0\0\0\0\0\0\0\0\0\0\0\0\0\0\0\0\0\0$-Nڴ[ZZ&ȣ9ٹsQcEwڕ$M\ZΝKۿK#)ry AUX:#\rXĒ\nsbaW0~+9uḧq\n3pۙ|ڰ49mU#U\"8{t\n3P0xaU\"Ӧc9TaY8\nc0c*@|bs<&9;;O\\HU\"9G9SanF19O#11Afa3Y;\Zs<?at&u5?s͞(P7K6{fa,Zgf ahC`s\raf@fCڒ$>h_jw<9s3g&555zꩁ_|ի7lUWWj^mJǉtž8>%(NS4ț7o^r$N3xbkOOO\'$ig}s=w\'+̆0#<t4cJ3>N_VSD\Zڗ_~ŋg{ҥd>,YR]]ݱ3fJ\ra[\Z׻Ҹ6vUҾY-O>du\np;vHjkk+e,oUUU3g͚VWW\'jښ|ٟ.\\ygϞd͚5ɣ>:<}f\Z嶶̟??9~xgΜIϝ;lUQ~0\r oذ!48:=YrDyxΚ0s>gʹQ^pafv<}8,fΕ)6s~z\ra6rcM9wbٲeCe{0n[b@)Ҷmӗ]٘aNܜ;Sls<lKؖ-[?SRhO?twfa8$.wMyZ]sQƳ8N9+#GY9anF3޸+758/aq7;JigIoY\rřz7bV{_qưCR2Y[.)5kSJK͘˾0bruyZ0/R2׾Ӭi޽gҍekT9chalCW}yXw٪te&.HU0wwwW%S\r~rw.alCW.H?o\rg=R2W^Xϋ+eN;,̓نџu֡s9E+3w3L-7esir܆ҕٳg_.Lfz<-帔7xYhQ~y5?2c6s]e3fm^cUkW\\֘ۓ8=;L7oNarׯ_?t;B-ۆ13nK.=Q2\Z\Z\Z^Ge3\\<<+W[oM^xӧOgbϹ3A۟vttd[mQ믿1/[l[<ח͐#=Pf&=ZsgwqGؘ똅1gr3K/r޼y?̿f:Yg#\ZsuӦMC#q{>c|}\rݿvZKyg`1t_[pΉu\rz~{1cӧ=/)Mxλ;jԭ1ke0n?~t|n~\'O^5\Zٳg9a.}첫UB_9ֳ\'ry#,r#ng]w9b]ֈ7#C9ozRl\\5ZO0Iw	&ŝ=g<19cDk|F|!q\0`r\'Tt|!ߟޝgNcqvJvageg\r)[¨4յ9L9nK)8g?%;F_rJy:{>aoEl\"\\}-a@qqJ̆\\g#ov2{쟇mW)\ZXKu:tFSnllܘ@PI\\,̅reMyj9szVZut_?>ŵ/|OSOJ{GXڕ@H+q_ckye:XrU\\$%ǏS?+,#af\Z10l3 !̀03 ̆0l3 !̀03 ̆0,̀00l3 ̆0,̀00l30i---X:b\ZA[%Lq;wI|V	S\\kko~qy3rssxV	LKc`:S;/c(c\0\0\0\0\0\0\0\0\0\0\0\0y?83\nKT\0\0\0\0IENDB`',1),('7502',1,'员工请假.bpmn','7501','<?xml version=\"1.0\" encoding=\"UTF-8\"?>\n<definitions xmlns=\"http://www.omg.org/spec/BPMN/20100524/MODEL\" xmlns:xsi=\"http://www.w3.org/2001/XMLSchema-instance\" xmlns:xsd=\"http://www.w3.org/2001/XMLSchema\" xmlns:flowable=\"http://flowable.org/bpmn\" xmlns:bpmndi=\"http://www.omg.org/spec/BPMN/20100524/DI\" xmlns:omgdc=\"http://www.omg.org/spec/DD/20100524/DC\" xmlns:omgdi=\"http://www.omg.org/spec/DD/20100524/DI\" typeLanguage=\"http://www.w3.org/2001/XMLSchema\" expressionLanguage=\"http://www.w3.org/1999/XPath\" targetNamespace=\"http://www.flowable.org/processdef\">\n  <process id=\"holiday\" name=\"员工请假流程模型\" isExecutable=\"true\">\n    <documentation>员工请假流程模型</documentation>\n    <startEvent id=\"startEvent1\" flowable:formKey=\"holiday\"></startEvent>\n    <exclusiveGateway id=\"sid-79696A4A-0E1A-476B-9D66-1CBD2B74EF19\"></exclusiveGateway>\n    <sequenceFlow id=\"sid-CC84B4B8-1BAF-4C40-8CEF-0EA614418528\" sourceRef=\"startEvent1\" targetRef=\"sid-79696A4A-0E1A-476B-9D66-1CBD2B74EF19\"></sequenceFlow>\n    <userTask id=\"sid-66B114EC-A234-42DB-B67B-CC8C3C314111\" name=\"部门主管审批\" flowable:assignee=\"zhangsan\">\n      <extensionElements>\n        <modeler:activiti-idm-assignee xmlns:modeler=\"http://flowable.org/modeler\"><![CDATA[true]]></modeler:activiti-idm-assignee>\n        <modeler:assignee-info-email xmlns:modeler=\"http://flowable.org/modeler\"><![CDATA[zhangsan@upsky.com]]></modeler:assignee-info-email>\n        <modeler:assignee-info-firstname xmlns:modeler=\"http://flowable.org/modeler\"><![CDATA[三]]></modeler:assignee-info-firstname>\n        <modeler:assignee-info-lastname xmlns:modeler=\"http://flowable.org/modeler\"><![CDATA[张]]></modeler:assignee-info-lastname>\n        <modeler:initiator-can-complete xmlns:modeler=\"http://flowable.org/modeler\"><![CDATA[false]]></modeler:initiator-can-complete>\n      </extensionElements>\n    </userTask>\n    <endEvent id=\"sid-BFEA487A-AD0B-405F-8FF9-823DB67A330C\"></endEvent>\n    <sequenceFlow id=\"sid-33BE467F-3E32-425B-92DE-457331BD45CA\" sourceRef=\"sid-66B114EC-A234-42DB-B67B-CC8C3C314111\" targetRef=\"sid-BFEA487A-AD0B-405F-8FF9-823DB67A330C\"></sequenceFlow>\n    <userTask id=\"sid-3F10C5D5-B8E9-4617-81F8-C3A5B0A7CA9B\" name=\"总经理审批\" flowable:candidateUsers=\"lisi\">\n      <extensionElements>\n        <modeler:user-info-email-lisi xmlns:modeler=\"http://flowable.org/modeler\"><![CDATA[lisi@upsky.com]]></modeler:user-info-email-lisi>\n        <modeler:user-info-firstname-lisi xmlns:modeler=\"http://flowable.org/modeler\"><![CDATA[四]]></modeler:user-info-firstname-lisi>\n        <modeler:user-info-lastname-lisi xmlns:modeler=\"http://flowable.org/modeler\"><![CDATA[李]]></modeler:user-info-lastname-lisi>\n        <modeler:activiti-idm-candidate-user xmlns:modeler=\"http://flowable.org/modeler\"><![CDATA[true]]></modeler:activiti-idm-candidate-user>\n        <modeler:initiator-can-complete xmlns:modeler=\"http://flowable.org/modeler\"><![CDATA[false]]></modeler:initiator-can-complete>\n      </extensionElements>\n    </userTask>\n    <userTask id=\"sid-41FE841F-FE49-445D-A566-43A4A41B0F7B\" name=\"总裁审批\" flowable:candidateGroups=\"jishu\">\n      <extensionElements>\n        <modeler:group-info-name-jishu xmlns:modeler=\"http://flowable.org/modeler\"><![CDATA[技术部]]></modeler:group-info-name-jishu>\n        <modeler:activiti-idm-candidate-group xmlns:modeler=\"http://flowable.org/modeler\"><![CDATA[true]]></modeler:activiti-idm-candidate-group>\n        <modeler:initiator-can-complete xmlns:modeler=\"http://flowable.org/modeler\"><![CDATA[false]]></modeler:initiator-can-complete>\n      </extensionElements>\n    </userTask>\n    <sequenceFlow id=\"sid-1F2BAB74-5125-4CE4-ACE0-7AE1A56CCA73\" sourceRef=\"sid-3F10C5D5-B8E9-4617-81F8-C3A5B0A7CA9B\" targetRef=\"sid-41FE841F-FE49-445D-A566-43A4A41B0F7B\"></sequenceFlow>\n    <endEvent id=\"sid-69A3FF20-C12B-4E1E-BA99-2DCC2A17DA71\"></endEvent>\n    <sequenceFlow id=\"sid-C7D60A3F-BCD7-4725-9B3F-03E2A19D91FC\" sourceRef=\"sid-41FE841F-FE49-445D-A566-43A4A41B0F7B\" targetRef=\"sid-69A3FF20-C12B-4E1E-BA99-2DCC2A17DA71\"></sequenceFlow>\n    <sequenceFlow id=\"sid-CD0C8750-F833-47B1-9B02-C74735790D91\" name=\"小于等于3天\" sourceRef=\"sid-79696A4A-0E1A-476B-9D66-1CBD2B74EF19\" targetRef=\"sid-66B114EC-A234-42DB-B67B-CC8C3C314111\">\n      <conditionExpression xsi:type=\"tFormalExpression\"><![CDATA[${form_holiday_outcome==\"小于等于3天\"}]]></conditionExpression>\n    </sequenceFlow>\n    <sequenceFlow id=\"sid-26D30560-CCEE-46C7-82F7-D0D7AA962E82\" name=\"大于3天\" sourceRef=\"sid-79696A4A-0E1A-476B-9D66-1CBD2B74EF19\" targetRef=\"sid-3F10C5D5-B8E9-4617-81F8-C3A5B0A7CA9B\">\n      <conditionExpression xsi:type=\"tFormalExpression\"><![CDATA[${form_holiday_outcome==\"大于3天\"}]]></conditionExpression>\n    </sequenceFlow>\n  </process>\n  <bpmndi:BPMNDiagram id=\"BPMNDiagram_holiday\">\n    <bpmndi:BPMNPlane bpmnElement=\"holiday\" id=\"BPMNPlane_holiday\">\n      <bpmndi:BPMNShape bpmnElement=\"startEvent1\" id=\"BPMNShape_startEvent1\">\n        <omgdc:Bounds height=\"30.0\" width=\"30.0\" x=\"90.0\" y=\"140.0\"></omgdc:Bounds>\n      </bpmndi:BPMNShape>\n      <bpmndi:BPMNShape bpmnElement=\"sid-79696A4A-0E1A-476B-9D66-1CBD2B74EF19\" id=\"BPMNShape_sid-79696A4A-0E1A-476B-9D66-1CBD2B74EF19\">\n        <omgdc:Bounds height=\"40.0\" width=\"40.0\" x=\"165.0\" y=\"135.0\"></omgdc:Bounds>\n      </bpmndi:BPMNShape>\n      <bpmndi:BPMNShape bpmnElement=\"sid-66B114EC-A234-42DB-B67B-CC8C3C314111\" id=\"BPMNShape_sid-66B114EC-A234-42DB-B67B-CC8C3C314111\">\n        <omgdc:Bounds height=\"80.0\" width=\"100.0\" x=\"240.0\" y=\"30.0\"></omgdc:Bounds>\n      </bpmndi:BPMNShape>\n      <bpmndi:BPMNShape bpmnElement=\"sid-BFEA487A-AD0B-405F-8FF9-823DB67A330C\" id=\"BPMNShape_sid-BFEA487A-AD0B-405F-8FF9-823DB67A330C\">\n        <omgdc:Bounds height=\"28.0\" width=\"28.0\" x=\"465.0\" y=\"56.0\"></omgdc:Bounds>\n      </bpmndi:BPMNShape>\n      <bpmndi:BPMNShape bpmnElement=\"sid-3F10C5D5-B8E9-4617-81F8-C3A5B0A7CA9B\" id=\"BPMNShape_sid-3F10C5D5-B8E9-4617-81F8-C3A5B0A7CA9B\">\n        <omgdc:Bounds height=\"80.0\" width=\"100.0\" x=\"240.0\" y=\"195.0\"></omgdc:Bounds>\n      </bpmndi:BPMNShape>\n      <bpmndi:BPMNShape bpmnElement=\"sid-41FE841F-FE49-445D-A566-43A4A41B0F7B\" id=\"BPMNShape_sid-41FE841F-FE49-445D-A566-43A4A41B0F7B\">\n        <omgdc:Bounds height=\"80.0\" width=\"100.0\" x=\"375.0\" y=\"195.0\"></omgdc:Bounds>\n      </bpmndi:BPMNShape>\n      <bpmndi:BPMNShape bpmnElement=\"sid-69A3FF20-C12B-4E1E-BA99-2DCC2A17DA71\" id=\"BPMNShape_sid-69A3FF20-C12B-4E1E-BA99-2DCC2A17DA71\">\n        <omgdc:Bounds height=\"28.0\" width=\"28.0\" x=\"530.0\" y=\"221.0\"></omgdc:Bounds>\n      </bpmndi:BPMNShape>\n      <bpmndi:BPMNEdge bpmnElement=\"sid-26D30560-CCEE-46C7-82F7-D0D7AA962E82\" id=\"BPMNEdge_sid-26D30560-CCEE-46C7-82F7-D0D7AA962E82\">\n        <omgdi:waypoint x=\"185.5\" y=\"174.43809673366835\"></omgdi:waypoint>\n        <omgdi:waypoint x=\"185.5\" y=\"235.0\"></omgdi:waypoint>\n        <omgdi:waypoint x=\"240.0\" y=\"235.0\"></omgdi:waypoint>\n      </bpmndi:BPMNEdge>\n      <bpmndi:BPMNEdge bpmnElement=\"sid-C7D60A3F-BCD7-4725-9B3F-03E2A19D91FC\" id=\"BPMNEdge_sid-C7D60A3F-BCD7-4725-9B3F-03E2A19D91FC\">\n        <omgdi:waypoint x=\"474.94999999992007\" y=\"235.0\"></omgdi:waypoint>\n        <omgdi:waypoint x=\"530.0\" y=\"235.0\"></omgdi:waypoint>\n      </bpmndi:BPMNEdge>\n      <bpmndi:BPMNEdge bpmnElement=\"sid-1F2BAB74-5125-4CE4-ACE0-7AE1A56CCA73\" id=\"BPMNEdge_sid-1F2BAB74-5125-4CE4-ACE0-7AE1A56CCA73\">\n        <omgdi:waypoint x=\"339.95000000000005\" y=\"235.0\"></omgdi:waypoint>\n        <omgdi:waypoint x=\"375.0\" y=\"235.0\"></omgdi:waypoint>\n      </bpmndi:BPMNEdge>\n      <bpmndi:BPMNEdge bpmnElement=\"sid-CC84B4B8-1BAF-4C40-8CEF-0EA614418528\" id=\"BPMNEdge_sid-CC84B4B8-1BAF-4C40-8CEF-0EA614418528\">\n        <omgdi:waypoint x=\"119.9496588110467\" y=\"155.09285545292158\"></omgdi:waypoint>\n        <omgdi:waypoint x=\"165.375\" y=\"155.375\"></omgdi:waypoint>\n      </bpmndi:BPMNEdge>\n      <bpmndi:BPMNEdge bpmnElement=\"sid-CD0C8750-F833-47B1-9B02-C74735790D91\" id=\"BPMNEdge_sid-CD0C8750-F833-47B1-9B02-C74735790D91\">\n        <omgdi:waypoint x=\"185.5\" y=\"135.5\"></omgdi:waypoint>\n        <omgdi:waypoint x=\"185.5\" y=\"70.0\"></omgdi:waypoint>\n        <omgdi:waypoint x=\"240.0\" y=\"70.0\"></omgdi:waypoint>\n      </bpmndi:BPMNEdge>\n      <bpmndi:BPMNEdge bpmnElement=\"sid-33BE467F-3E32-425B-92DE-457331BD45CA\" id=\"BPMNEdge_sid-33BE467F-3E32-425B-92DE-457331BD45CA\">\n        <omgdi:waypoint x=\"339.95000000000005\" y=\"70.0\"></omgdi:waypoint>\n        <omgdi:waypoint x=\"465.0\" y=\"70.0\"></omgdi:waypoint>\n      </bpmndi:BPMNEdge>\n    </bpmndi:BPMNPlane>\n  </bpmndi:BPMNDiagram>\n</definitions>',0),('7503',1,'员工请假.holiday.png','7501','PNG\r\n\Z\n\0\0\0\rIHDR\0\08\0\0\0\0\0\0\0IDATx/piI1s49Mk4Dk,C \0QOkZ$5\\kW!r\\gSA#P>{fgٙ+dggٙ|~4	\0\0\0\0\0\0\0\0\0\0\0\0\0\0\0\0\0\0\0\0\0\0\0\0\0\0\0\0\0\0\0\0\0\0\0\0\0\0\0\0\0\0\0\0\0\0\0\0\0\0\0\0\0\0\0\0\0\0\0\0\0\0\0\0\0\0 $vZ/ݝtvv\ZWWWWqHCQfӦMIooor	5NuСdÆ\rGҰsV	\0UnBΉZ%\0T)4*JDh\0P׿Hv䍮qP\"\0@C{/ޓj)m\0\rpM^X)8\0xgǺ\r8q`\"\0@\Zp6D\0G	8\00\'\Z,m\0\rpvnAN&8\0p烞m5NOm\0\rpv	%\04fdK<pz*.nL\0hG*~{ヮX8ع6qpWl\Zp\0nFm8\0pg86C*\0]iKPp\0p\0@Q\08J\0G\0f[N4iM+IxZۖ_v^-\0G~/δNԺt u%\r)ӐB\\m2eE^M@Q㮥ej[[J{{{$k׮M{?LG}$7oN/^tM!@QnM\'`3$p>|8>W:Ϝ%0.#7p3o޼lf$~,(\r9Fr\0G	8N)NK-\\\ZjbjѢEUxG	8D\Zn#7Նb)%0bW⚛NK\r5]U\\c\npC-Ng>bXx\0ַ#c>{WB>_hHΖo	8?wl~8KqB/4kV4)8`߹ׯ_?\'Xx.+fys4Y|pęT<MZ4u,~v\rjc&Uy».ۚ\ZjxفIf0+q+n4NcQdŊYgl߾gu;wL暬b??y\'>FluC=%K$V\Z/_>G96.?]|P`] TzJUp6lؐ?O~VdJ;z+Yn]o~37< D}_H!K}\r@.y}_N?fuq9M}=/<lٲ/y䗟~8T?h\r uK)4،F9z)#*Wct&n˯+ެY+\r8jLp0^zi2w#lHϓO>=~<tH1CI|a-3Lݻ+~V\\Жw۶mG}TaXʟs8y# \0={N|ݻwo̮1KNqt\'ꢋ.Jo\\b%BHDȉpr9d]r%ɳ>{Pm̙믿>s=7lq9F{bTt@##\r81\ZAk_Zg$\\=C>qJFpJkyꩧx^of*K_mѨ>l][l>^STT\"dő;::>s$c@Fśq%bJt\Z*.T#	8f͚-Ǌȓ\ni9p+{w.lNǹX\\KÑ58sQNa&_/,.^IOy9UQ|+pNE@*wjC3gokkEƥ!_S8wygv9z4#8(N.mݺuE=\Z5tUxJ	8=f]@͛7jǇ;΄81{)=D)]S>Xױ\'7|sv],N/}KJ(8}J8qb)@k|\"ׅf_=*x֡<D[6DYhQqKڀSŞUGE&\r&2^T<ʕ+\\WMҚT8T\rTej8tUܯd (bkfCNɉ-R&*\rOwyuG	8HNZ%N\'\'3ULCctKOiѓT3=grq&kn\0G	8{ύ}Ad%&Fm-8C]#AsW펳ggƹP8#(\0GQ\0\0G\0Gp\0@Q\0\0G	8\08\0#\0\0G	8\08p\0p\0G\0Gp\0p%\0 8J@p\0p\0[:\0pqETOOϿg8\0*]?&dM=i?\0g굝HQ5xw7\08\0\0\0\08\0\0\0\0 \0\08\0\0 \0\08\0\0\0\08\0\0\0\0 \0\08\0\0\0 \0\08\0\0\0\0 \0\0꾀s\0h3i-z\0hp9$\0\0nNw=\0@]4!&ݚ\0$ImwNΘ1#E?<dC=LZ+6b$\0jl-[oO~$/rӓ?~<	񵷷7ӟ(я~ُwgϞ=+xJhz\0+\r23`,|\'pmݺ5뮻>3gΎ)S\\$T<\";*\0(I+VX;wdʕR/B2sct4&U\00Zf[~;\rncf	RnAq\0L\\1r&Ԍyg>1hM/571-5Z#7FrMv8\r94X@5k%Jg1\0T*NĚjժc[<\\[)+^޾\r9OJ,_Rߒv7l©rHBJRA)n&\0#Fo87+x-\'lgQ.rm\0caq5Wj̙N:^^δ]ER.7ܔU\0PN~aɒ%I--^xk\Zpkam!t!pS||g!rRqZz饗Mz8Z}J97p&\0ʉg8pi[DL\Zr!Uj\048+x~ZKz8jGLʅjMiȱ&\0}<#TU}σ*_+3r뫱g7\Z	ozرcd畖k364CTr0@#8\00[oD߿u4ؔf\rHB58\0P{Y뽨^|[{Qmimm v/U%!^T\0P/~%>Wqp\Zvtǹǹ88\0PO~-|Z#okk{d\\Ӎ ~|{Z0\0b޼y^sQϤfS|Tzᆜ\0~)wq\Znkk{	&#9E\'U~g4gΜm+Wt}bµ.ra\rv?@bM̙3cnm۶\"}4X:]dڤw._}Μ9jٷo4pBNM\0hoo9{죣5#7nZZZ@/hђG~Ǉ_6Қ1_jLKh59mmms9k87k֬y.\rHĂ&_s3ܐR\00A:3f}@~8qf[{ｫwEQ&[RN3ZIWZ[[oOҴv_ƹMr\n9qG(\0\Z}!n?$\0\0fR\0@S\0hX\0ձH{]fp\0\0\0\0\0@\0p\0\0\0@\0p\0\0\0\0\0@\0\0\0\0@\0p\0\0\0@\0p\0\0\0\0g$9c׮]K_~ONUJ6niuh Խ6mڔ&\'NPTJ6lp$n6T\r@{\\V7ىSmC{\0S:;mzoSb_QWXmzo49z]e:m8Ӑd$ZpJuqgmC\r8{X^XGp\0aΎu\rډm:p\rp\Z6lwN,nL܀m8#(G	8S/X3X\'|&n6@i؀s?\rډm:p\rp\Z6|г-پf)M3q!\0Nݯ>=t<m8Ә㏓/)M3!\0N#8\ZۛtE戵3h 4^I?}ع6q,&}mCF8d\r8چ8\rp|O:\r8چ8\rpFځ3jހmhӰGĴ\rmp%(p%(ptb:1mCp\0G\'6[iLh7u<mӯc;8:1mԵՙ։@3ZnߡGĴ\rmw\'!\nBM4eʔb (mmmmY+<]6y?0	}Qӓl޼9YxqrM7Fs@Q:1mCpsm\ZH>)gy&MqbI,8J\'mh2rS7FkF\"`Ґc$%hFMg\'.\\?\r5R1}hѢKj (Gi5MrJFr6@Q6\\\n^\\s3ikrLUm\"t#{(4C;0ַub:1mCۨ8p8FY>1	8wU.n8\rp\nC---҉Ĵ\rm߇Nm\'c)S8n8\rp\n\')\r8چQmRׯӀ,<z78o0:1G6Ƴ83~#^N\'2։	8چ1m-ckP\ruꫴ\rmcw\neĹ^3j1\r;QYܶk֬nOYVJMX\"k3fyGN?|rcW&i6u$wO~ɒ%\r&N[yc9բ`˖-nq9\rݯ~M(H<|;Ot2^zi;y(z駓ٰa)wy_]ZlYrx>yGg旣k3nm6J.Ovޝm[o5\\h3YeK%E\'}8ss\\W,]|y<_!(n|\'|2\ZX?!!ߟy!*:xW\\uj2.o۶-裏6r1\Zm&Tb>yh6Фgжf/*7kى^:4J?쳓뮻8ZgD׭[7utB>߿?wG&㶙3gf#@E(*7P~O\'hqoն={$W]uUmmmg6Rhsڶ88rb_zTbءE#=GyǳK.t\'bp3\\_})xLj6Ga6>Sɯ}\r:Um`!d8qGGgdΨtV̝;7ڇo05Ex$OTEqh|\Z\'N/n߹s.=8JGbailOy\rNᶙ7(k}j6\\TEy\'ofw?ϲ<J?aQ6mV\Zu$OtN+ cta[,b=yJ[>6H3m&]tQjco|mV>uֆk&>6gokkAbKt21tme#3ygGLC̚5kӈ=[ZX{??AϷnсr(P/S5:^NL̙&_\'.7R\'c]@͛7jG;>)ޜn CԷkoSn/j[\\_	ip\r#䟬cJ\":DncFJ+FсXQa;̅}]]+F&-@ϧ5c4&)[ny	p&u(\"Vr\",Zhkk%Ab!h1ĺ>DO%WҹE{t=ONlSIɃH+W\Z\rLԀZZZ󑜑NWJFnLMtbچ1n#93!\'Ĉ\\5ܽbAqqMT\Z҉iƸuP\"qr`1:O_4T8({d韖=9N1û=8J\'mh03k57 (mcй/蜬$Ĩ@Q:1mCۨkq4wq6q8T~NL6\0%(m@Qp\0tbJQNL\'mh\0tbچ (Gi\0pSp\0tb:1mC\0@\'6\r\0GĴ\rm@Qp\0%(@\'6ӉiЉi%\08JQNL\'m(@\'6\r\0r:i\'vRP6\0ƍ@zzz%vh@[vuׯLG2~Σړ֍چ7kOxW;6\r\0\0\0\0\0\0\0\0\0\0\0\0\0\0\0\0\0\0\0Q\0?!{[߬\0\0\0\0IENDB`',1),('77502',1,'个人任务测试2.bpmn20.xml','77501','<?xml version=\"1.0\" encoding=\"UTF-8\"?>\n<definitions xmlns=\"http://www.omg.org/spec/BPMN/20100524/MODEL\" xmlns:xsi=\"http://www.w3.org/2001/XMLSchema-instance\" xmlns:xsd=\"http://www.w3.org/2001/XMLSchema\" xmlns:flowable=\"http://flowable.org/bpmn\" xmlns:bpmndi=\"http://www.omg.org/spec/BPMN/20100524/DI\" xmlns:omgdc=\"http://www.omg.org/spec/DD/20100524/DC\" xmlns:omgdi=\"http://www.omg.org/spec/DD/20100524/DI\" typeLanguage=\"http://www.w3.org/2001/XMLSchema\" expressionLanguage=\"http://www.w3.org/1999/XPath\" targetNamespace=\"http://www.flowable.org/processdef\">\n  <process id=\"singletask\" name=\"个人任务测试\" isExecutable=\"true\">\n    <documentation>个人任务测试</documentation>\n    <startEvent id=\"startEvent1\"></startEvent>\n    <userTask id=\"sid-EDB2F5F1-2903-414D-B53F-A55D993F14B4\" name=\"审批\" flowable:assignee=\"#{userId}\">\n      <extensionElements>\n        <modeler:initiator-can-complete xmlns:modeler=\"http://flowable.org/modeler\"><![CDATA[false]]></modeler:initiator-can-complete>\n      </extensionElements>\n    </userTask>\n    <sequenceFlow id=\"sid-B13B519D-21B7-4FB9-A62F-C88194F2BFAF\" sourceRef=\"startEvent1\" targetRef=\"sid-EDB2F5F1-2903-414D-B53F-A55D993F14B4\"></sequenceFlow>\n    <endEvent id=\"sid-3FA5A03F-6C4C-4797-AAB4-300675695AEE\"></endEvent>\n    <sequenceFlow id=\"sid-127150AC-E20A-49FC-B085-7B92C05CB1C0\" sourceRef=\"sid-EDB2F5F1-2903-414D-B53F-A55D993F14B4\" targetRef=\"sid-3FA5A03F-6C4C-4797-AAB4-300675695AEE\"></sequenceFlow>\n  </process>\n  <bpmndi:BPMNDiagram id=\"BPMNDiagram_singletask\">\n    <bpmndi:BPMNPlane bpmnElement=\"singletask\" id=\"BPMNPlane_singletask\">\n      <bpmndi:BPMNShape bpmnElement=\"startEvent1\" id=\"BPMNShape_startEvent1\">\n        <omgdc:Bounds height=\"30.0\" width=\"30.0\" x=\"100.0\" y=\"163.0\"></omgdc:Bounds>\n      </bpmndi:BPMNShape>\n      <bpmndi:BPMNShape bpmnElement=\"sid-EDB2F5F1-2903-414D-B53F-A55D993F14B4\" id=\"BPMNShape_sid-EDB2F5F1-2903-414D-B53F-A55D993F14B4\">\n        <omgdc:Bounds height=\"80.0\" width=\"100.0\" x=\"175.0\" y=\"138.0\"></omgdc:Bounds>\n      </bpmndi:BPMNShape>\n      <bpmndi:BPMNShape bpmnElement=\"sid-3FA5A03F-6C4C-4797-AAB4-300675695AEE\" id=\"BPMNShape_sid-3FA5A03F-6C4C-4797-AAB4-300675695AEE\">\n        <omgdc:Bounds height=\"28.0\" width=\"28.0\" x=\"320.0\" y=\"164.0\"></omgdc:Bounds>\n      </bpmndi:BPMNShape>\n      <bpmndi:BPMNEdge bpmnElement=\"sid-127150AC-E20A-49FC-B085-7B92C05CB1C0\" id=\"BPMNEdge_sid-127150AC-E20A-49FC-B085-7B92C05CB1C0\">\n        <omgdi:waypoint x=\"274.95000000000005\" y=\"178.0\"></omgdi:waypoint>\n        <omgdi:waypoint x=\"320.0\" y=\"178.0\"></omgdi:waypoint>\n      </bpmndi:BPMNEdge>\n      <bpmndi:BPMNEdge bpmnElement=\"sid-B13B519D-21B7-4FB9-A62F-C88194F2BFAF\" id=\"BPMNEdge_sid-B13B519D-21B7-4FB9-A62F-C88194F2BFAF\">\n        <omgdi:waypoint x=\"129.9499984899576\" y=\"178.0\"></omgdi:waypoint>\n        <omgdi:waypoint x=\"174.9999999999917\" y=\"178.0\"></omgdi:waypoint>\n      </bpmndi:BPMNEdge>\n    </bpmndi:BPMNPlane>\n  </bpmndi:BPMNDiagram>\n</definitions>',0),('77503',1,'个人任务测试2.singletask.png','77501','PNG\r\n\Z\n\0\0\0\rIHDR\0\0f\0\0\0\0\0\0)q\0\0\nIDATxoTeq^h;_\Z}M?aW`H\nĪ	h/!&\rJذ,j=芸\\TjkYjX=	z3\'yaf\ng93m\Z\0\0\0\0\0\0\0\0\0\0\0\0\0\0\0\0\0\0\0\0\0\0\0\0\0\0\0\0\0\0\0\0\0\0\0\0\0\0\0\0\0\0\0\0\0\0\0\0\0\0\0\0\0\0\0\0\0\0\0\0\0\0\0\0\0\0\0\0\0\0\0\0\0\0\0\0\0\0\0\0\0\0\0\0\0\0\0\0\0\0\0\0\0\0\0\0\0\0\0\0\0\0\0\0\0\0\0\0\0\0\0\0\0\0\0\0\0\0\0\0\0\0\0\0\0\0\0\0\0\0\0\0\0\0\0\0\0\0\0\0\0\0\0\0\0\0\0\0\0\0\0\0\0\0\0\0\0\0\0\0\0\0\0\0\0\0\0\0\0\0\0\0\0\0\0\0\0\0\0\0\0\0\0\0\0\0\0\0\0\0\0\0$-Nڴ[ZZ&ȣ9ٹsQcEwڕ$M\ZΝKۿK#)ry AUX:#\rXĒ\nsbaW0~+9uḧq\n3pۙ|ڰ49mU#U\"8{t\n3P0xaU\"Ӧc9TaY8\nc0c*@|bs<&9;;O\\HU\"9G9SanF19O#11Afa3Y;\Zs<?at&u5?s͞(P7K6{fa,Zgf ahC`s\raf@fCڒ$>h_jw<9s3g&555zꩁ_|ի7lUWWj^mJǉtž8>%(NS4ț7o^r$N3xbkOOO\'$ig}s=w\'+̆0#<t4cJ3>N_VSD\Zڗ_~ŋg{ҥd>,YR]]ݱ3fJ\ra[\Z׻Ҹ6vUҾY-O>du\np;vHjkk+e,oUUU3g͚VWW\'jښ|ٟ.\\ygϞd͚5ɣ>:<}f\Z嶶̟??9~xgΜIϝ;lUQ~0\r oذ!48:=YrDyxΚ0s>gʹQ^pafv<}8,fΕ)6s~z\ra6rcM9wbٲeCe{0n[b@)Ҷmӗ]٘aNܜ;Sls<lKؖ-[?SRhO?twfa8$.wMyZ]sQƳ8N9+#GY9anF3޸+758/aq7;JigIoY\rřz7bV{_qưCR2Y[.)5kSJK͘˾0bruyZ0/R2׾Ӭi޽gҍekT9chalCW}yXw٪te&.HU0wwwW%S\r~rw.alCW.H?o\rg=R2W^Xϋ+eN;,̓نџu֡s9E+3w3L-7esir܆ҕٳg_.Lfz<-帔7xYhQ~y5?2c6s]e3fm^cUkW\\֘ۓ8=;L7oNarׯ_?t;B-ۆ13nK.=Q2\Z\Z\Z^Ge3\\<<+W[oM^xӧOgbϹ3A۟vttd[mQ믿1/[l[<ח͐#=Pf&=ZsgwqGؘ똅1gr3K/r޼y?̿f:Yg#\ZsuӦMC#q{>c|}\rݿvZKyg`1t_[pΉu\rz~{1cӧ=/)Mxλ;jԭ1ke0n?~t|n~\'O^5\Zٳg9a.}첫UB_9ֳ\'ry#,r#ng]w9b]ֈ7#C9ozRl\\5ZO0Iw	&ŝ=g<19cDk|F|!q\0`r\'Tt|!ߟޝgNcqvJvageg\r)[¨4յ9L9nK)8g?%;F_rJy:{>aoEl\"\\}-a@qqJ̆\\g#ov2{쟇mW)\ZXKu:tFSnllܘ@PI\\,̅reMyj9szVZut_?>ŵ/|OSOJ{GXڕ@H+q_ckye:XrU\\$%ǏS?+,#af\Z10l3 !̀03 ̆0l3 !̀03 ̆0,̀00l3 ̆0,̀00l30i---X:b\ZA[%Lq;wI|V	S\\kko~qy3rssxV	LKc`:S;/c(c\0\0\0\0\0\0\0\0\0\0\0\0y?83\nKT\0\0\0\0IENDB`',1),('80002',1,'个人任务测试3.bpmn20.xml','80001','<?xml version=\"1.0\" encoding=\"UTF-8\"?>\n<definitions xmlns=\"http://www.omg.org/spec/BPMN/20100524/MODEL\" xmlns:xsi=\"http://www.w3.org/2001/XMLSchema-instance\" xmlns:xsd=\"http://www.w3.org/2001/XMLSchema\" xmlns:flowable=\"http://flowable.org/bpmn\" xmlns:bpmndi=\"http://www.omg.org/spec/BPMN/20100524/DI\" xmlns:omgdc=\"http://www.omg.org/spec/DD/20100524/DC\" xmlns:omgdi=\"http://www.omg.org/spec/DD/20100524/DI\" typeLanguage=\"http://www.w3.org/2001/XMLSchema\" expressionLanguage=\"http://www.w3.org/1999/XPath\" targetNamespace=\"http://www.flowable.org/processdef\">\n  <process id=\"singletask\" name=\"个人任务测试\" isExecutable=\"true\">\n    <documentation>个人任务测试</documentation>\n    <startEvent id=\"startEvent1\"></startEvent>\n    <userTask id=\"sid-EDB2F5F1-2903-414D-B53F-A55D993F14B4\" name=\"审批\" >\n\n      <extensionElements>\n        <flowable:taskListener event=\"create\" class=\"com.upsky.flowablestudy.node.JackySingleTaskListener\"></flowable:taskListener>\n      </extensionElements>\n\n    </userTask>\n    <sequenceFlow id=\"sid-B13B519D-21B7-4FB9-A62F-C88194F2BFAF\" sourceRef=\"startEvent1\" targetRef=\"sid-EDB2F5F1-2903-414D-B53F-A55D993F14B4\"></sequenceFlow>\n    <endEvent id=\"sid-3FA5A03F-6C4C-4797-AAB4-300675695AEE\"></endEvent>\n    <sequenceFlow id=\"sid-127150AC-E20A-49FC-B085-7B92C05CB1C0\" sourceRef=\"sid-EDB2F5F1-2903-414D-B53F-A55D993F14B4\" targetRef=\"sid-3FA5A03F-6C4C-4797-AAB4-300675695AEE\"></sequenceFlow>\n  </process>\n  <bpmndi:BPMNDiagram id=\"BPMNDiagram_singletask\">\n    <bpmndi:BPMNPlane bpmnElement=\"singletask\" id=\"BPMNPlane_singletask\">\n      <bpmndi:BPMNShape bpmnElement=\"startEvent1\" id=\"BPMNShape_startEvent1\">\n        <omgdc:Bounds height=\"30.0\" width=\"30.0\" x=\"100.0\" y=\"163.0\"></omgdc:Bounds>\n      </bpmndi:BPMNShape>\n      <bpmndi:BPMNShape bpmnElement=\"sid-EDB2F5F1-2903-414D-B53F-A55D993F14B4\" id=\"BPMNShape_sid-EDB2F5F1-2903-414D-B53F-A55D993F14B4\">\n        <omgdc:Bounds height=\"80.0\" width=\"100.0\" x=\"175.0\" y=\"138.0\"></omgdc:Bounds>\n      </bpmndi:BPMNShape>\n      <bpmndi:BPMNShape bpmnElement=\"sid-3FA5A03F-6C4C-4797-AAB4-300675695AEE\" id=\"BPMNShape_sid-3FA5A03F-6C4C-4797-AAB4-300675695AEE\">\n        <omgdc:Bounds height=\"28.0\" width=\"28.0\" x=\"320.0\" y=\"164.0\"></omgdc:Bounds>\n      </bpmndi:BPMNShape>\n      <bpmndi:BPMNEdge bpmnElement=\"sid-127150AC-E20A-49FC-B085-7B92C05CB1C0\" id=\"BPMNEdge_sid-127150AC-E20A-49FC-B085-7B92C05CB1C0\">\n        <omgdi:waypoint x=\"274.95000000000005\" y=\"178.0\"></omgdi:waypoint>\n        <omgdi:waypoint x=\"320.0\" y=\"178.0\"></omgdi:waypoint>\n      </bpmndi:BPMNEdge>\n      <bpmndi:BPMNEdge bpmnElement=\"sid-B13B519D-21B7-4FB9-A62F-C88194F2BFAF\" id=\"BPMNEdge_sid-B13B519D-21B7-4FB9-A62F-C88194F2BFAF\">\n        <omgdi:waypoint x=\"129.9499984899576\" y=\"178.0\"></omgdi:waypoint>\n        <omgdi:waypoint x=\"174.9999999999917\" y=\"178.0\"></omgdi:waypoint>\n      </bpmndi:BPMNEdge>\n    </bpmndi:BPMNPlane>\n  </bpmndi:BPMNDiagram>\n</definitions>',0),('80003',1,'个人任务测试3.singletask.png','80001','PNG\r\n\Z\n\0\0\0\rIHDR\0\0f\0\0\0\0\0\0)q\0\0\nIDATxoTeq^h;_\Z}M?aW`H\nĪ	h/!&\rJذ,j=芸\\TjkYjX=	z3\'yaf\ng93m\Z\0\0\0\0\0\0\0\0\0\0\0\0\0\0\0\0\0\0\0\0\0\0\0\0\0\0\0\0\0\0\0\0\0\0\0\0\0\0\0\0\0\0\0\0\0\0\0\0\0\0\0\0\0\0\0\0\0\0\0\0\0\0\0\0\0\0\0\0\0\0\0\0\0\0\0\0\0\0\0\0\0\0\0\0\0\0\0\0\0\0\0\0\0\0\0\0\0\0\0\0\0\0\0\0\0\0\0\0\0\0\0\0\0\0\0\0\0\0\0\0\0\0\0\0\0\0\0\0\0\0\0\0\0\0\0\0\0\0\0\0\0\0\0\0\0\0\0\0\0\0\0\0\0\0\0\0\0\0\0\0\0\0\0\0\0\0\0\0\0\0\0\0\0\0\0\0\0\0\0\0\0\0\0\0\0\0\0\0\0\0\0\0$-Nڴ[ZZ&ȣ9ٹsQcEwڕ$M\ZΝKۿK#)ry AUX:#\rXĒ\nsbaW0~+9uḧq\n3pۙ|ڰ49mU#U\"8{t\n3P0xaU\"Ӧc9TaY8\nc0c*@|bs<&9;;O\\HU\"9G9SanF19O#11Afa3Y;\Zs<?at&u5?s͞(P7K6{fa,Zgf ahC`s\raf@fCڒ$>h_jw<9s3g&555zꩁ_|ի7lUWWj^mJǉtž8>%(NS4ț7o^r$N3xbkOOO\'$ig}s=w\'+̆0#<t4cJ3>N_VSD\Zڗ_~ŋg{ҥd>,YR]]ݱ3fJ\ra[\Z׻Ҹ6vUҾY-O>du\np;vHjkk+e,oUUU3g͚VWW\'jښ|ٟ.\\ygϞd͚5ɣ>:<}f\Z嶶̟??9~xgΜIϝ;lUQ~0\r oذ!48:=YrDyxΚ0s>gʹQ^pafv<}8,fΕ)6s~z\ra6rcM9wbٲeCe{0n[b@)Ҷmӗ]٘aNܜ;Sls<lKؖ-[?SRhO?twfa8$.wMyZ]sQƳ8N9+#GY9anF3޸+758/aq7;JigIoY\rřz7bV{_qưCR2Y[.)5kSJK͘˾0bruyZ0/R2׾Ӭi޽gҍekT9chalCW}yXw٪te&.HU0wwwW%S\r~rw.alCW.H?o\rg=R2W^Xϋ+eN;,̓نџu֡s9E+3w3L-7esir܆ҕٳg_.Lfz<-帔7xYhQ~y5?2c6s]e3fm^cUkW\\֘ۓ8=;L7oNarׯ_?t;B-ۆ13nK.=Q2\Z\Z\Z^Ge3\\<<+W[oM^xӧOgbϹ3A۟vttd[mQ믿1/[l[<ח͐#=Pf&=ZsgwqGؘ똅1gr3K/r޼y?̿f:Yg#\ZsuӦMC#q{>c|}\rݿvZKyg`1t_[pΉu\rz~{1cӧ=/)Mxλ;jԭ1ke0n?~t|n~\'O^5\Zٳg9a.}첫UB_9ֳ\'ry#,r#ng]w9b]ֈ7#C9ozRl\\5ZO0Iw	&ŝ=g<19cDk|F|!q\0`r\'Tt|!ߟޝgNcqvJvageg\r)[¨4յ9L9nK)8g?%;F_rJy:{>aoEl\"\\}-a@qqJ̆\\g#ov2{쟇mW)\ZXKu:tFSnllܘ@PI\\,̅reMyj9szVZut_?>ŵ/|OSOJ{GXڕ@H+q_ckye:XrU\\$%ǏS?+,#af\Z10l3 !̀03 ̆0l3 !̀03 ̆0,̀00l3 ̆0,̀00l30i---X:b\ZA[%Lq;wI|V	S\\kko~qy3rssxV	LKc`:S;/c(c\0\0\0\0\0\0\0\0\0\0\0\0y?83\nKT\0\0\0\0IENDB`',1),('85002',1,'组任务测试.bpmn20.xml','85001','<?xml version=\"1.0\" encoding=\"UTF-8\"?>\n<definitions xmlns=\"http://www.omg.org/spec/BPMN/20100524/MODEL\" xmlns:xsi=\"http://www.w3.org/2001/XMLSchema-instance\" xmlns:xsd=\"http://www.w3.org/2001/XMLSchema\" xmlns:flowable=\"http://flowable.org/bpmn\" xmlns:bpmndi=\"http://www.omg.org/spec/BPMN/20100524/DI\" xmlns:omgdc=\"http://www.omg.org/spec/DD/20100524/DC\" xmlns:omgdi=\"http://www.omg.org/spec/DD/20100524/DI\" typeLanguage=\"http://www.w3.org/2001/XMLSchema\" expressionLanguage=\"http://www.w3.org/1999/XPath\" targetNamespace=\"http://www.flowable.org/processdef\">\n  <process id=\"grouptask\" name=\"组任务测试\" isExecutable=\"true\">\n    <documentation>组任务测试</documentation>\n    <startEvent id=\"startEvent1\"></startEvent>\n    <userTask id=\"sid-EDB2F5F1-2903-414D-B53F-A55D993F14B4\" name=\"审批\" flowable:candidateUsers=\"分享牛1,分享牛2,分享牛3\"></userTask>\n    <sequenceFlow id=\"sid-B13B519D-21B7-4FB9-A62F-C88194F2BFAF\" sourceRef=\"startEvent1\" targetRef=\"sid-EDB2F5F1-2903-414D-B53F-A55D993F14B4\"></sequenceFlow>\n    <endEvent id=\"sid-3FA5A03F-6C4C-4797-AAB4-300675695AEE\"></endEvent>\n    <sequenceFlow id=\"sid-127150AC-E20A-49FC-B085-7B92C05CB1C0\" sourceRef=\"sid-EDB2F5F1-2903-414D-B53F-A55D993F14B4\" targetRef=\"sid-3FA5A03F-6C4C-4797-AAB4-300675695AEE\"></sequenceFlow>\n  </process>\n  <bpmndi:BPMNDiagram id=\"BPMNDiagram_grouptask\">\n    <bpmndi:BPMNPlane bpmnElement=\"grouptask\" id=\"BPMNPlane_grouptask\">\n      <bpmndi:BPMNShape bpmnElement=\"startEvent1\" id=\"BPMNShape_startEvent1\">\n        <omgdc:Bounds height=\"30.0\" width=\"30.0\" x=\"100.0\" y=\"163.0\"></omgdc:Bounds>\n      </bpmndi:BPMNShape>\n      <bpmndi:BPMNShape bpmnElement=\"sid-EDB2F5F1-2903-414D-B53F-A55D993F14B4\" id=\"BPMNShape_sid-EDB2F5F1-2903-414D-B53F-A55D993F14B4\">\n        <omgdc:Bounds height=\"80.0\" width=\"100.0\" x=\"175.0\" y=\"138.0\"></omgdc:Bounds>\n      </bpmndi:BPMNShape>\n      <bpmndi:BPMNShape bpmnElement=\"sid-3FA5A03F-6C4C-4797-AAB4-300675695AEE\" id=\"BPMNShape_sid-3FA5A03F-6C4C-4797-AAB4-300675695AEE\">\n        <omgdc:Bounds height=\"28.0\" width=\"28.0\" x=\"320.0\" y=\"164.0\"></omgdc:Bounds>\n      </bpmndi:BPMNShape>\n      <bpmndi:BPMNEdge bpmnElement=\"sid-127150AC-E20A-49FC-B085-7B92C05CB1C0\" id=\"BPMNEdge_sid-127150AC-E20A-49FC-B085-7B92C05CB1C0\">\n        <omgdi:waypoint x=\"274.95000000000005\" y=\"178.0\"></omgdi:waypoint>\n        <omgdi:waypoint x=\"320.0\" y=\"178.0\"></omgdi:waypoint>\n      </bpmndi:BPMNEdge>\n      <bpmndi:BPMNEdge bpmnElement=\"sid-B13B519D-21B7-4FB9-A62F-C88194F2BFAF\" id=\"BPMNEdge_sid-B13B519D-21B7-4FB9-A62F-C88194F2BFAF\">\n        <omgdi:waypoint x=\"129.9499984899576\" y=\"178.0\"></omgdi:waypoint>\n        <omgdi:waypoint x=\"174.9999999999917\" y=\"178.0\"></omgdi:waypoint>\n      </bpmndi:BPMNEdge>\n    </bpmndi:BPMNPlane>\n  </bpmndi:BPMNDiagram>\n</definitions>',0),('85003',1,'组任务测试.grouptask.png','85001','PNG\r\n\Z\n\0\0\0\rIHDR\0\0f\0\0\0\0\0\0)q\0\0\nIDATxoTeq^h;_\Z}M?aW`H\nĪ	h/!&\rJذ,j=芸\\TjkYjX=	z3\'yaf\ng93m\Z\0\0\0\0\0\0\0\0\0\0\0\0\0\0\0\0\0\0\0\0\0\0\0\0\0\0\0\0\0\0\0\0\0\0\0\0\0\0\0\0\0\0\0\0\0\0\0\0\0\0\0\0\0\0\0\0\0\0\0\0\0\0\0\0\0\0\0\0\0\0\0\0\0\0\0\0\0\0\0\0\0\0\0\0\0\0\0\0\0\0\0\0\0\0\0\0\0\0\0\0\0\0\0\0\0\0\0\0\0\0\0\0\0\0\0\0\0\0\0\0\0\0\0\0\0\0\0\0\0\0\0\0\0\0\0\0\0\0\0\0\0\0\0\0\0\0\0\0\0\0\0\0\0\0\0\0\0\0\0\0\0\0\0\0\0\0\0\0\0\0\0\0\0\0\0\0\0\0\0\0\0\0\0\0\0\0\0\0\0\0\0\0$-Nڴ[ZZ&ȣ9ٹsQcEwڕ$M\ZΝKۿK#)ry AUX:#\rXĒ\nsbaW0~+9uḧq\n3pۙ|ڰ49mU#U\"8{t\n3P0xaU\"Ӧc9TaY8\nc0c*@|bs<&9;;O\\HU\"9G9SanF19O#11Afa3Y;\Zs<?at&u5?s͞(P7K6{fa,Zgf ahC`s\raf@fCڒ$>h_jw<9s3g&555zꩁ_|ի7lUWWj^mJǉtž8>%(NS4ț7o^r$N3xbkOOO\'$ig}s=w\'+̆0#<t4cJ3>N_VSD\Zڗ_~ŋg{ҥd>,YR]]ݱ3fJ\ra[\Z׻Ҹ6vUҾY-O>du\np;vHjkk+e,oUUU3g͚VWW\'jښ|ٟ.\\ygϞd͚5ɣ>:<}f\Z嶶̟??9~xgΜIϝ;lUQ~0\r oذ!48:=YrDyxΚ0s>gʹQ^pafv<}8,fΕ)6s~z\ra6rcM9wbٲeCe{0n[b@)Ҷmӗ]٘aNܜ;Sls<lKؖ-[?SRhO?twfa8$.wMyZ]sQƳ8N9+#GY9anF3޸+758/aq7;JigIoY\rřz7bV{_qưCR2Y[.)5kSJK͘˾0bruyZ0/R2׾Ӭi޽gҍekT9chalCW}yXw٪te&.HU0wwwW%S\r~rw.alCW.H?o\rg=R2W^Xϋ+eN;,̓نџu֡s9E+3w3L-7esir܆ҕٳg_.Lfz<-帔7xYhQ~y5?2c6s]e3fm^cUkW\\֘ۓ8=;L7oNarׯ_?t;B-ۆ13nK.=Q2\Z\Z\Z^Ge3\\<<+W[oM^xӧOgbϹ3A۟vttd[mQ믿1/[l[<ח͐#=Pf&=ZsgwqGؘ똅1gr3K/r޼y?̿f:Yg#\ZsuӦMC#q{>c|}\rݿvZKyg`1t_[pΉu\rz~{1cӧ=/)Mxλ;jԭ1ke0n?~t|n~\'O^5\Zٳg9a.}첫UB_9ֳ\'ry#,r#ng]w9b]ֈ7#C9ozRl\\5ZO0Iw	&ŝ=g<19cDk|F|!q\0`r\'Tt|!ߟޝgNcqvJvageg\r)[¨4յ9L9nK)8g?%;F_rJy:{>aoEl\"\\}-a@qqJ̆\\g#ov2{쟇mW)\ZXKu:tFSnllܘ@PI\\,̅reMyj9szVZut_?>ŵ/|OSOJ{GXڕ@H+q_ckye:XrU\\$%ǏS?+,#af\Z10l3 !̀03 ̆0l3 !̀03 ̆0,̀00l3 ̆0,̀00l30i---X:b\ZA[%Lq;wI|V	S\\kko~qy3rssxV	LKc`:S;/c(c\0\0\0\0\0\0\0\0\0\0\0\0y?83\nKT\0\0\0\0IENDB`',1),('94c4c3e9-7691-11ea-bf5c-c0b6f95ee2ba',1,'员工请假.bpmn','94c4c3e8-7691-11ea-bf5c-c0b6f95ee2ba','<?xml version=\"1.0\" encoding=\"UTF-8\"?>\n<definitions xmlns=\"http://www.omg.org/spec/BPMN/20100524/MODEL\" xmlns:xsi=\"http://www.w3.org/2001/XMLSchema-instance\" xmlns:xsd=\"http://www.w3.org/2001/XMLSchema\" xmlns:flowable=\"http://flowable.org/bpmn\" xmlns:bpmndi=\"http://www.omg.org/spec/BPMN/20100524/DI\" xmlns:omgdc=\"http://www.omg.org/spec/DD/20100524/DC\" xmlns:omgdi=\"http://www.omg.org/spec/DD/20100524/DI\" typeLanguage=\"http://www.w3.org/2001/XMLSchema\" expressionLanguage=\"http://www.w3.org/1999/XPath\" targetNamespace=\"http://www.flowable.org/processdef\">\n  <process id=\"holiday\" name=\"员工请假流程模型\" isExecutable=\"true\">\n    <documentation>员工请假流程模型</documentation>\n    <startEvent id=\"startEvent1\" flowable:formKey=\"holiday\"></startEvent>\n    <exclusiveGateway id=\"sid-79696A4A-0E1A-476B-9D66-1CBD2B74EF19\"></exclusiveGateway>\n    <sequenceFlow id=\"sid-CC84B4B8-1BAF-4C40-8CEF-0EA614418528\" sourceRef=\"startEvent1\" targetRef=\"sid-79696A4A-0E1A-476B-9D66-1CBD2B74EF19\"></sequenceFlow>\n    <userTask id=\"sid-66B114EC-A234-42DB-B67B-CC8C3C314111\" name=\"部门主管审批\" flowable:assignee=\"zhangsan\">\n      <extensionElements>\n        <modeler:activiti-idm-assignee xmlns:modeler=\"http://flowable.org/modeler\"><![CDATA[true]]></modeler:activiti-idm-assignee>\n        <modeler:assignee-info-email xmlns:modeler=\"http://flowable.org/modeler\"><![CDATA[zhangsan@upsky.com]]></modeler:assignee-info-email>\n        <modeler:assignee-info-firstname xmlns:modeler=\"http://flowable.org/modeler\"><![CDATA[三]]></modeler:assignee-info-firstname>\n        <modeler:assignee-info-lastname xmlns:modeler=\"http://flowable.org/modeler\"><![CDATA[张]]></modeler:assignee-info-lastname>\n        <modeler:initiator-can-complete xmlns:modeler=\"http://flowable.org/modeler\"><![CDATA[false]]></modeler:initiator-can-complete>\n      </extensionElements>\n    </userTask>\n    <endEvent id=\"sid-BFEA487A-AD0B-405F-8FF9-823DB67A330C\"></endEvent>\n    <sequenceFlow id=\"sid-33BE467F-3E32-425B-92DE-457331BD45CA\" sourceRef=\"sid-66B114EC-A234-42DB-B67B-CC8C3C314111\" targetRef=\"sid-BFEA487A-AD0B-405F-8FF9-823DB67A330C\"></sequenceFlow>\n    <userTask id=\"sid-3F10C5D5-B8E9-4617-81F8-C3A5B0A7CA9B\" name=\"总经理审批\" flowable:candidateUsers=\"lisi\">\n      <extensionElements>\n        <modeler:user-info-email-lisi xmlns:modeler=\"http://flowable.org/modeler\"><![CDATA[lisi@upsky.com]]></modeler:user-info-email-lisi>\n        <modeler:user-info-firstname-lisi xmlns:modeler=\"http://flowable.org/modeler\"><![CDATA[四]]></modeler:user-info-firstname-lisi>\n        <modeler:user-info-lastname-lisi xmlns:modeler=\"http://flowable.org/modeler\"><![CDATA[李]]></modeler:user-info-lastname-lisi>\n        <modeler:activiti-idm-candidate-user xmlns:modeler=\"http://flowable.org/modeler\"><![CDATA[true]]></modeler:activiti-idm-candidate-user>\n        <modeler:initiator-can-complete xmlns:modeler=\"http://flowable.org/modeler\"><![CDATA[false]]></modeler:initiator-can-complete>\n      </extensionElements>\n    </userTask>\n    <userTask id=\"sid-41FE841F-FE49-445D-A566-43A4A41B0F7B\" name=\"总裁审批\" flowable:candidateGroups=\"jishu\">\n      <extensionElements>\n        <modeler:group-info-name-jishu xmlns:modeler=\"http://flowable.org/modeler\"><![CDATA[技术部]]></modeler:group-info-name-jishu>\n        <modeler:activiti-idm-candidate-group xmlns:modeler=\"http://flowable.org/modeler\"><![CDATA[true]]></modeler:activiti-idm-candidate-group>\n        <modeler:initiator-can-complete xmlns:modeler=\"http://flowable.org/modeler\"><![CDATA[false]]></modeler:initiator-can-complete>\n      </extensionElements>\n    </userTask>\n    <sequenceFlow id=\"sid-1F2BAB74-5125-4CE4-ACE0-7AE1A56CCA73\" sourceRef=\"sid-3F10C5D5-B8E9-4617-81F8-C3A5B0A7CA9B\" targetRef=\"sid-41FE841F-FE49-445D-A566-43A4A41B0F7B\"></sequenceFlow>\n    <endEvent id=\"sid-69A3FF20-C12B-4E1E-BA99-2DCC2A17DA71\"></endEvent>\n    <sequenceFlow id=\"sid-C7D60A3F-BCD7-4725-9B3F-03E2A19D91FC\" sourceRef=\"sid-41FE841F-FE49-445D-A566-43A4A41B0F7B\" targetRef=\"sid-69A3FF20-C12B-4E1E-BA99-2DCC2A17DA71\"></sequenceFlow>\n    <sequenceFlow id=\"sid-CD0C8750-F833-47B1-9B02-C74735790D91\" name=\"小于等于3天\" sourceRef=\"sid-79696A4A-0E1A-476B-9D66-1CBD2B74EF19\" targetRef=\"sid-66B114EC-A234-42DB-B67B-CC8C3C314111\">\n      <conditionExpression xsi:type=\"tFormalExpression\"><![CDATA[${form_holiday_outcome==\"小于等于3天\"}]]></conditionExpression>\n    </sequenceFlow>\n    <sequenceFlow id=\"sid-26D30560-CCEE-46C7-82F7-D0D7AA962E82\" name=\"大于3天\" sourceRef=\"sid-79696A4A-0E1A-476B-9D66-1CBD2B74EF19\" targetRef=\"sid-3F10C5D5-B8E9-4617-81F8-C3A5B0A7CA9B\">\n      <conditionExpression xsi:type=\"tFormalExpression\"><![CDATA[${form_holiday_outcome==\"大于3天\"}]]></conditionExpression>\n    </sequenceFlow>\n  </process>\n  <bpmndi:BPMNDiagram id=\"BPMNDiagram_holiday\">\n    <bpmndi:BPMNPlane bpmnElement=\"holiday\" id=\"BPMNPlane_holiday\">\n      <bpmndi:BPMNShape bpmnElement=\"startEvent1\" id=\"BPMNShape_startEvent1\">\n        <omgdc:Bounds height=\"30.0\" width=\"30.0\" x=\"90.0\" y=\"140.0\"></omgdc:Bounds>\n      </bpmndi:BPMNShape>\n      <bpmndi:BPMNShape bpmnElement=\"sid-79696A4A-0E1A-476B-9D66-1CBD2B74EF19\" id=\"BPMNShape_sid-79696A4A-0E1A-476B-9D66-1CBD2B74EF19\">\n        <omgdc:Bounds height=\"40.0\" width=\"40.0\" x=\"165.0\" y=\"135.0\"></omgdc:Bounds>\n      </bpmndi:BPMNShape>\n      <bpmndi:BPMNShape bpmnElement=\"sid-66B114EC-A234-42DB-B67B-CC8C3C314111\" id=\"BPMNShape_sid-66B114EC-A234-42DB-B67B-CC8C3C314111\">\n        <omgdc:Bounds height=\"80.0\" width=\"100.0\" x=\"240.0\" y=\"30.0\"></omgdc:Bounds>\n      </bpmndi:BPMNShape>\n      <bpmndi:BPMNShape bpmnElement=\"sid-BFEA487A-AD0B-405F-8FF9-823DB67A330C\" id=\"BPMNShape_sid-BFEA487A-AD0B-405F-8FF9-823DB67A330C\">\n        <omgdc:Bounds height=\"28.0\" width=\"28.0\" x=\"465.0\" y=\"56.0\"></omgdc:Bounds>\n      </bpmndi:BPMNShape>\n      <bpmndi:BPMNShape bpmnElement=\"sid-3F10C5D5-B8E9-4617-81F8-C3A5B0A7CA9B\" id=\"BPMNShape_sid-3F10C5D5-B8E9-4617-81F8-C3A5B0A7CA9B\">\n        <omgdc:Bounds height=\"80.0\" width=\"100.0\" x=\"240.0\" y=\"195.0\"></omgdc:Bounds>\n      </bpmndi:BPMNShape>\n      <bpmndi:BPMNShape bpmnElement=\"sid-41FE841F-FE49-445D-A566-43A4A41B0F7B\" id=\"BPMNShape_sid-41FE841F-FE49-445D-A566-43A4A41B0F7B\">\n        <omgdc:Bounds height=\"80.0\" width=\"100.0\" x=\"375.0\" y=\"195.0\"></omgdc:Bounds>\n      </bpmndi:BPMNShape>\n      <bpmndi:BPMNShape bpmnElement=\"sid-69A3FF20-C12B-4E1E-BA99-2DCC2A17DA71\" id=\"BPMNShape_sid-69A3FF20-C12B-4E1E-BA99-2DCC2A17DA71\">\n        <omgdc:Bounds height=\"28.0\" width=\"28.0\" x=\"530.0\" y=\"221.0\"></omgdc:Bounds>\n      </bpmndi:BPMNShape>\n      <bpmndi:BPMNEdge bpmnElement=\"sid-26D30560-CCEE-46C7-82F7-D0D7AA962E82\" id=\"BPMNEdge_sid-26D30560-CCEE-46C7-82F7-D0D7AA962E82\">\n        <omgdi:waypoint x=\"185.5\" y=\"174.43809673366835\"></omgdi:waypoint>\n        <omgdi:waypoint x=\"185.5\" y=\"235.0\"></omgdi:waypoint>\n        <omgdi:waypoint x=\"240.0\" y=\"235.0\"></omgdi:waypoint>\n      </bpmndi:BPMNEdge>\n      <bpmndi:BPMNEdge bpmnElement=\"sid-C7D60A3F-BCD7-4725-9B3F-03E2A19D91FC\" id=\"BPMNEdge_sid-C7D60A3F-BCD7-4725-9B3F-03E2A19D91FC\">\n        <omgdi:waypoint x=\"474.94999999992007\" y=\"235.0\"></omgdi:waypoint>\n        <omgdi:waypoint x=\"530.0\" y=\"235.0\"></omgdi:waypoint>\n      </bpmndi:BPMNEdge>\n      <bpmndi:BPMNEdge bpmnElement=\"sid-1F2BAB74-5125-4CE4-ACE0-7AE1A56CCA73\" id=\"BPMNEdge_sid-1F2BAB74-5125-4CE4-ACE0-7AE1A56CCA73\">\n        <omgdi:waypoint x=\"339.95000000000005\" y=\"235.0\"></omgdi:waypoint>\n        <omgdi:waypoint x=\"375.0\" y=\"235.0\"></omgdi:waypoint>\n      </bpmndi:BPMNEdge>\n      <bpmndi:BPMNEdge bpmnElement=\"sid-CC84B4B8-1BAF-4C40-8CEF-0EA614418528\" id=\"BPMNEdge_sid-CC84B4B8-1BAF-4C40-8CEF-0EA614418528\">\n        <omgdi:waypoint x=\"119.9496588110467\" y=\"155.09285545292158\"></omgdi:waypoint>\n        <omgdi:waypoint x=\"165.375\" y=\"155.375\"></omgdi:waypoint>\n      </bpmndi:BPMNEdge>\n      <bpmndi:BPMNEdge bpmnElement=\"sid-CD0C8750-F833-47B1-9B02-C74735790D91\" id=\"BPMNEdge_sid-CD0C8750-F833-47B1-9B02-C74735790D91\">\n        <omgdi:waypoint x=\"185.5\" y=\"135.5\"></omgdi:waypoint>\n        <omgdi:waypoint x=\"185.5\" y=\"70.0\"></omgdi:waypoint>\n        <omgdi:waypoint x=\"240.0\" y=\"70.0\"></omgdi:waypoint>\n      </bpmndi:BPMNEdge>\n      <bpmndi:BPMNEdge bpmnElement=\"sid-33BE467F-3E32-425B-92DE-457331BD45CA\" id=\"BPMNEdge_sid-33BE467F-3E32-425B-92DE-457331BD45CA\">\n        <omgdi:waypoint x=\"339.95000000000005\" y=\"70.0\"></omgdi:waypoint>\n        <omgdi:waypoint x=\"465.0\" y=\"70.0\"></omgdi:waypoint>\n      </bpmndi:BPMNEdge>\n    </bpmndi:BPMNPlane>\n  </bpmndi:BPMNDiagram>\n</definitions>',0),('95002',1,'组任务测试2.bpmn20.xml','95001','<?xml version=\"1.0\" encoding=\"UTF-8\"?>\n<definitions xmlns=\"http://www.omg.org/spec/BPMN/20100524/MODEL\" xmlns:xsi=\"http://www.w3.org/2001/XMLSchema-instance\" xmlns:xsd=\"http://www.w3.org/2001/XMLSchema\" xmlns:flowable=\"http://flowable.org/bpmn\" xmlns:bpmndi=\"http://www.omg.org/spec/BPMN/20100524/DI\" xmlns:omgdc=\"http://www.omg.org/spec/DD/20100524/DC\" xmlns:omgdi=\"http://www.omg.org/spec/DD/20100524/DI\" typeLanguage=\"http://www.w3.org/2001/XMLSchema\" expressionLanguage=\"http://www.w3.org/1999/XPath\" targetNamespace=\"http://www.flowable.org/processdef\">\n  <process id=\"grouptask\" name=\"组任务测试\" isExecutable=\"true\">\n    <documentation>组任务测试</documentation>\n    <startEvent id=\"startEvent1\"></startEvent>\n    <userTask id=\"sid-EDB2F5F1-2903-414D-B53F-A55D993F14B4\" name=\"审批\" flowable:candidateUsers=\"#{userIds}\"></userTask>\n    <sequenceFlow id=\"sid-B13B519D-21B7-4FB9-A62F-C88194F2BFAF\" sourceRef=\"startEvent1\" targetRef=\"sid-EDB2F5F1-2903-414D-B53F-A55D993F14B4\"></sequenceFlow>\n    <endEvent id=\"sid-3FA5A03F-6C4C-4797-AAB4-300675695AEE\"></endEvent>\n    <sequenceFlow id=\"sid-127150AC-E20A-49FC-B085-7B92C05CB1C0\" sourceRef=\"sid-EDB2F5F1-2903-414D-B53F-A55D993F14B4\" targetRef=\"sid-3FA5A03F-6C4C-4797-AAB4-300675695AEE\"></sequenceFlow>\n  </process>\n  <bpmndi:BPMNDiagram id=\"BPMNDiagram_grouptask\">\n    <bpmndi:BPMNPlane bpmnElement=\"grouptask\" id=\"BPMNPlane_grouptask\">\n      <bpmndi:BPMNShape bpmnElement=\"startEvent1\" id=\"BPMNShape_startEvent1\">\n        <omgdc:Bounds height=\"30.0\" width=\"30.0\" x=\"100.0\" y=\"163.0\"></omgdc:Bounds>\n      </bpmndi:BPMNShape>\n      <bpmndi:BPMNShape bpmnElement=\"sid-EDB2F5F1-2903-414D-B53F-A55D993F14B4\" id=\"BPMNShape_sid-EDB2F5F1-2903-414D-B53F-A55D993F14B4\">\n        <omgdc:Bounds height=\"80.0\" width=\"100.0\" x=\"175.0\" y=\"138.0\"></omgdc:Bounds>\n      </bpmndi:BPMNShape>\n      <bpmndi:BPMNShape bpmnElement=\"sid-3FA5A03F-6C4C-4797-AAB4-300675695AEE\" id=\"BPMNShape_sid-3FA5A03F-6C4C-4797-AAB4-300675695AEE\">\n        <omgdc:Bounds height=\"28.0\" width=\"28.0\" x=\"320.0\" y=\"164.0\"></omgdc:Bounds>\n      </bpmndi:BPMNShape>\n      <bpmndi:BPMNEdge bpmnElement=\"sid-127150AC-E20A-49FC-B085-7B92C05CB1C0\" id=\"BPMNEdge_sid-127150AC-E20A-49FC-B085-7B92C05CB1C0\">\n        <omgdi:waypoint x=\"274.95000000000005\" y=\"178.0\"></omgdi:waypoint>\n        <omgdi:waypoint x=\"320.0\" y=\"178.0\"></omgdi:waypoint>\n      </bpmndi:BPMNEdge>\n      <bpmndi:BPMNEdge bpmnElement=\"sid-B13B519D-21B7-4FB9-A62F-C88194F2BFAF\" id=\"BPMNEdge_sid-B13B519D-21B7-4FB9-A62F-C88194F2BFAF\">\n        <omgdi:waypoint x=\"129.9499984899576\" y=\"178.0\"></omgdi:waypoint>\n        <omgdi:waypoint x=\"174.9999999999917\" y=\"178.0\"></omgdi:waypoint>\n      </bpmndi:BPMNEdge>\n    </bpmndi:BPMNPlane>\n  </bpmndi:BPMNDiagram>\n</definitions>',0),('95003',1,'组任务测试2.grouptask.png','95001','PNG\r\n\Z\n\0\0\0\rIHDR\0\0f\0\0\0\0\0\0)q\0\0\nIDATxoTeq^h;_\Z}M?aW`H\nĪ	h/!&\rJذ,j=芸\\TjkYjX=	z3\'yaf\ng93m\Z\0\0\0\0\0\0\0\0\0\0\0\0\0\0\0\0\0\0\0\0\0\0\0\0\0\0\0\0\0\0\0\0\0\0\0\0\0\0\0\0\0\0\0\0\0\0\0\0\0\0\0\0\0\0\0\0\0\0\0\0\0\0\0\0\0\0\0\0\0\0\0\0\0\0\0\0\0\0\0\0\0\0\0\0\0\0\0\0\0\0\0\0\0\0\0\0\0\0\0\0\0\0\0\0\0\0\0\0\0\0\0\0\0\0\0\0\0\0\0\0\0\0\0\0\0\0\0\0\0\0\0\0\0\0\0\0\0\0\0\0\0\0\0\0\0\0\0\0\0\0\0\0\0\0\0\0\0\0\0\0\0\0\0\0\0\0\0\0\0\0\0\0\0\0\0\0\0\0\0\0\0\0\0\0\0\0\0\0\0\0\0\0$-Nڴ[ZZ&ȣ9ٹsQcEwڕ$M\ZΝKۿK#)ry AUX:#\rXĒ\nsbaW0~+9uḧq\n3pۙ|ڰ49mU#U\"8{t\n3P0xaU\"Ӧc9TaY8\nc0c*@|bs<&9;;O\\HU\"9G9SanF19O#11Afa3Y;\Zs<?at&u5?s͞(P7K6{fa,Zgf ahC`s\raf@fCڒ$>h_jw<9s3g&555zꩁ_|ի7lUWWj^mJǉtž8>%(NS4ț7o^r$N3xbkOOO\'$ig}s=w\'+̆0#<t4cJ3>N_VSD\Zڗ_~ŋg{ҥd>,YR]]ݱ3fJ\ra[\Z׻Ҹ6vUҾY-O>du\np;vHjkk+e,oUUU3g͚VWW\'jښ|ٟ.\\ygϞd͚5ɣ>:<}f\Z嶶̟??9~xgΜIϝ;lUQ~0\r oذ!48:=YrDyxΚ0s>gʹQ^pafv<}8,fΕ)6s~z\ra6rcM9wbٲeCe{0n[b@)Ҷmӗ]٘aNܜ;Sls<lKؖ-[?SRhO?twfa8$.wMyZ]sQƳ8N9+#GY9anF3޸+758/aq7;JigIoY\rřz7bV{_qưCR2Y[.)5kSJK͘˾0bruyZ0/R2׾Ӭi޽gҍekT9chalCW}yXw٪te&.HU0wwwW%S\r~rw.alCW.H?o\rg=R2W^Xϋ+eN;,̓نџu֡s9E+3w3L-7esir܆ҕٳg_.Lfz<-帔7xYhQ~y5?2c6s]e3fm^cUkW\\֘ۓ8=;L7oNarׯ_?t;B-ۆ13nK.=Q2\Z\Z\Z^Ge3\\<<+W[oM^xӧOgbϹ3A۟vttd[mQ믿1/[l[<ח͐#=Pf&=ZsgwqGؘ똅1gr3K/r޼y?̿f:Yg#\ZsuӦMC#q{>c|}\rݿvZKyg`1t_[pΉu\rz~{1cӧ=/)Mxλ;jԭ1ke0n?~t|n~\'O^5\Zٳg9a.}첫UB_9ֳ\'ry#,r#ng]w9b]ֈ7#C9ozRl\\5ZO0Iw	&ŝ=g<19cDk|F|!q\0`r\'Tt|!ߟޝgNcqvJvageg\r)[¨4յ9L9nK)8g?%;F_rJy:{>aoEl\"\\}-a@qqJ̆\\g#ov2{쟇mW)\ZXKu:tFSnllܘ@PI\\,̅reMyj9szVZut_?>ŵ/|OSOJ{GXڕ@H+q_ckye:XrU\\$%ǏS?+,#af\Z10l3 !̀03 ̆0l3 !̀03 ̆0,̀00l3 ̆0,̀00l30i---X:b\ZA[%Lq;wI|V	S\\kko~qy3rssxV	LKc`:S;/c(c\0\0\0\0\0\0\0\0\0\0\0\0y?83\nKT\0\0\0\0IENDB`',1),('9508f8da-7691-11ea-bf5c-c0b6f95ee2ba',1,'员工请假.holiday.png','94c4c3e8-7691-11ea-bf5c-c0b6f95ee2ba','PNG\r\n\Z\n\0\0\0\rIHDR\0\08\0\0\0\0\0\0\0IDATx/piI1s49Mk4Dk,C \0QOkZ$5\\kW!r\\gSA#P>{fgٙ+dggٙ|~4	\0\0\0\0\0\0\0\0\0\0\0\0\0\0\0\0\0\0\0\0\0\0\0\0\0\0\0\0\0\0\0\0\0\0\0\0\0\0\0\0\0\0\0\0\0\0\0\0\0\0\0\0\0\0\0\0\0\0\0\0\0\0\0\0\0\0 $vZ/ݝtvv\ZWWWWqHCQfӦMIooor	5NuСdÆ\rGҰsV	\0UnBΉZ%\0T)4*JDh\0P׿Hv䍮qP\"\0@C{/ޓj)m\0\rpM^X)8\0xgǺ\r8q`\"\0@\Zp6D\0G	8\00\'\Z,m\0\rpvnAN&8\0p烞m5NOm\0\rpv	%\04fdK<pz*.nL\0hG*~{ヮX8ع6qpWl\Zp\0nFm8\0pg86C*\0]iKPp\0p\0@Q\08J\0G\0f[N4iM+IxZۖ_v^-\0G~/δNԺt u%\r)ӐB\\m2eE^M@Q㮥ej[[J{{{$k׮M{?LG}$7oN/^tM!@QnM\'`3$p>|8>W:Ϝ%0.#7p3o޼lf$~,(\r9Fr\0G	8N)NK-\\\ZjbjѢEUxG	8D\Zn#7Նb)%0bW⚛NK\r5]U\\c\npC-Ng>bXx\0ַ#c>{WB>_hHΖo	8?wl~8KqB/4kV4)8`߹ׯ_?\'Xx.+fys4Y|pęT<MZ4u,~v\rjc&Uy».ۚ\ZjxفIf0+q+n4NcQdŊYgl߾gu;wL暬b??y\'>FluC=%K$V\Z/_>G96.?]|P`] TzJUp6lؐ?O~VdJ;z+Yn]o~37< D}_H!K}\r@.y}_N?fuq9M}=/<lٲ/y䗟~8T?h\r uK)4،F9z)#*Wct&n˯+ެY+\r8jLp0^zi2w#lHϓO>=~<tH1CI|a-3Lݻ+~V\\Жw۶mG}TaXʟs8y# \0={N|ݻwo̮1KNqt\'ꢋ.Jo\\b%BHDȉpr9d]r%ɳ>{Pm̙믿>s=7lq9F{bTt@##\r81\ZAk_Zg$\\=C>qJFpJkyꩧx^of*K_mѨ>l][l>^STT\"dő;::>s$c@Fśq%bJt\Z*.T#	8f͚-Ǌȓ\ni9p+{w.lNǹX\\KÑ58sQNa&_/,.^IOy9UQ|+pNE@*wjC3gokkEƥ!_S8wygv9z4#8(N.mݺuE=\Z5tUxJ	8=f]@͛7jǇ;΄81{)=D)]S>Xױ\'7|sv],N/}KJ(8}J8qb)@k|\"ׅf_=*x֡<D[6DYhQqKڀSŞUGE&\r&2^T<ʕ+\\WMҚT8T\rTej8tUܯd (bkfCNɉ-R&*\rOwyuG	8HNZ%N\'\'3ULCctKOiѓT3=grq&kn\0G	8{ύ}Ad%&Fm-8C]#AsW펳ggƹP8#(\0GQ\0\0G\0Gp\0@Q\0\0G	8\08\0#\0\0G	8\08p\0p\0G\0Gp\0p%\0 8J@p\0p\0[:\0pqETOOϿg8\0*]?&dM=i?\0g굝HQ5xw7\08\0\0\0\08\0\0\0\0 \0\08\0\0 \0\08\0\0\0\08\0\0\0\0 \0\08\0\0\0 \0\08\0\0\0\0 \0\0꾀s\0h3i-z\0hp9$\0\0nNw=\0@]4!&ݚ\0$ImwNΘ1#E?<dC=LZ+6b$\0jl-[oO~$/rӓ?~<	񵷷7ӟ(я~ُwgϞ=+xJhz\0+\r23`,|\'pmݺ5뮻>3gΎ)S\\$T<\";*\0(I+VX;wdʕR/B2sct4&U\00Zf[~;\rncf	RnAq\0L\\1r&Ԍyg>1hM/571-5Z#7FrMv8\r94X@5k%Jg1\0T*NĚjժc[<\\[)+^޾\r9OJ,_Rߒv7l©rHBJRA)n&\0#Fo87+x-\'lgQ.rm\0caq5Wj̙N:^^δ]ER.7ܔU\0PN~aɒ%I--^xk\Zpkam!t!pS||g!rRqZz饗Mz8Z}J97p&\0ʉg8pi[DL\Zr!Uj\048+x~ZKz8jGLʅjMiȱ&\0}<#TU}σ*_+3r뫱g7\Z	ozرcd畖k364CTr0@#8\00[oD߿u4ؔf\rHB58\0P{Y뽨^|[{Qmimm v/U%!^T\0P/~%>Wqp\Zvtǹǹ88\0PO~-|Z#okk{d\\Ӎ ~|{Z0\0b޼y^sQϤfS|Tzᆜ\0~)wq\Znkk{	&#9E\'U~g4gΜm+Wt}bµ.ra\rv?@bM̙3cnm۶\"}4X:]dڤw._}Μ9jٷo4pBNM\0hoo9{죣5#7nZZZ@/hђG~Ǉ_6Қ1_jLKh59mmms9k87k֬y.\rHĂ&_s3ܐR\00A:3f}@~8qf[{ｫwEQ&[RN3ZIWZ[[oOҴv_ƹMr\n9qG(\0\Z}!n?$\0\0fR\0@S\0hX\0ձH{]fp\0\0\0\0\0@\0p\0\0\0@\0p\0\0\0\0\0@\0\0\0\0@\0p\0\0\0@\0p\0\0\0\0g$9c׮]K_~ONUJ6niuh Խ6mڔ&\'NPTJ6lp$n6T\r@{\\V7ىSmC{\0S:;mzoSb_QWXmzo49z]e:m8Ӑd$ZpJuqgmC\r8{X^XGp\0aΎu\rډm:p\rp\Z6lwN,nL܀m8#(G	8S/X3X\'|&n6@i؀s?\rډm:p\rp\Z6|г-پf)M3q!\0Nݯ>=t<m8Ә㏓/)M3!\0N#8\ZۛtE戵3h 4^I?}ع6q,&}mCF8d\r8چ8\rp|O:\r8چ8\rpFځ3jހmhӰGĴ\rmp%(p%(ptb:1mCp\0G\'6[iLh7u<mӯc;8:1mԵՙ։@3ZnߡGĴ\rmw\'!\nBM4eʔb (mmmmY+<]6y?0	}Qӓl޼9YxqrM7Fs@Q:1mCpsm\ZH>)gy&MqbI,8J\'mh2rS7FkF\"`Ґc$%hFMg\'.\\?\r5R1}hѢKj (Gi5MrJFr6@Q6\\\n^\\s3ikrLUm\"t#{(4C;0ַub:1mCۨ8p8FY>1	8wU.n8\rp\nC---҉Ĵ\rm߇Nm\'c)S8n8\rp\n\')\r8چQmRׯӀ,<z78o0:1G6Ƴ83~#^N\'2։	8چ1m-ckP\ruꫴ\rmcw\neĹ^3j1\r;QYܶk֬nOYVJMX\"k3fyGN?|rcW&i6u$wO~ɒ%\r&N[yc9բ`˖-nq9\rݯ~M(H<|;Ot2^zi;y(z駓ٰa)wy_]ZlYrx>yGg旣k3nm6J.Ovޝm[o5\\h3YeK%E\'}8ss\\W,]|y<_!(n|\'|2\ZX?!!ߟy!*:xW\\uj2.o۶-裏6r1\Zm&Tb>yh6Фgжf/*7kى^:4J?쳓뮻8ZgD׭[7utB>߿?wG&㶙3gf#@E(*7P~O\'hqoն={$W]uUmmmg6Rhsڶ88rb_zTbءE#=GyǳK.t\'bp3\\_})xLj6Ga6>Sɯ}\r:Um`!d8qGGgdΨtV̝;7ڇo05Ex$OTEqh|\Z\'N/n߹s.=8JGbailOy\rNᶙ7(k}j6\\TEy\'ofw?ϲ<J?aQ6mV\Zu$OtN+ cta[,b=yJ[>6H3m&]tQjco|mV>uֆk&>6gokkAbKt21tme#3ygGLC̚5kӈ=[ZX{??AϷnсr(P/S5:^NL̙&_\'.7R\'c]@͛7jG;>)ޜn CԷkoSn/j[\\_	ip\r#䟬cJ\":DncFJ+FсXQa;̅}]]+F&-@ϧ5c4&)[ny	p&u(\"Vr\",Zhkk%Ab!h1ĺ>DO%WҹE{t=ONlSIɃH+W\Z\rLԀZZZ󑜑NWJFnLMtbچ1n#93!\'Ĉ\\5ܽbAqqMT\Z҉iƸuP\"qr`1:O_4T8({d韖=9N1û=8J\'mh03k57 (mcй/蜬$Ĩ@Q:1mCۨkq4wq6q8T~NL6\0%(m@Qp\0tbJQNL\'mh\0tbچ (Gi\0pSp\0tb:1mC\0@\'6\r\0GĴ\rm@Qp\0%(@\'6ӉiЉi%\08JQNL\'m(@\'6\r\0r:i\'vRP6\0ƍ@zzz%vh@[vuׯLG2~Σړ֍چ7kOxW;6\r\0\0\0\0\0\0\0\0\0\0\0\0\0\0\0\0\0\0\0Q\0?!{[߬\0\0\0\0IENDB`',1),('Jacky-5619f6b4-1907-4c87-a305-4a7ae90d2dcf',1,'员工请假.holiday.png','Jacky-0afbac79-089f-4689-9aa4-991d16c3cbfa','PNG\r\n\Z\n\0\0\0\rIHDR\0\08\0\0\0\0\0\0\0IDATx/piI1s49Mk4Dk,C \0QOkZ$5\\kW!r\\gSA#P>{fgٙ+dggٙ|~4	\0\0\0\0\0\0\0\0\0\0\0\0\0\0\0\0\0\0\0\0\0\0\0\0\0\0\0\0\0\0\0\0\0\0\0\0\0\0\0\0\0\0\0\0\0\0\0\0\0\0\0\0\0\0\0\0\0\0\0\0\0\0\0\0\0\0 $vZ/ݝtvv\ZWWWWqHCQfӦMIooor	5NuСdÆ\rGҰsV	\0UnBΉZ%\0T)4*JDh\0P׿Hv䍮qP\"\0@C{/ޓj)m\0\rpM^X)8\0xgǺ\r8q`\"\0@\Zp6D\0G	8\00\'\Z,m\0\rpvnAN&8\0p烞m5NOm\0\rpv	%\04fdK<pz*.nL\0hG*~{ヮX8ع6qpWl\Zp\0nFm8\0pg86C*\0]iKPp\0p\0@Q\08J\0G\0f[N4iM+IxZۖ_v^-\0G~/δNԺt u%\r)ӐB\\m2eE^M@Q㮥ej[[J{{{$k׮M{?LG}$7oN/^tM!@QnM\'`3$p>|8>W:Ϝ%0.#7p3o޼lf$~,(\r9Fr\0G	8N)NK-\\\ZjbjѢEUxG	8D\Zn#7Նb)%0bW⚛NK\r5]U\\c\npC-Ng>bXx\0ַ#c>{WB>_hHΖo	8?wl~8KqB/4kV4)8`߹ׯ_?\'Xx.+fys4Y|pęT<MZ4u,~v\rjc&Uy».ۚ\ZjxفIf0+q+n4NcQdŊYgl߾gu;wL暬b??y\'>FluC=%K$V\Z/_>G96.?]|P`] TzJUp6lؐ?O~VdJ;z+Yn]o~37< D}_H!K}\r@.y}_N?fuq9M}=/<lٲ/y䗟~8T?h\r uK)4،F9z)#*Wct&n˯+ެY+\r8jLp0^zi2w#lHϓO>=~<tH1CI|a-3Lݻ+~V\\Жw۶mG}TaXʟs8y# \0={N|ݻwo̮1KNqt\'ꢋ.Jo\\b%BHDȉpr9d]r%ɳ>{Pm̙믿>s=7lq9F{bTt@##\r81\ZAk_Zg$\\=C>qJFpJkyꩧx^of*K_mѨ>l][l>^STT\"dő;::>s$c@Fśq%bJt\Z*.T#	8f͚-Ǌȓ\ni9p+{w.lNǹX\\KÑ58sQNa&_/,.^IOy9UQ|+pNE@*wjC3gokkEƥ!_S8wygv9z4#8(N.mݺuE=\Z5tUxJ	8=f]@͛7jǇ;΄81{)=D)]S>Xױ\'7|sv],N/}KJ(8}J8qb)@k|\"ׅf_=*x֡<D[6DYhQqKڀSŞUGE&\r&2^T<ʕ+\\WMҚT8T\rTej8tUܯd (bkfCNɉ-R&*\rOwyuG	8HNZ%N\'\'3ULCctKOiѓT3=grq&kn\0G	8{ύ}Ad%&Fm-8C]#AsW펳ggƹP8#(\0GQ\0\0G\0Gp\0@Q\0\0G	8\08\0#\0\0G	8\08p\0p\0G\0Gp\0p%\0 8J@p\0p\0[:\0pqETOOϿg8\0*]?&dM=i?\0g굝HQ5xw7\08\0\0\0\08\0\0\0\0 \0\08\0\0 \0\08\0\0\0\08\0\0\0\0 \0\08\0\0\0 \0\08\0\0\0\0 \0\0꾀s\0h3i-z\0hp9$\0\0nNw=\0@]4!&ݚ\0$ImwNΘ1#E?<dC=LZ+6b$\0jl-[oO~$/rӓ?~<	񵷷7ӟ(я~ُwgϞ=+xJhz\0+\r23`,|\'pmݺ5뮻>3gΎ)S\\$T<\";*\0(I+VX;wdʕR/B2sct4&U\00Zf[~;\rncf	RnAq\0L\\1r&Ԍyg>1hM/571-5Z#7FrMv8\r94X@5k%Jg1\0T*NĚjժc[<\\[)+^޾\r9OJ,_Rߒv7l©rHBJRA)n&\0#Fo87+x-\'lgQ.rm\0caq5Wj̙N:^^δ]ER.7ܔU\0PN~aɒ%I--^xk\Zpkam!t!pS||g!rRqZz饗Mz8Z}J97p&\0ʉg8pi[DL\Zr!Uj\048+x~ZKz8jGLʅjMiȱ&\0}<#TU}σ*_+3r뫱g7\Z	ozرcd畖k364CTr0@#8\00[oD߿u4ؔf\rHB58\0P{Y뽨^|[{Qmimm v/U%!^T\0P/~%>Wqp\Zvtǹǹ88\0PO~-|Z#okk{d\\Ӎ ~|{Z0\0b޼y^sQϤfS|Tzᆜ\0~)wq\Znkk{	&#9E\'U~g4gΜm+Wt}bµ.ra\rv?@bM̙3cnm۶\"}4X:]dڤw._}Μ9jٷo4pBNM\0hoo9{죣5#7nZZZ@/hђG~Ǉ_6Қ1_jLKh59mmms9k87k֬y.\rHĂ&_s3ܐR\00A:3f}@~8qf[{ｫwEQ&[RN3ZIWZ[[oOҴv_ƹMr\n9qG(\0\Z}!n?$\0\0fR\0@S\0hX\0ձH{]fp\0\0\0\0\0@\0p\0\0\0@\0p\0\0\0\0\0@\0\0\0\0@\0p\0\0\0@\0p\0\0\0\0g$9c׮]K_~ONUJ6niuh Խ6mڔ&\'NPTJ6lp$n6T\r@{\\V7ىSmC{\0S:;mzoSb_QWXmzo49z]e:m8Ӑd$ZpJuqgmC\r8{X^XGp\0aΎu\rډm:p\rp\Z6lwN,nL܀m8#(G	8S/X3X\'|&n6@i؀s?\rډm:p\rp\Z6|г-پf)M3q!\0Nݯ>=t<m8Ә㏓/)M3!\0N#8\ZۛtE戵3h 4^I?}ع6q,&}mCF8d\r8چ8\rp|O:\r8چ8\rpFځ3jހmhӰGĴ\rmp%(p%(ptb:1mCp\0G\'6[iLh7u<mӯc;8:1mԵՙ։@3ZnߡGĴ\rmw\'!\nBM4eʔb (mmmmY+<]6y?0	}Qӓl޼9YxqrM7Fs@Q:1mCpsm\ZH>)gy&MqbI,8J\'mh2rS7FkF\"`Ґc$%hFMg\'.\\?\r5R1}hѢKj (Gi5MrJFr6@Q6\\\n^\\s3ikrLUm\"t#{(4C;0ַub:1mCۨ8p8FY>1	8wU.n8\rp\nC---҉Ĵ\rm߇Nm\'c)S8n8\rp\n\')\r8چQmRׯӀ,<z78o0:1G6Ƴ83~#^N\'2։	8چ1m-ckP\ruꫴ\rmcw\neĹ^3j1\r;QYܶk֬nOYVJMX\"k3fyGN?|rcW&i6u$wO~ɒ%\r&N[yc9բ`˖-nq9\rݯ~M(H<|;Ot2^zi;y(z駓ٰa)wy_]ZlYrx>yGg旣k3nm6J.Ovޝm[o5\\h3YeK%E\'}8ss\\W,]|y<_!(n|\'|2\ZX?!!ߟy!*:xW\\uj2.o۶-裏6r1\Zm&Tb>yh6Фgжf/*7kى^:4J?쳓뮻8ZgD׭[7utB>߿?wG&㶙3gf#@E(*7P~O\'hqoն={$W]uUmmmg6Rhsڶ88rb_zTbءE#=GyǳK.t\'bp3\\_})xLj6Ga6>Sɯ}\r:Um`!d8qGGgdΨtV̝;7ڇo05Ex$OTEqh|\Z\'N/n߹s.=8JGbailOy\rNᶙ7(k}j6\\TEy\'ofw?ϲ<J?aQ6mV\Zu$OtN+ cta[,b=yJ[>6H3m&]tQjco|mV>uֆk&>6gokkAbKt21tme#3ygGLC̚5kӈ=[ZX{??AϷnсr(P/S5:^NL̙&_\'.7R\'c]@͛7jG;>)ޜn CԷkoSn/j[\\_	ip\r#䟬cJ\":DncFJ+FсXQa;̅}]]+F&-@ϧ5c4&)[ny	p&u(\"Vr\",Zhkk%Ab!h1ĺ>DO%WҹE{t=ONlSIɃH+W\Z\rLԀZZZ󑜑NWJFnLMtbچ1n#93!\'Ĉ\\5ܽbAqqMT\Z҉iƸuP\"qr`1:O_4T8({d韖=9N1û=8J\'mh03k57 (mcй/蜬$Ĩ@Q:1mCۨkq4wq6q8T~NL6\0%(m@Qp\0tbJQNL\'mh\0tbچ (Gi\0pSp\0tb:1mC\0@\'6\r\0GĴ\rm@Qp\0%(@\'6ӉiЉi%\08JQNL\'m(@\'6\r\0r:i\'vRP6\0ƍ@zzz%vh@[vuׯLG2~Σړ֍چ7kOxW;6\r\0\0\0\0\0\0\0\0\0\0\0\0\0\0\0\0\0\0\0Q\0?!{[߬\0\0\0\0IENDB`',1),('Jacky-60d72a35-ad36-4fed-b11b-cdf9d8aa4bc6',1,'员工请假.bpmn','Jacky-0afbac79-089f-4689-9aa4-991d16c3cbfa','<?xml version=\"1.0\" encoding=\"UTF-8\"?>\n<definitions xmlns=\"http://www.omg.org/spec/BPMN/20100524/MODEL\" xmlns:xsi=\"http://www.w3.org/2001/XMLSchema-instance\" xmlns:xsd=\"http://www.w3.org/2001/XMLSchema\" xmlns:flowable=\"http://flowable.org/bpmn\" xmlns:bpmndi=\"http://www.omg.org/spec/BPMN/20100524/DI\" xmlns:omgdc=\"http://www.omg.org/spec/DD/20100524/DC\" xmlns:omgdi=\"http://www.omg.org/spec/DD/20100524/DI\" typeLanguage=\"http://www.w3.org/2001/XMLSchema\" expressionLanguage=\"http://www.w3.org/1999/XPath\" targetNamespace=\"http://www.flowable.org/processdef\">\n  <process id=\"holiday\" name=\"员工请假流程模型\" isExecutable=\"true\">\n    <documentation>员工请假流程模型</documentation>\n    <startEvent id=\"startEvent1\" flowable:formKey=\"holiday\"></startEvent>\n    <exclusiveGateway id=\"sid-79696A4A-0E1A-476B-9D66-1CBD2B74EF19\"></exclusiveGateway>\n    <sequenceFlow id=\"sid-CC84B4B8-1BAF-4C40-8CEF-0EA614418528\" sourceRef=\"startEvent1\" targetRef=\"sid-79696A4A-0E1A-476B-9D66-1CBD2B74EF19\"></sequenceFlow>\n    <userTask id=\"sid-66B114EC-A234-42DB-B67B-CC8C3C314111\" name=\"部门主管审批\" flowable:assignee=\"zhangsan\">\n      <extensionElements>\n        <modeler:activiti-idm-assignee xmlns:modeler=\"http://flowable.org/modeler\"><![CDATA[true]]></modeler:activiti-idm-assignee>\n        <modeler:assignee-info-email xmlns:modeler=\"http://flowable.org/modeler\"><![CDATA[zhangsan@upsky.com]]></modeler:assignee-info-email>\n        <modeler:assignee-info-firstname xmlns:modeler=\"http://flowable.org/modeler\"><![CDATA[三]]></modeler:assignee-info-firstname>\n        <modeler:assignee-info-lastname xmlns:modeler=\"http://flowable.org/modeler\"><![CDATA[张]]></modeler:assignee-info-lastname>\n        <modeler:initiator-can-complete xmlns:modeler=\"http://flowable.org/modeler\"><![CDATA[false]]></modeler:initiator-can-complete>\n      </extensionElements>\n    </userTask>\n    <endEvent id=\"sid-BFEA487A-AD0B-405F-8FF9-823DB67A330C\"></endEvent>\n    <sequenceFlow id=\"sid-33BE467F-3E32-425B-92DE-457331BD45CA\" sourceRef=\"sid-66B114EC-A234-42DB-B67B-CC8C3C314111\" targetRef=\"sid-BFEA487A-AD0B-405F-8FF9-823DB67A330C\"></sequenceFlow>\n    <userTask id=\"sid-3F10C5D5-B8E9-4617-81F8-C3A5B0A7CA9B\" name=\"总经理审批\" flowable:candidateUsers=\"lisi\">\n      <extensionElements>\n        <modeler:user-info-email-lisi xmlns:modeler=\"http://flowable.org/modeler\"><![CDATA[lisi@upsky.com]]></modeler:user-info-email-lisi>\n        <modeler:user-info-firstname-lisi xmlns:modeler=\"http://flowable.org/modeler\"><![CDATA[四]]></modeler:user-info-firstname-lisi>\n        <modeler:user-info-lastname-lisi xmlns:modeler=\"http://flowable.org/modeler\"><![CDATA[李]]></modeler:user-info-lastname-lisi>\n        <modeler:activiti-idm-candidate-user xmlns:modeler=\"http://flowable.org/modeler\"><![CDATA[true]]></modeler:activiti-idm-candidate-user>\n        <modeler:initiator-can-complete xmlns:modeler=\"http://flowable.org/modeler\"><![CDATA[false]]></modeler:initiator-can-complete>\n      </extensionElements>\n    </userTask>\n    <userTask id=\"sid-41FE841F-FE49-445D-A566-43A4A41B0F7B\" name=\"总裁审批\" flowable:candidateGroups=\"jishu\">\n      <extensionElements>\n        <modeler:group-info-name-jishu xmlns:modeler=\"http://flowable.org/modeler\"><![CDATA[技术部]]></modeler:group-info-name-jishu>\n        <modeler:activiti-idm-candidate-group xmlns:modeler=\"http://flowable.org/modeler\"><![CDATA[true]]></modeler:activiti-idm-candidate-group>\n        <modeler:initiator-can-complete xmlns:modeler=\"http://flowable.org/modeler\"><![CDATA[false]]></modeler:initiator-can-complete>\n      </extensionElements>\n    </userTask>\n    <sequenceFlow id=\"sid-1F2BAB74-5125-4CE4-ACE0-7AE1A56CCA73\" sourceRef=\"sid-3F10C5D5-B8E9-4617-81F8-C3A5B0A7CA9B\" targetRef=\"sid-41FE841F-FE49-445D-A566-43A4A41B0F7B\"></sequenceFlow>\n    <endEvent id=\"sid-69A3FF20-C12B-4E1E-BA99-2DCC2A17DA71\"></endEvent>\n    <sequenceFlow id=\"sid-C7D60A3F-BCD7-4725-9B3F-03E2A19D91FC\" sourceRef=\"sid-41FE841F-FE49-445D-A566-43A4A41B0F7B\" targetRef=\"sid-69A3FF20-C12B-4E1E-BA99-2DCC2A17DA71\"></sequenceFlow>\n    <sequenceFlow id=\"sid-CD0C8750-F833-47B1-9B02-C74735790D91\" name=\"小于等于3天\" sourceRef=\"sid-79696A4A-0E1A-476B-9D66-1CBD2B74EF19\" targetRef=\"sid-66B114EC-A234-42DB-B67B-CC8C3C314111\">\n      <conditionExpression xsi:type=\"tFormalExpression\"><![CDATA[${form_holiday_outcome==\"小于等于3天\"}]]></conditionExpression>\n    </sequenceFlow>\n    <sequenceFlow id=\"sid-26D30560-CCEE-46C7-82F7-D0D7AA962E82\" name=\"大于3天\" sourceRef=\"sid-79696A4A-0E1A-476B-9D66-1CBD2B74EF19\" targetRef=\"sid-3F10C5D5-B8E9-4617-81F8-C3A5B0A7CA9B\">\n      <conditionExpression xsi:type=\"tFormalExpression\"><![CDATA[${form_holiday_outcome==\"大于3天\"}]]></conditionExpression>\n    </sequenceFlow>\n  </process>\n  <bpmndi:BPMNDiagram id=\"BPMNDiagram_holiday\">\n    <bpmndi:BPMNPlane bpmnElement=\"holiday\" id=\"BPMNPlane_holiday\">\n      <bpmndi:BPMNShape bpmnElement=\"startEvent1\" id=\"BPMNShape_startEvent1\">\n        <omgdc:Bounds height=\"30.0\" width=\"30.0\" x=\"90.0\" y=\"140.0\"></omgdc:Bounds>\n      </bpmndi:BPMNShape>\n      <bpmndi:BPMNShape bpmnElement=\"sid-79696A4A-0E1A-476B-9D66-1CBD2B74EF19\" id=\"BPMNShape_sid-79696A4A-0E1A-476B-9D66-1CBD2B74EF19\">\n        <omgdc:Bounds height=\"40.0\" width=\"40.0\" x=\"165.0\" y=\"135.0\"></omgdc:Bounds>\n      </bpmndi:BPMNShape>\n      <bpmndi:BPMNShape bpmnElement=\"sid-66B114EC-A234-42DB-B67B-CC8C3C314111\" id=\"BPMNShape_sid-66B114EC-A234-42DB-B67B-CC8C3C314111\">\n        <omgdc:Bounds height=\"80.0\" width=\"100.0\" x=\"240.0\" y=\"30.0\"></omgdc:Bounds>\n      </bpmndi:BPMNShape>\n      <bpmndi:BPMNShape bpmnElement=\"sid-BFEA487A-AD0B-405F-8FF9-823DB67A330C\" id=\"BPMNShape_sid-BFEA487A-AD0B-405F-8FF9-823DB67A330C\">\n        <omgdc:Bounds height=\"28.0\" width=\"28.0\" x=\"465.0\" y=\"56.0\"></omgdc:Bounds>\n      </bpmndi:BPMNShape>\n      <bpmndi:BPMNShape bpmnElement=\"sid-3F10C5D5-B8E9-4617-81F8-C3A5B0A7CA9B\" id=\"BPMNShape_sid-3F10C5D5-B8E9-4617-81F8-C3A5B0A7CA9B\">\n        <omgdc:Bounds height=\"80.0\" width=\"100.0\" x=\"240.0\" y=\"195.0\"></omgdc:Bounds>\n      </bpmndi:BPMNShape>\n      <bpmndi:BPMNShape bpmnElement=\"sid-41FE841F-FE49-445D-A566-43A4A41B0F7B\" id=\"BPMNShape_sid-41FE841F-FE49-445D-A566-43A4A41B0F7B\">\n        <omgdc:Bounds height=\"80.0\" width=\"100.0\" x=\"375.0\" y=\"195.0\"></omgdc:Bounds>\n      </bpmndi:BPMNShape>\n      <bpmndi:BPMNShape bpmnElement=\"sid-69A3FF20-C12B-4E1E-BA99-2DCC2A17DA71\" id=\"BPMNShape_sid-69A3FF20-C12B-4E1E-BA99-2DCC2A17DA71\">\n        <omgdc:Bounds height=\"28.0\" width=\"28.0\" x=\"530.0\" y=\"221.0\"></omgdc:Bounds>\n      </bpmndi:BPMNShape>\n      <bpmndi:BPMNEdge bpmnElement=\"sid-26D30560-CCEE-46C7-82F7-D0D7AA962E82\" id=\"BPMNEdge_sid-26D30560-CCEE-46C7-82F7-D0D7AA962E82\">\n        <omgdi:waypoint x=\"185.5\" y=\"174.43809673366835\"></omgdi:waypoint>\n        <omgdi:waypoint x=\"185.5\" y=\"235.0\"></omgdi:waypoint>\n        <omgdi:waypoint x=\"240.0\" y=\"235.0\"></omgdi:waypoint>\n      </bpmndi:BPMNEdge>\n      <bpmndi:BPMNEdge bpmnElement=\"sid-C7D60A3F-BCD7-4725-9B3F-03E2A19D91FC\" id=\"BPMNEdge_sid-C7D60A3F-BCD7-4725-9B3F-03E2A19D91FC\">\n        <omgdi:waypoint x=\"474.94999999992007\" y=\"235.0\"></omgdi:waypoint>\n        <omgdi:waypoint x=\"530.0\" y=\"235.0\"></omgdi:waypoint>\n      </bpmndi:BPMNEdge>\n      <bpmndi:BPMNEdge bpmnElement=\"sid-1F2BAB74-5125-4CE4-ACE0-7AE1A56CCA73\" id=\"BPMNEdge_sid-1F2BAB74-5125-4CE4-ACE0-7AE1A56CCA73\">\n        <omgdi:waypoint x=\"339.95000000000005\" y=\"235.0\"></omgdi:waypoint>\n        <omgdi:waypoint x=\"375.0\" y=\"235.0\"></omgdi:waypoint>\n      </bpmndi:BPMNEdge>\n      <bpmndi:BPMNEdge bpmnElement=\"sid-CC84B4B8-1BAF-4C40-8CEF-0EA614418528\" id=\"BPMNEdge_sid-CC84B4B8-1BAF-4C40-8CEF-0EA614418528\">\n        <omgdi:waypoint x=\"119.9496588110467\" y=\"155.09285545292158\"></omgdi:waypoint>\n        <omgdi:waypoint x=\"165.375\" y=\"155.375\"></omgdi:waypoint>\n      </bpmndi:BPMNEdge>\n      <bpmndi:BPMNEdge bpmnElement=\"sid-CD0C8750-F833-47B1-9B02-C74735790D91\" id=\"BPMNEdge_sid-CD0C8750-F833-47B1-9B02-C74735790D91\">\n        <omgdi:waypoint x=\"185.5\" y=\"135.5\"></omgdi:waypoint>\n        <omgdi:waypoint x=\"185.5\" y=\"70.0\"></omgdi:waypoint>\n        <omgdi:waypoint x=\"240.0\" y=\"70.0\"></omgdi:waypoint>\n      </bpmndi:BPMNEdge>\n      <bpmndi:BPMNEdge bpmnElement=\"sid-33BE467F-3E32-425B-92DE-457331BD45CA\" id=\"BPMNEdge_sid-33BE467F-3E32-425B-92DE-457331BD45CA\">\n        <omgdi:waypoint x=\"339.95000000000005\" y=\"70.0\"></omgdi:waypoint>\n        <omgdi:waypoint x=\"465.0\" y=\"70.0\"></omgdi:waypoint>\n      </bpmndi:BPMNEdge>\n    </bpmndi:BPMNPlane>\n  </bpmndi:BPMNDiagram>\n</definitions>',0);

/*Table structure for table `act_ge_property` */

DROP TABLE IF EXISTS `act_ge_property`;

CREATE TABLE `act_ge_property` (
  `NAME_` varchar(64) COLLATE utf8_bin NOT NULL,
  `VALUE_` varchar(300) COLLATE utf8_bin DEFAULT NULL,
  `REV_` int(11) DEFAULT NULL,
  PRIMARY KEY (`NAME_`)
) ENGINE=InnoDB DEFAULT CHARSET=utf8 COLLATE=utf8_bin;

/*Data for the table `act_ge_property` */

insert  into `act_ge_property`(`NAME_`,`VALUE_`,`REV_`) values ('batch.schema.version','6.5.0.6',1),('cfg.execution-related-entities-count','true',1),('cfg.task-related-entities-count','true',1),('common.schema.version','6.5.0.6',1),('entitylink.schema.version','6.5.0.6',1),('eventsubscription.schema.version','6.5.0.6',1),('identitylink.schema.version','6.5.0.6',1),('job.schema.version','6.5.0.6',1),('next.dbid','210001',85),('schema.history','create(6.5.0.6)',1),('schema.version','6.5.0.6',1),('task.schema.version','6.5.0.6',1),('variable.schema.version','6.5.0.6',1);

/*Table structure for table `act_hi_actinst` */

DROP TABLE IF EXISTS `act_hi_actinst`;

CREATE TABLE `act_hi_actinst` (
  `ID_` varchar(64) COLLATE utf8_bin NOT NULL,
  `REV_` int(11) DEFAULT '1',
  `PROC_DEF_ID_` varchar(64) COLLATE utf8_bin NOT NULL,
  `PROC_INST_ID_` varchar(64) COLLATE utf8_bin NOT NULL,
  `EXECUTION_ID_` varchar(64) COLLATE utf8_bin NOT NULL,
  `ACT_ID_` varchar(255) COLLATE utf8_bin NOT NULL,
  `TASK_ID_` varchar(64) COLLATE utf8_bin DEFAULT NULL,
  `CALL_PROC_INST_ID_` varchar(64) COLLATE utf8_bin DEFAULT NULL,
  `ACT_NAME_` varchar(255) COLLATE utf8_bin DEFAULT NULL,
  `ACT_TYPE_` varchar(255) COLLATE utf8_bin NOT NULL,
  `ASSIGNEE_` varchar(255) COLLATE utf8_bin DEFAULT NULL,
  `START_TIME_` datetime(3) NOT NULL,
  `END_TIME_` datetime(3) DEFAULT NULL,
  `DURATION_` bigint(20) DEFAULT NULL,
  `DELETE_REASON_` varchar(4000) COLLATE utf8_bin DEFAULT NULL,
  `TENANT_ID_` varchar(255) COLLATE utf8_bin DEFAULT '',
  PRIMARY KEY (`ID_`),
  KEY `ACT_IDX_HI_ACT_INST_START` (`START_TIME_`),
  KEY `ACT_IDX_HI_ACT_INST_END` (`END_TIME_`),
  KEY `ACT_IDX_HI_ACT_INST_PROCINST` (`PROC_INST_ID_`,`ACT_ID_`),
  KEY `ACT_IDX_HI_ACT_INST_EXEC` (`EXECUTION_ID_`,`ACT_ID_`)
) ENGINE=InnoDB DEFAULT CHARSET=utf8 COLLATE=utf8_bin;

/*Data for the table `act_hi_actinst` */

insert  into `act_hi_actinst`(`ID_`,`REV_`,`PROC_DEF_ID_`,`PROC_INST_ID_`,`EXECUTION_ID_`,`ACT_ID_`,`TASK_ID_`,`CALL_PROC_INST_ID_`,`ACT_NAME_`,`ACT_TYPE_`,`ASSIGNEE_`,`START_TIME_`,`END_TIME_`,`DURATION_`,`DELETE_REASON_`,`TENANT_ID_`) values ('100007',1,'grouptask:3:100004','100005','100006','startEvent1',NULL,NULL,NULL,'startEvent',NULL,'2020-04-19 22:02:47.104','2020-04-19 22:02:47.110',6,NULL,''),('100008',1,'grouptask:3:100004','100005','100006','sid-B13B519D-21B7-4FB9-A62F-C88194F2BFAF',NULL,NULL,NULL,'sequenceFlow',NULL,'2020-04-19 22:02:47.113','2020-04-19 22:02:47.113',0,NULL,''),('100009',3,'grouptask:3:100004','100005','100006','sid-EDB2F5F1-2903-414D-B53F-A55D993F14B4','100010',NULL,'审批','userTask','陈杰7','2020-04-19 22:02:47.113','2020-04-19 22:08:44.992',357879,NULL,''),('102503',1,'grouptask:3:100004','100005','100006','sid-127150AC-E20A-49FC-B085-7B92C05CB1C0',NULL,NULL,NULL,'sequenceFlow',NULL,'2020-04-19 22:08:44.999','2020-04-19 22:08:44.999',0,NULL,''),('102504',1,'grouptask:3:100004','100005','100006','sid-3FA5A03F-6C4C-4797-AAB4-300675695AEE',NULL,NULL,NULL,'endEvent',NULL,'2020-04-19 22:08:45.000','2020-04-19 22:08:45.003',3,NULL,''),('105007',1,'grouptask:4:105004','105005','105006','startEvent1',NULL,NULL,NULL,'startEvent',NULL,'2020-04-20 09:35:11.456','2020-04-20 09:35:11.459',3,NULL,''),('105008',1,'grouptask:4:105004','105005','105006','sid-B13B519D-21B7-4FB9-A62F-C88194F2BFAF',NULL,NULL,NULL,'sequenceFlow',NULL,'2020-04-20 09:35:11.460','2020-04-20 09:35:11.460',0,NULL,''),('105009',1,'grouptask:4:105004','105005','105006','sid-EDB2F5F1-2903-414D-B53F-A55D993F14B4','105010',NULL,'审批','userTask',NULL,'2020-04-20 09:35:11.460',NULL,NULL,NULL,''),('110003',1,'serviceTask:1:107504','110001','110002','startEvent1',NULL,NULL,NULL,'startEvent',NULL,'2020-04-22 00:36:37.497','2020-04-22 00:36:37.503',6,NULL,''),('110004',1,'serviceTask:1:107504','110001','110002','sid-7BDCF029-8F1A-4C70-8E68-1D4B84D57C4D',NULL,NULL,NULL,'sequenceFlow',NULL,'2020-04-22 00:36:37.506','2020-04-22 00:36:37.506',0,NULL,''),('110005',1,'serviceTask:1:107504','110001','110002','sid-1B7E006B-766A-4CA1-8750-48331EE2FA66',NULL,NULL,'服务任务节点','serviceTask',NULL,'2020-04-22 00:36:37.506','2020-04-22 00:36:37.511',5,NULL,''),('110006',1,'serviceTask:1:107504','110001','110002','sid-8293D8A4-F689-467F-8D39-7431B213501F',NULL,NULL,NULL,'sequenceFlow',NULL,'2020-04-22 00:36:37.511','2020-04-22 00:36:37.511',0,NULL,''),('110007',1,'serviceTask:1:107504','110001','110002','sid-51786F2F-7BC6-44AE-A05B-3536E3B64937',NULL,NULL,NULL,'endEvent',NULL,'2020-04-22 00:36:37.511','2020-04-22 00:36:37.513',2,NULL,''),('115006',1,'scriptTask:1:112504','115001','115005','startEvent1',NULL,NULL,NULL,'startEvent',NULL,'2020-04-22 10:24:42.144','2020-04-22 10:24:42.151',7,NULL,''),('115007',1,'scriptTask:1:112504','115001','115005','sid-DF0D0C50-D0DA-437F-A80B-C074715A7C15',NULL,NULL,NULL,'sequenceFlow',NULL,'2020-04-22 10:24:42.153','2020-04-22 10:24:42.153',0,NULL,''),('115008',1,'scriptTask:1:112504','115001','115005','sid-05312B2A-20F7-4C02-B222-A0DC2C5446B4',NULL,NULL,'脚本任务','scriptTask',NULL,'2020-04-22 10:24:42.154','2020-04-22 10:24:42.671',517,NULL,''),('115010',1,'scriptTask:1:112504','115001','115005','sid-A8B4A876-709E-430C-A2DD-725653213C36',NULL,NULL,NULL,'sequenceFlow',NULL,'2020-04-22 10:24:42.671','2020-04-22 10:24:42.671',0,NULL,''),('115011',1,'scriptTask:1:112504','115001','115005','sid-C3FD3A61-109C-4D58-90A1-A15A9C904EFE',NULL,NULL,NULL,'endEvent',NULL,'2020-04-22 10:24:42.671','2020-04-22 10:24:42.673',2,NULL,''),('117506',1,'scriptTask:1:112504','117501','117505','startEvent1',NULL,NULL,NULL,'startEvent',NULL,'2020-04-24 09:16:57.864','2020-04-24 09:16:57.868',4,NULL,''),('117507',1,'scriptTask:1:112504','117501','117505','sid-DF0D0C50-D0DA-437F-A80B-C074715A7C15',NULL,NULL,NULL,'sequenceFlow',NULL,'2020-04-24 09:16:57.870','2020-04-24 09:16:57.870',0,NULL,''),('117508',1,'scriptTask:1:112504','117501','117505','sid-05312B2A-20F7-4C02-B222-A0DC2C5446B4',NULL,NULL,'脚本任务','scriptTask',NULL,'2020-04-24 09:16:57.870','2020-04-24 09:16:58.355',485,NULL,''),('117510',1,'scriptTask:1:112504','117501','117505','sid-A8B4A876-709E-430C-A2DD-725653213C36',NULL,NULL,NULL,'sequenceFlow',NULL,'2020-04-24 09:16:58.355','2020-04-24 09:16:58.355',0,NULL,''),('117511',1,'scriptTask:1:112504','117501','117505','sid-C3FD3A61-109C-4D58-90A1-A15A9C904EFE',NULL,NULL,NULL,'endEvent',NULL,'2020-04-24 09:16:58.355','2020-04-24 09:16:58.357',2,NULL,''),('125003',1,'scriptTask:2:122504','125001','125002','startEvent1',NULL,NULL,NULL,'startEvent',NULL,'2020-04-24 09:19:22.930','2020-04-24 09:19:22.935',5,NULL,''),('125004',1,'scriptTask:2:122504','125001','125002','sid-DF0D0C50-D0DA-437F-A80B-C074715A7C15',NULL,NULL,NULL,'sequenceFlow',NULL,'2020-04-24 09:19:22.937','2020-04-24 09:19:22.937',0,NULL,''),('125005',1,'scriptTask:2:122504','125001','125002','sid-05312B2A-20F7-4C02-B222-A0DC2C5446B4',NULL,NULL,'脚本任务','scriptTask',NULL,'2020-04-24 09:19:22.937','2020-04-24 09:19:23.236',299,NULL,''),('125006',1,'scriptTask:2:122504','125001','125002','sid-A8B4A876-709E-430C-A2DD-725653213C36',NULL,NULL,NULL,'sequenceFlow',NULL,'2020-04-24 09:19:23.236','2020-04-24 09:19:23.236',0,NULL,''),('125007',1,'scriptTask:2:122504','125001','125002','sid-C3FD3A61-109C-4D58-90A1-A15A9C904EFE',NULL,NULL,NULL,'endEvent',NULL,'2020-04-24 09:19:23.236','2020-04-24 09:19:23.237',1,NULL,''),('130004',1,'scriptTask:3:127504','130001','130003','startEvent1',NULL,NULL,NULL,'startEvent',NULL,'2020-04-24 09:27:42.804','2020-04-24 09:27:42.809',5,NULL,''),('130005',1,'scriptTask:3:127504','130001','130003','sid-DF0D0C50-D0DA-437F-A80B-C074715A7C15',NULL,NULL,NULL,'sequenceFlow',NULL,'2020-04-24 09:27:42.810','2020-04-24 09:27:42.810',0,NULL,''),('130006',1,'scriptTask:3:127504','130001','130003','sid-05312B2A-20F7-4C02-B222-A0DC2C5446B4',NULL,NULL,'脚本任务','scriptTask',NULL,'2020-04-24 09:27:42.810','2020-04-24 09:27:42.836',26,NULL,''),('130008',1,'scriptTask:3:127504','130001','130003','sid-A8B4A876-709E-430C-A2DD-725653213C36',NULL,NULL,NULL,'sequenceFlow',NULL,'2020-04-24 09:27:42.836','2020-04-24 09:27:42.836',0,NULL,''),('130009',1,'scriptTask:3:127504','130001','130003','sid-C3FD3A61-109C-4D58-90A1-A15A9C904EFE',NULL,NULL,NULL,'endEvent',NULL,'2020-04-24 09:27:42.836','2020-04-24 09:27:42.837',1,NULL,''),('135003',1,'variable:1:132504','135001','135002','startEvent1',NULL,NULL,NULL,'startEvent',NULL,'2020-05-04 12:40:05.458','2020-05-04 12:40:05.462',4,NULL,''),('135004',1,'variable:1:132504','135001','135002','sid-812D6536-BBF3-4799-9A94-F198BCDE8CFA',NULL,NULL,NULL,'sequenceFlow',NULL,'2020-05-04 12:40:05.464','2020-05-04 12:40:05.464',0,NULL,''),('135005',2,'variable:1:132504','135001','135002','sid-03B2656E-A825-4E7D-B8FE-2EAE46551D3A','135006',NULL,'提交申请','userTask',NULL,'2020-05-04 12:40:05.464','2020-05-04 13:21:06.806',2461342,NULL,''),('142502',1,'variable:1:132504','135001','135002','sid-3AD36AE2-60DD-4757-8707-E74D38C97A44',NULL,NULL,NULL,'sequenceFlow',NULL,'2020-05-04 13:21:06.813','2020-05-04 13:21:06.813',0,NULL,''),('142503',1,'variable:1:132504','135001','135002','sid-A4D2CDB4-A2C4-4527-B1FE-313AAB97B42E','142504',NULL,'经理审批','userTask',NULL,'2020-05-04 13:21:06.815',NULL,NULL,NULL,''),('157503',1,'variable:1:132504','157501','157502','startEvent1',NULL,NULL,NULL,'startEvent',NULL,'2020-05-04 20:54:07.356','2020-05-04 20:54:07.360',4,NULL,''),('157504',1,'variable:1:132504','157501','157502','sid-812D6536-BBF3-4799-9A94-F198BCDE8CFA',NULL,NULL,NULL,'sequenceFlow',NULL,'2020-05-04 20:54:07.362','2020-05-04 20:54:07.362',0,NULL,''),('157505',2,'variable:1:132504','157501','157502','sid-03B2656E-A825-4E7D-B8FE-2EAE46551D3A','157506',NULL,'提交申请','userTask',NULL,'2020-05-04 20:54:07.362','2020-05-04 20:55:53.313',105951,NULL,''),('160001',1,'variable:1:132504','157501','157502','sid-3AD36AE2-60DD-4757-8707-E74D38C97A44',NULL,NULL,NULL,'sequenceFlow',NULL,'2020-05-04 20:55:53.366','2020-05-04 20:55:53.366',0,NULL,''),('160002',2,'variable:1:132504','157501','157502','sid-A4D2CDB4-A2C4-4527-B1FE-313AAB97B42E','160003',NULL,'经理审批','userTask',NULL,'2020-05-04 20:55:53.370','2020-05-04 20:56:08.355',14985,NULL,''),('162501',1,'variable:1:132504','157501','157502','sid-78A1AAA1-2D53-41FA-ACDA-FEBAEC5F327E',NULL,NULL,NULL,'sequenceFlow',NULL,'2020-05-04 20:56:08.434','2020-05-04 20:56:08.434',0,NULL,''),('162502',1,'variable:1:132504','157501','157502','sid-6363CFF3-6256-4C8F-A574-09B4799735D0',NULL,NULL,NULL,'endEvent',NULL,'2020-05-04 20:56:08.437','2020-05-04 20:56:08.439',2,NULL,''),('167503',1,'history:1:165004','167501','167502','startEvent1',NULL,NULL,NULL,'startEvent',NULL,'2020-05-04 21:16:58.992','2020-05-04 21:16:58.998',6,NULL,''),('167504',1,'history:1:165004','167501','167502','sid-0EEF1B23-C3DA-4947-A8C8-DF6C69F4BD8F',NULL,NULL,NULL,'sequenceFlow',NULL,'2020-05-04 21:16:59.001','2020-05-04 21:16:59.001',0,NULL,''),('167505',1,'history:1:165004','167501','167502','sid-6CA07227-6D5D-4D27-B5DB-49CF3930AED4','167506',NULL,'任务1','userTask','zhangsan','2020-05-04 21:16:59.001',NULL,NULL,NULL,''),('180003',1,'async:1:177504','180001','180002','startEvent1',NULL,NULL,NULL,'startEvent',NULL,'2020-05-10 23:10:44.204','2020-05-10 23:10:44.207',3,NULL,''),('180004',1,'async:1:177504','180001','180002','sid-FC4FF059-ED2C-4AA1-9504-4DC00804D1A6',NULL,NULL,NULL,'sequenceFlow',NULL,'2020-05-10 23:10:44.208','2020-05-10 23:10:44.208',0,NULL,''),('182501',1,'async:1:177504','180001','180002','sid-9FF27D30-81F2-4B7F-BF13-674F86EAB592','182502',NULL,'异步任务','userTask',NULL,'2020-05-10 23:14:23.345',NULL,NULL,NULL,''),('187503',1,'form:1:185004','187501','187502','startEvent1',NULL,NULL,NULL,'startEvent',NULL,'2020-05-11 16:51:20.522','2020-05-11 16:51:20.526',4,NULL,''),('187504',1,'form:1:185004','187501','187502','sid-F60F8E40-938F-4E32-9958-1228AC8B7B4F',NULL,NULL,NULL,'sequenceFlow',NULL,'2020-05-11 16:51:20.527','2020-05-11 16:51:20.527',0,NULL,''),('187505',1,'form:1:185004','187501','187502','sid-5E92DDC1-6F91-4FAD-82D5-49F1EDEF9094','187506',NULL,'请假申请','userTask',NULL,'2020-05-11 16:51:20.527',NULL,NULL,NULL,''),('190003',1,'form:1:185004','190001','190002','startEvent1',NULL,NULL,NULL,'startEvent',NULL,'2020-05-11 21:41:02.255','2020-05-11 21:41:02.265',10,NULL,''),('190012',1,'form:1:185004','190001','190002','sid-F60F8E40-938F-4E32-9958-1228AC8B7B4F',NULL,NULL,NULL,'sequenceFlow',NULL,'2020-05-11 21:41:02.267','2020-05-11 21:41:02.267',0,NULL,''),('190013',2,'form:1:185004','190001','190002','sid-5E92DDC1-6F91-4FAD-82D5-49F1EDEF9094','190014',NULL,'请假申请','userTask',NULL,'2020-05-11 21:41:02.267','2020-05-11 22:38:22.443',3440176,NULL,''),('197504',1,'form:1:185004','190001','190002','sid-F1D5FFCE-C954-4EED-B87E-5B4B3E5A3D47',NULL,NULL,NULL,'sequenceFlow',NULL,'2020-05-11 22:38:22.449','2020-05-11 22:38:22.449',0,NULL,''),('197505',1,'form:1:185004','190001','190002','sid-E906AC7B-F856-4E5E-8799-56D5213C9AFA','197506',NULL,'经理审批','userTask',NULL,'2020-05-11 22:38:22.451',NULL,NULL,NULL,''),('202503',1,'formkey2:1:200007','202501','202502','startEvent1',NULL,NULL,NULL,'startEvent',NULL,'2020-05-12 22:33:13.649','2020-05-12 22:33:13.679',30,NULL,''),('202510',1,'formkey2:1:200007','202501','202502','sid-C31549A5-0283-4E92-BFCE-041C752343A3',NULL,NULL,NULL,'sequenceFlow',NULL,'2020-05-12 22:33:13.681','2020-05-12 22:33:13.681',0,NULL,''),('202511',2,'formkey2:1:200007','202501','202502','sid-03FFE656-10E2-4E8A-A92B-1EA78ED614B4','202512',NULL,'第一个任务节点','userTask',NULL,'2020-05-12 22:33:13.681','2020-05-12 22:44:45.988',692307,NULL,''),('205004',1,'formkey2:1:200007','202501','202502','sid-4152E673-0E8F-437B-8DCB-D35A664F6201',NULL,NULL,NULL,'sequenceFlow',NULL,'2020-05-12 22:44:45.997','2020-05-12 22:44:45.997',0,NULL,''),('205005',1,'formkey2:1:200007','202501','202502','sid-4CD86265-1E97-4CC7-99BD-689F65C4C297','205006',NULL,'第二个任务节点','userTask',NULL,'2020-05-12 22:44:46.000',NULL,NULL,NULL,''),('35003',1,'holidayeasy:1:32504','35001','35002','startEvent1',NULL,NULL,NULL,'startEvent',NULL,'2020-04-06 01:23:32.335','2020-04-06 01:23:32.341',6,NULL,'805'),('35004',1,'holidayeasy:1:32504','35001','35002','sid-3E8AE3E6-8CE3-4770-A585-4B67C935C072',NULL,NULL,NULL,'sequenceFlow',NULL,'2020-04-06 01:23:32.344','2020-04-06 01:23:32.344',0,NULL,'805'),('35005',2,'holidayeasy:1:32504','35001','35002','sid-DD60A13D-D833-4080-99DE-B1BAFDCDF858','35006',NULL,'员工请假申请','userTask','张三','2020-04-06 01:23:32.344','2020-04-06 15:56:33.621',52381277,NULL,'805'),('37501',1,'holidayeasy:1:32504','35001','35002','sid-5EB502B1-7F58-473B-BB6F-B5C4A2515845',NULL,NULL,NULL,'sequenceFlow',NULL,'2020-04-06 15:56:33.683','2020-04-06 15:56:33.683',0,NULL,'805'),('37502',2,'holidayeasy:1:32504','35001','35002','sid-7BCBAD25-1508-4608-A612-F98F7D035903','37503',NULL,'审批【部门经理】','userTask','李四','2020-04-06 15:56:33.687','2020-04-06 16:28:14.917',1901230,NULL,'805'),('40001',1,'holidayeasy:1:32504','35001','35002','sid-5B50E8E8-29B6-43EA-BD07-DF7FC7B0F53F',NULL,NULL,NULL,'sequenceFlow',NULL,'2020-04-06 16:28:14.962','2020-04-06 16:28:14.962',0,NULL,'805'),('40002',2,'holidayeasy:1:32504','35001','35002','sid-ED7F2976-7615-4340-AD23-D72208391A66','40003',NULL,'审批【总经理】','userTask','王五','2020-04-06 16:28:14.965','2020-04-06 16:28:42.843',27878,NULL,'805'),('42501',1,'holidayeasy:1:32504','35001','35002','sid-21E622C8-22F2-431E-91E9-7FFF20C904CE',NULL,NULL,NULL,'sequenceFlow',NULL,'2020-04-06 16:28:42.909','2020-04-06 16:28:42.909',0,NULL,'805'),('42502',1,'holidayeasy:1:32504','35001','35002','sid-821EAC88-6D59-496D-8627-C3B1A363EA9C',NULL,NULL,NULL,'endEvent',NULL,'2020-04-06 16:28:42.913','2020-04-06 16:28:42.923',10,NULL,'805'),('45003',1,'holidayeasy:1:32504','45001','45002','startEvent1',NULL,NULL,NULL,'startEvent',NULL,'2020-04-06 16:40:55.536','2020-04-06 16:40:55.542',6,NULL,'805'),('45004',1,'holidayeasy:1:32504','45001','45002','sid-3E8AE3E6-8CE3-4770-A585-4B67C935C072',NULL,NULL,NULL,'sequenceFlow',NULL,'2020-04-06 16:40:55.544','2020-04-06 16:40:55.544',0,NULL,'805'),('45005',2,'holidayeasy:1:32504','45001','45002','sid-DD60A13D-D833-4080-99DE-B1BAFDCDF858','45006',NULL,'员工请假申请','userTask','张三','2020-04-06 16:40:55.545','2020-04-06 16:42:59.637',124092,NULL,'805'),('47501',1,'holidayeasy:1:32504','45001','45002','sid-5EB502B1-7F58-473B-BB6F-B5C4A2515845',NULL,NULL,NULL,'sequenceFlow',NULL,'2020-04-06 16:42:59.692','2020-04-06 16:42:59.692',0,NULL,'805'),('47502',1,'holidayeasy:1:32504','45001','45002','sid-7BCBAD25-1508-4608-A612-F98F7D035903','47503',NULL,'审批【部门经理】','userTask','李四','2020-04-06 16:42:59.696',NULL,NULL,NULL,'805'),('52506',1,'dataobject:1:50004','52501','52505','startEvent1',NULL,NULL,NULL,'startEvent',NULL,'2020-04-06 23:57:27.593','2020-04-06 23:57:27.600',7,NULL,''),('52507',1,'dataobject:1:50004','52501','52505','sid-E959BA95-CF1A-4DCE-ADFE-C84AAE87090B',NULL,NULL,NULL,'sequenceFlow',NULL,'2020-04-06 23:57:27.603','2020-04-06 23:57:27.603',0,NULL,''),('52508',1,'dataobject:1:50004','52501','52505','sid-C55FD7FE-8686-49EC-BB0B-1D4E3F04FF28','52509',NULL,NULL,'userTask',NULL,'2020-04-06 23:57:27.603',NULL,NULL,NULL,''),('55006',1,'dataobject:1:50004','55001','55005','startEvent1',NULL,NULL,NULL,'startEvent',NULL,'2020-04-07 00:02:07.858','2020-04-07 00:02:07.863',5,NULL,''),('55007',1,'dataobject:1:50004','55001','55005','sid-E959BA95-CF1A-4DCE-ADFE-C84AAE87090B',NULL,NULL,NULL,'sequenceFlow',NULL,'2020-04-07 00:02:07.866','2020-04-07 00:02:07.866',0,NULL,''),('55008',1,'dataobject:1:50004','55001','55005','sid-C55FD7FE-8686-49EC-BB0B-1D4E3F04FF28','55009',NULL,NULL,'userTask',NULL,'2020-04-07 00:02:07.866',NULL,NULL,NULL,''),('57506',1,'dataobject:1:50004','57501','57505','startEvent1',NULL,NULL,NULL,'startEvent',NULL,'2020-04-07 00:41:42.872','2020-04-07 00:41:42.878',6,NULL,''),('57507',1,'dataobject:1:50004','57501','57505','sid-E959BA95-CF1A-4DCE-ADFE-C84AAE87090B',NULL,NULL,NULL,'sequenceFlow',NULL,'2020-04-07 00:41:42.880','2020-04-07 00:41:42.880',0,NULL,''),('57508',1,'dataobject:1:50004','57501','57505','sid-C55FD7FE-8686-49EC-BB0B-1D4E3F04FF28','57509',NULL,NULL,'userTask',NULL,'2020-04-07 00:41:42.881',NULL,NULL,NULL,''),('62503',1,'receivetask:1:60004','62501','62502','startEvent1',NULL,NULL,NULL,'startEvent',NULL,'2020-04-08 10:22:36.179','2020-04-08 10:22:36.182',3,NULL,''),('62504',1,'receivetask:1:60004','62501','62502','sid-642EF126-92CA-4FF9-8BC3-B5C8B319C302',NULL,NULL,NULL,'sequenceFlow',NULL,'2020-04-08 10:22:36.183','2020-04-08 10:22:36.183',0,NULL,''),('62505',2,'receivetask:1:60004','62501','62502','sid-43D1D00A-A9A6-4D4E-88CF-7CA2CCC359FD',NULL,NULL,'获取当日销售额','receiveTask',NULL,'2020-04-08 10:22:36.183','2020-04-08 10:33:21.356',645173,NULL,''),('65001',1,'receivetask:1:60004','62501','62502','sid-E12608C4-65CC-49B1-B3C8-5B0EE33EAAAA',NULL,NULL,NULL,'sequenceFlow',NULL,'2020-04-08 10:33:21.399','2020-04-08 10:33:21.399',0,NULL,''),('65002',2,'receivetask:1:60004','62501','62502','sid-88B3ACC4-E163-41F4-8B1B-31F4978ED9D8',NULL,NULL,'给总经理发短信','receiveTask',NULL,'2020-04-08 10:33:21.401','2020-04-08 10:34:32.567',71166,NULL,''),('67501',1,'receivetask:1:60004','62501','62502','sid-F82552A1-B3C3-4838-8878-7DC80D192227',NULL,NULL,NULL,'sequenceFlow',NULL,'2020-04-08 10:34:32.607','2020-04-08 10:34:32.607',0,NULL,''),('67502',1,'receivetask:1:60004','62501','62502','sid-CF88376B-4F95-4E15-AAB1-16DE759A2130',NULL,NULL,NULL,'endEvent',NULL,'2020-04-08 10:34:32.608','2020-04-08 10:34:32.611',3,NULL,''),('70007',1,'singletask:1:70004','70005','70006','startEvent1',NULL,NULL,NULL,'startEvent',NULL,'2020-04-15 00:33:13.084','2020-04-15 00:33:13.088',4,NULL,''),('70008',1,'singletask:1:70004','70005','70006','sid-B13B519D-21B7-4FB9-A62F-C88194F2BFAF',NULL,NULL,NULL,'sequenceFlow',NULL,'2020-04-15 00:33:13.091','2020-04-15 00:33:13.091',0,NULL,''),('70009',2,'singletask:1:70004','70005','70006','sid-EDB2F5F1-2903-414D-B53F-A55D993F14B4','70010',NULL,'审批','userTask','张三丰','2020-04-15 00:33:13.091','2020-04-15 00:42:39.174',566083,NULL,''),('72501',1,'singletask:1:70004','70005','70006','sid-127150AC-E20A-49FC-B085-7B92C05CB1C0',NULL,NULL,NULL,'sequenceFlow',NULL,'2020-04-15 00:42:39.222','2020-04-15 00:42:39.222',0,NULL,''),('72502',1,'singletask:1:70004','70005','70006','sid-3FA5A03F-6C4C-4797-AAB4-300675695AEE',NULL,NULL,NULL,'endEvent',NULL,'2020-04-15 00:42:39.224','2020-04-15 00:42:39.228',4,NULL,''),('77508',1,'singletask:3:77504','77505','77507','startEvent1',NULL,NULL,NULL,'startEvent',NULL,'2020-04-15 00:52:48.818','2020-04-15 00:52:48.821',3,NULL,''),('77509',1,'singletask:3:77504','77505','77507','sid-B13B519D-21B7-4FB9-A62F-C88194F2BFAF',NULL,NULL,NULL,'sequenceFlow',NULL,'2020-04-15 00:52:48.823','2020-04-15 00:52:48.823',0,NULL,''),('77510',1,'singletask:3:77504','77505','77507','sid-EDB2F5F1-2903-414D-B53F-A55D993F14B4','77511',NULL,'审批','userTask','陈杰','2020-04-15 00:52:48.823',NULL,NULL,NULL,''),('80007',1,'singletask:4:80004','80005','80006','startEvent1',NULL,NULL,NULL,'startEvent',NULL,'2020-04-15 01:04:09.519','2020-04-15 01:04:09.522',3,NULL,''),('80008',1,'singletask:4:80004','80005','80006','sid-B13B519D-21B7-4FB9-A62F-C88194F2BFAF',NULL,NULL,NULL,'sequenceFlow',NULL,'2020-04-15 01:04:09.524','2020-04-15 01:04:09.524',0,NULL,''),('80009',2,'singletask:4:80004','80005','80006','sid-EDB2F5F1-2903-414D-B53F-A55D993F14B4','80010',NULL,'审批','userTask','chenjie','2020-04-15 01:04:09.524',NULL,NULL,NULL,''),('85007',1,'grouptask:1:85004','85005','85006','startEvent1',NULL,NULL,NULL,'startEvent',NULL,'2020-04-17 00:42:27.063','2020-04-17 00:42:27.067',4,NULL,''),('85008',1,'grouptask:1:85004','85005','85006','sid-B13B519D-21B7-4FB9-A62F-C88194F2BFAF',NULL,NULL,NULL,'sequenceFlow',NULL,'2020-04-17 00:42:27.068','2020-04-17 00:42:27.068',0,NULL,''),('85009',3,'grouptask:1:85004','85005','85006','sid-EDB2F5F1-2903-414D-B53F-A55D993F14B4','85010',NULL,'审批','userTask','分享牛2','2020-04-17 00:42:27.068','2020-04-17 01:12:33.218',1806150,NULL,''),('92502',1,'grouptask:1:85004','85005','85006','sid-127150AC-E20A-49FC-B085-7B92C05CB1C0',NULL,NULL,NULL,'sequenceFlow',NULL,'2020-04-17 01:12:33.229','2020-04-17 01:12:33.229',0,NULL,''),('92503',1,'grouptask:1:85004','85005','85006','sid-3FA5A03F-6C4C-4797-AAB4-300675695AEE',NULL,NULL,NULL,'endEvent',NULL,'2020-04-17 01:12:33.231','2020-04-17 01:12:33.238',7,NULL,''),('95008',1,'grouptask:2:95004','95005','95007','startEvent1',NULL,NULL,NULL,'startEvent',NULL,'2020-04-17 01:21:34.890','2020-04-17 01:21:34.892',2,NULL,''),('95009',1,'grouptask:2:95004','95005','95007','sid-B13B519D-21B7-4FB9-A62F-C88194F2BFAF',NULL,NULL,NULL,'sequenceFlow',NULL,'2020-04-17 01:21:34.894','2020-04-17 01:21:34.894',0,NULL,''),('95010',2,'grouptask:2:95004','95005','95007','sid-EDB2F5F1-2903-414D-B53F-A55D993F14B4','95011',NULL,'审批','userTask','我不是分享牛','2020-04-17 01:21:34.894',NULL,NULL,NULL,'');

/*Table structure for table `act_hi_attachment` */

DROP TABLE IF EXISTS `act_hi_attachment`;

CREATE TABLE `act_hi_attachment` (
  `ID_` varchar(64) COLLATE utf8_bin NOT NULL,
  `REV_` int(11) DEFAULT NULL,
  `USER_ID_` varchar(255) COLLATE utf8_bin DEFAULT NULL,
  `NAME_` varchar(255) COLLATE utf8_bin DEFAULT NULL,
  `DESCRIPTION_` varchar(4000) COLLATE utf8_bin DEFAULT NULL,
  `TYPE_` varchar(255) COLLATE utf8_bin DEFAULT NULL,
  `TASK_ID_` varchar(64) COLLATE utf8_bin DEFAULT NULL,
  `PROC_INST_ID_` varchar(64) COLLATE utf8_bin DEFAULT NULL,
  `URL_` varchar(4000) COLLATE utf8_bin DEFAULT NULL,
  `CONTENT_ID_` varchar(64) COLLATE utf8_bin DEFAULT NULL,
  `TIME_` datetime(3) DEFAULT NULL,
  PRIMARY KEY (`ID_`)
) ENGINE=InnoDB DEFAULT CHARSET=utf8 COLLATE=utf8_bin;

/*Data for the table `act_hi_attachment` */

/*Table structure for table `act_hi_comment` */

DROP TABLE IF EXISTS `act_hi_comment`;

CREATE TABLE `act_hi_comment` (
  `ID_` varchar(64) COLLATE utf8_bin NOT NULL,
  `TYPE_` varchar(255) COLLATE utf8_bin DEFAULT NULL,
  `TIME_` datetime(3) NOT NULL,
  `USER_ID_` varchar(255) COLLATE utf8_bin DEFAULT NULL,
  `TASK_ID_` varchar(64) COLLATE utf8_bin DEFAULT NULL,
  `PROC_INST_ID_` varchar(64) COLLATE utf8_bin DEFAULT NULL,
  `ACTION_` varchar(255) COLLATE utf8_bin DEFAULT NULL,
  `MESSAGE_` varchar(4000) COLLATE utf8_bin DEFAULT NULL,
  `FULL_MSG_` longblob,
  PRIMARY KEY (`ID_`)
) ENGINE=InnoDB DEFAULT CHARSET=utf8 COLLATE=utf8_bin;

/*Data for the table `act_hi_comment` */

insert  into `act_hi_comment`(`ID_`,`TYPE_`,`TIME_`,`USER_ID_`,`TASK_ID_`,`PROC_INST_ID_`,`ACTION_`,`MESSAGE_`,`FULL_MSG_`) values ('102502','event','2020-04-19 22:08:44.932',NULL,'100010',NULL,'AddUserLink','陈杰7_|_assignee',NULL),('82503','event','2020-04-15 01:11:24.436',NULL,'80010',NULL,'AddUserLink','chenjie_|_assignee',NULL),('87502','event','2020-04-17 01:06:41.979',NULL,'85010',NULL,'AddUserLink','分享牛2_|_assignee',NULL),('90001','event','2020-04-17 01:11:23.973',NULL,'85010',NULL,'AddUserLink','分享牛2_|_assignee',NULL),('92501','event','2020-04-17 01:12:33.126',NULL,'85010',NULL,'AddUserLink','分享牛2_|_assignee',NULL),('97503','event','2020-04-17 01:26:49.311',NULL,'95011',NULL,'AddUserLink','我不是分享牛_|_assignee',NULL);

/*Table structure for table `act_hi_detail` */

DROP TABLE IF EXISTS `act_hi_detail`;

CREATE TABLE `act_hi_detail` (
  `ID_` varchar(64) COLLATE utf8_bin NOT NULL,
  `TYPE_` varchar(255) COLLATE utf8_bin NOT NULL,
  `PROC_INST_ID_` varchar(64) COLLATE utf8_bin DEFAULT NULL,
  `EXECUTION_ID_` varchar(64) COLLATE utf8_bin DEFAULT NULL,
  `TASK_ID_` varchar(64) COLLATE utf8_bin DEFAULT NULL,
  `ACT_INST_ID_` varchar(64) COLLATE utf8_bin DEFAULT NULL,
  `NAME_` varchar(255) COLLATE utf8_bin NOT NULL,
  `VAR_TYPE_` varchar(255) COLLATE utf8_bin DEFAULT NULL,
  `REV_` int(11) DEFAULT NULL,
  `TIME_` datetime(3) NOT NULL,
  `BYTEARRAY_ID_` varchar(64) COLLATE utf8_bin DEFAULT NULL,
  `DOUBLE_` double DEFAULT NULL,
  `LONG_` bigint(20) DEFAULT NULL,
  `TEXT_` varchar(4000) COLLATE utf8_bin DEFAULT NULL,
  `TEXT2_` varchar(4000) COLLATE utf8_bin DEFAULT NULL,
  PRIMARY KEY (`ID_`),
  KEY `ACT_IDX_HI_DETAIL_PROC_INST` (`PROC_INST_ID_`),
  KEY `ACT_IDX_HI_DETAIL_ACT_INST` (`ACT_INST_ID_`),
  KEY `ACT_IDX_HI_DETAIL_TIME` (`TIME_`),
  KEY `ACT_IDX_HI_DETAIL_NAME` (`NAME_`),
  KEY `ACT_IDX_HI_DETAIL_TASK_ID` (`TASK_ID_`)
) ENGINE=InnoDB DEFAULT CHARSET=utf8 COLLATE=utf8_bin;

/*Data for the table `act_hi_detail` */

insert  into `act_hi_detail`(`ID_`,`TYPE_`,`PROC_INST_ID_`,`EXECUTION_ID_`,`TASK_ID_`,`ACT_INST_ID_`,`NAME_`,`VAR_TYPE_`,`REV_`,`TIME_`,`BYTEARRAY_ID_`,`DOUBLE_`,`LONG_`,`TEXT_`,`TEXT2_`) values ('190004','FormProperty','190001','190002',NULL,'190003','end_date',NULL,NULL,'2020-05-11 21:41:02.255',NULL,NULL,NULL,'2020-05-14',NULL),('190005','FormProperty','190001','190002',NULL,'190003','reason',NULL,NULL,'2020-05-11 21:41:02.255',NULL,NULL,NULL,'我想出去玩玩',NULL),('190006','FormProperty','190001','190002',NULL,'190003','days',NULL,NULL,'2020-05-11 21:41:02.255',NULL,NULL,NULL,'3',NULL),('190007','FormProperty','190001','190002',NULL,'190003','start_date',NULL,NULL,'2020-05-11 21:41:02.255',NULL,NULL,NULL,'2020-05-11',NULL),('195001','FormProperty','190001','190002','190014','190013','addMore',NULL,NULL,'2020-05-11 22:24:35.028',NULL,NULL,NULL,'我再添加一个表单变量',NULL),('195002','FormProperty','190001','190002','190014','190013','reason',NULL,NULL,'2020-05-11 22:24:35.028',NULL,NULL,NULL,'我又想出去玩玩',NULL),('195003','FormProperty','190001','190002','190014','190013','days',NULL,NULL,'2020-05-11 22:24:35.028',NULL,NULL,NULL,'4',NULL),('197501','FormProperty','190001','190002','190014','190013','addMore',NULL,NULL,'2020-05-11 22:38:22.366',NULL,NULL,NULL,'我再添加一个表单变量',NULL),('197502','FormProperty','190001','190002','190014','190013','reason',NULL,NULL,'2020-05-11 22:38:22.366',NULL,NULL,NULL,'我叒想出去玩玩',NULL),('197503','FormProperty','190001','190002','190014','190013','days',NULL,NULL,'2020-05-11 22:38:22.366',NULL,NULL,NULL,'5',NULL),('202504','FormProperty','202501','202502',NULL,'202503','reason',NULL,NULL,'2020-05-12 22:33:13.649',NULL,NULL,NULL,'我想出去玩玩',NULL),('202505','FormProperty','202501','202502',NULL,'202503','endDate',NULL,NULL,'2020-05-12 22:33:13.649',NULL,NULL,NULL,'2020-33-15',NULL),('202506','FormProperty','202501','202502',NULL,'202503','startDate',NULL,NULL,'2020-05-12 22:33:13.649',NULL,NULL,NULL,'2020-33-12',NULL),('205001','FormProperty','202501','202502','202512','202511','reason',NULL,NULL,'2020-05-12 22:44:45.867',NULL,NULL,NULL,'我又想出去玩玩',NULL),('205002','FormProperty','202501','202502','202512','202511','endDate',NULL,NULL,'2020-05-12 22:44:45.867',NULL,NULL,NULL,'2020-05-15',NULL),('205003','FormProperty','202501','202502','202512','202511','startDate',NULL,NULL,'2020-05-12 22:44:45.867',NULL,NULL,NULL,'2020-05-12',NULL),('207501','FormProperty','202501','202502','205006','205005','reason',NULL,NULL,'2020-05-13 09:52:56.237',NULL,NULL,NULL,'我又想出去玩玩',NULL),('207502','FormProperty','202501','202502','205006','205005','endDate',NULL,NULL,'2020-05-13 09:52:56.237',NULL,NULL,NULL,'2020-05-16',NULL),('207503','FormProperty','202501','202502','205006','205005','startDate',NULL,NULL,'2020-05-13 09:52:56.237',NULL,NULL,NULL,'2020-05-13',NULL);

/*Table structure for table `act_hi_entitylink` */

DROP TABLE IF EXISTS `act_hi_entitylink`;

CREATE TABLE `act_hi_entitylink` (
  `ID_` varchar(64) COLLATE utf8_bin NOT NULL,
  `LINK_TYPE_` varchar(255) COLLATE utf8_bin DEFAULT NULL,
  `CREATE_TIME_` datetime(3) DEFAULT NULL,
  `SCOPE_ID_` varchar(255) COLLATE utf8_bin DEFAULT NULL,
  `SCOPE_TYPE_` varchar(255) COLLATE utf8_bin DEFAULT NULL,
  `SCOPE_DEFINITION_ID_` varchar(255) COLLATE utf8_bin DEFAULT NULL,
  `REF_SCOPE_ID_` varchar(255) COLLATE utf8_bin DEFAULT NULL,
  `REF_SCOPE_TYPE_` varchar(255) COLLATE utf8_bin DEFAULT NULL,
  `REF_SCOPE_DEFINITION_ID_` varchar(255) COLLATE utf8_bin DEFAULT NULL,
  `HIERARCHY_TYPE_` varchar(255) COLLATE utf8_bin DEFAULT NULL,
  PRIMARY KEY (`ID_`),
  KEY `ACT_IDX_HI_ENT_LNK_SCOPE` (`SCOPE_ID_`,`SCOPE_TYPE_`,`LINK_TYPE_`),
  KEY `ACT_IDX_HI_ENT_LNK_SCOPE_DEF` (`SCOPE_DEFINITION_ID_`,`SCOPE_TYPE_`,`LINK_TYPE_`)
) ENGINE=InnoDB DEFAULT CHARSET=utf8 COLLATE=utf8_bin;

/*Data for the table `act_hi_entitylink` */

/*Table structure for table `act_hi_identitylink` */

DROP TABLE IF EXISTS `act_hi_identitylink`;

CREATE TABLE `act_hi_identitylink` (
  `ID_` varchar(64) COLLATE utf8_bin NOT NULL,
  `GROUP_ID_` varchar(255) COLLATE utf8_bin DEFAULT NULL,
  `TYPE_` varchar(255) COLLATE utf8_bin DEFAULT NULL,
  `USER_ID_` varchar(255) COLLATE utf8_bin DEFAULT NULL,
  `TASK_ID_` varchar(64) COLLATE utf8_bin DEFAULT NULL,
  `CREATE_TIME_` datetime(3) DEFAULT NULL,
  `PROC_INST_ID_` varchar(64) COLLATE utf8_bin DEFAULT NULL,
  `SCOPE_ID_` varchar(255) COLLATE utf8_bin DEFAULT NULL,
  `SUB_SCOPE_ID_` varchar(255) COLLATE utf8_bin DEFAULT NULL,
  `SCOPE_TYPE_` varchar(255) COLLATE utf8_bin DEFAULT NULL,
  `SCOPE_DEFINITION_ID_` varchar(255) COLLATE utf8_bin DEFAULT NULL,
  PRIMARY KEY (`ID_`),
  KEY `ACT_IDX_HI_IDENT_LNK_USER` (`USER_ID_`),
  KEY `ACT_IDX_HI_IDENT_LNK_SCOPE` (`SCOPE_ID_`,`SCOPE_TYPE_`),
  KEY `ACT_IDX_HI_IDENT_LNK_SUB_SCOPE` (`SUB_SCOPE_ID_`,`SCOPE_TYPE_`),
  KEY `ACT_IDX_HI_IDENT_LNK_SCOPE_DEF` (`SCOPE_DEFINITION_ID_`,`SCOPE_TYPE_`),
  KEY `ACT_IDX_HI_IDENT_LNK_TASK` (`TASK_ID_`),
  KEY `ACT_IDX_HI_IDENT_LNK_PROCINST` (`PROC_INST_ID_`)
) ENGINE=InnoDB DEFAULT CHARSET=utf8 COLLATE=utf8_bin;

/*Data for the table `act_hi_identitylink` */

insert  into `act_hi_identitylink`(`ID_`,`GROUP_ID_`,`TYPE_`,`USER_ID_`,`TASK_ID_`,`CREATE_TIME_`,`PROC_INST_ID_`,`SCOPE_ID_`,`SUB_SCOPE_ID_`,`SCOPE_TYPE_`,`SCOPE_DEFINITION_ID_`) values ('100011',NULL,'candidate','陈杰7','100010','2020-04-19 22:02:47.150',NULL,NULL,NULL,NULL,NULL),('100012',NULL,'candidate','陈杰8','100010','2020-04-19 22:02:47.152',NULL,NULL,NULL,NULL,NULL),('100013',NULL,'participant','陈杰7',NULL,'2020-04-19 22:02:47.152','100005',NULL,NULL,NULL,NULL),('100014',NULL,'participant','陈杰8',NULL,'2020-04-19 22:02:47.152','100005',NULL,NULL,NULL,NULL),('102501',NULL,'assignee','陈杰7','100010','2020-04-19 22:08:44.874',NULL,NULL,NULL,NULL,NULL),('105011','总经理','candidate',NULL,'105010','2020-04-20 09:35:11.487',NULL,NULL,NULL,NULL,NULL),('167507',NULL,'assignee','zhangsan','167506','2020-05-04 21:16:59.036',NULL,NULL,NULL,NULL,NULL),('167508',NULL,'participant','zhangsan',NULL,'2020-05-04 21:16:59.037','167501',NULL,NULL,NULL,NULL),('35007',NULL,'assignee','张三','35006','2020-04-06 01:23:32.371',NULL,NULL,NULL,NULL,NULL),('35008',NULL,'participant','张三',NULL,'2020-04-06 01:23:32.373','35001',NULL,NULL,NULL,NULL),('37504',NULL,'assignee','李四','37503','2020-04-06 15:56:33.715',NULL,NULL,NULL,NULL,NULL),('37505',NULL,'participant','李四',NULL,'2020-04-06 15:56:33.728','35001',NULL,NULL,NULL,NULL),('40004',NULL,'assignee','王五','40003','2020-04-06 16:28:14.990',NULL,NULL,NULL,NULL,NULL),('40005',NULL,'participant','王五',NULL,'2020-04-06 16:28:14.998','35001',NULL,NULL,NULL,NULL),('45007',NULL,'assignee','张三','45006','2020-04-06 16:40:55.582',NULL,NULL,NULL,NULL,NULL),('45008',NULL,'participant','张三',NULL,'2020-04-06 16:40:55.583','45001',NULL,NULL,NULL,NULL),('47504',NULL,'assignee','李四','47503','2020-04-06 16:42:59.718',NULL,NULL,NULL,NULL,NULL),('47505',NULL,'participant','李四',NULL,'2020-04-06 16:42:59.723','45001',NULL,NULL,NULL,NULL),('70011',NULL,'assignee','张三丰','70010','2020-04-15 00:33:13.114',NULL,NULL,NULL,NULL,NULL),('70012',NULL,'participant','张三丰',NULL,'2020-04-15 00:33:13.115','70005',NULL,NULL,NULL,NULL),('77512',NULL,'assignee','陈杰','77511','2020-04-15 00:52:48.847',NULL,NULL,NULL,NULL,NULL),('77513',NULL,'participant','陈杰',NULL,'2020-04-15 00:52:48.849','77505',NULL,NULL,NULL,NULL),('82501',NULL,'assignee','chenjie','80010','2020-04-15 01:11:24.384',NULL,NULL,NULL,NULL,NULL),('82502',NULL,'participant','chenjie',NULL,'2020-04-15 01:11:24.435','80005',NULL,NULL,NULL,NULL),('85011',NULL,'candidate','分享牛1','85010','2020-04-17 00:42:27.089',NULL,NULL,NULL,NULL,NULL),('85012',NULL,'participant','分享牛1',NULL,'2020-04-17 00:42:27.091','85005',NULL,NULL,NULL,NULL),('85013',NULL,'candidate','分享牛2','85010','2020-04-17 00:42:27.091',NULL,NULL,NULL,NULL,NULL),('85014',NULL,'participant','分享牛2',NULL,'2020-04-17 00:42:27.091','85005',NULL,NULL,NULL,NULL),('85015',NULL,'candidate','分享牛3','85010','2020-04-17 00:42:27.091',NULL,NULL,NULL,NULL,NULL),('85016',NULL,'participant','分享牛3',NULL,'2020-04-17 00:42:27.091','85005',NULL,NULL,NULL,NULL),('87501',NULL,'assignee','分享牛2','85010','2020-04-17 01:06:41.932',NULL,NULL,NULL,NULL,NULL),('95012',NULL,'candidate','分享牛4','95011','2020-04-17 01:21:34.917',NULL,NULL,NULL,NULL,NULL),('95013',NULL,'candidate','分享牛5','95011','2020-04-17 01:21:34.918',NULL,NULL,NULL,NULL,NULL),('95014',NULL,'candidate','分享牛6','95011','2020-04-17 01:21:34.918',NULL,NULL,NULL,NULL,NULL),('95015',NULL,'participant','分享牛4',NULL,'2020-04-17 01:21:34.918','95005',NULL,NULL,NULL,NULL),('95016',NULL,'participant','分享牛5',NULL,'2020-04-17 01:21:34.918','95005',NULL,NULL,NULL,NULL),('95017',NULL,'participant','分享牛6',NULL,'2020-04-17 01:21:34.918','95005',NULL,NULL,NULL,NULL),('97501',NULL,'assignee','我不是分享牛','95011','2020-04-17 01:26:49.259',NULL,NULL,NULL,NULL,NULL),('97502',NULL,'participant','我不是分享牛',NULL,'2020-04-17 01:26:49.310','95005',NULL,NULL,NULL,NULL);

/*Table structure for table `act_hi_procinst` */

DROP TABLE IF EXISTS `act_hi_procinst`;

CREATE TABLE `act_hi_procinst` (
  `ID_` varchar(64) COLLATE utf8_bin NOT NULL,
  `REV_` int(11) DEFAULT '1',
  `PROC_INST_ID_` varchar(64) COLLATE utf8_bin NOT NULL,
  `BUSINESS_KEY_` varchar(255) COLLATE utf8_bin DEFAULT NULL,
  `PROC_DEF_ID_` varchar(64) COLLATE utf8_bin NOT NULL,
  `START_TIME_` datetime(3) NOT NULL,
  `END_TIME_` datetime(3) DEFAULT NULL,
  `DURATION_` bigint(20) DEFAULT NULL,
  `START_USER_ID_` varchar(255) COLLATE utf8_bin DEFAULT NULL,
  `START_ACT_ID_` varchar(255) COLLATE utf8_bin DEFAULT NULL,
  `END_ACT_ID_` varchar(255) COLLATE utf8_bin DEFAULT NULL,
  `SUPER_PROCESS_INSTANCE_ID_` varchar(64) COLLATE utf8_bin DEFAULT NULL,
  `DELETE_REASON_` varchar(4000) COLLATE utf8_bin DEFAULT NULL,
  `TENANT_ID_` varchar(255) COLLATE utf8_bin DEFAULT '',
  `NAME_` varchar(255) COLLATE utf8_bin DEFAULT NULL,
  `CALLBACK_ID_` varchar(255) COLLATE utf8_bin DEFAULT NULL,
  `CALLBACK_TYPE_` varchar(255) COLLATE utf8_bin DEFAULT NULL,
  `REFERENCE_ID_` varchar(255) COLLATE utf8_bin DEFAULT NULL,
  `REFERENCE_TYPE_` varchar(255) COLLATE utf8_bin DEFAULT NULL,
  PRIMARY KEY (`ID_`),
  UNIQUE KEY `PROC_INST_ID_` (`PROC_INST_ID_`),
  KEY `ACT_IDX_HI_PRO_INST_END` (`END_TIME_`),
  KEY `ACT_IDX_HI_PRO_I_BUSKEY` (`BUSINESS_KEY_`)
) ENGINE=InnoDB DEFAULT CHARSET=utf8 COLLATE=utf8_bin;

/*Data for the table `act_hi_procinst` */

insert  into `act_hi_procinst`(`ID_`,`REV_`,`PROC_INST_ID_`,`BUSINESS_KEY_`,`PROC_DEF_ID_`,`START_TIME_`,`END_TIME_`,`DURATION_`,`START_USER_ID_`,`START_ACT_ID_`,`END_ACT_ID_`,`SUPER_PROCESS_INSTANCE_ID_`,`DELETE_REASON_`,`TENANT_ID_`,`NAME_`,`CALLBACK_ID_`,`CALLBACK_TYPE_`,`REFERENCE_ID_`,`REFERENCE_TYPE_`) values ('100005',2,'100005','businessKey-grouptask3','grouptask:3:100004','2020-04-19 22:02:47.103','2020-04-19 22:08:45.025',357922,NULL,'startEvent1','sid-3FA5A03F-6C4C-4797-AAB4-300675695AEE',NULL,NULL,'',NULL,NULL,NULL,NULL,NULL),('105005',1,'105005','businessKey-grouptask4','grouptask:4:105004','2020-04-20 09:35:11.455',NULL,NULL,NULL,'startEvent1',NULL,NULL,NULL,'',NULL,NULL,NULL,NULL,NULL),('110001',1,'110001',NULL,'serviceTask:1:107504','2020-04-22 00:36:37.439','2020-04-22 00:36:37.527',88,NULL,'startEvent1','sid-51786F2F-7BC6-44AE-A05B-3536E3B64937',NULL,NULL,'',NULL,NULL,NULL,NULL,NULL),('115001',1,'115001',NULL,'scriptTask:1:112504','2020-04-22 10:24:42.082','2020-04-22 10:24:42.689',607,NULL,'startEvent1','sid-C3FD3A61-109C-4D58-90A1-A15A9C904EFE',NULL,NULL,'',NULL,NULL,NULL,NULL,NULL),('117501',1,'117501',NULL,'scriptTask:1:112504','2020-04-24 09:16:57.821','2020-04-24 09:16:58.373',552,NULL,'startEvent1','sid-C3FD3A61-109C-4D58-90A1-A15A9C904EFE',NULL,NULL,'',NULL,NULL,NULL,NULL,NULL),('125001',1,'125001',NULL,'scriptTask:2:122504','2020-04-24 09:19:22.890','2020-04-24 09:19:23.245',355,NULL,'startEvent1','sid-C3FD3A61-109C-4D58-90A1-A15A9C904EFE',NULL,NULL,'',NULL,NULL,NULL,NULL,NULL),('130001',1,'130001',NULL,'scriptTask:3:127504','2020-04-24 09:27:42.759','2020-04-24 09:27:42.847',88,NULL,'startEvent1','sid-C3FD3A61-109C-4D58-90A1-A15A9C904EFE',NULL,NULL,'',NULL,NULL,NULL,NULL,NULL),('135001',1,'135001','bKey-variable','variable:1:132504','2020-05-04 12:40:05.420',NULL,NULL,NULL,'startEvent1',NULL,NULL,NULL,'',NULL,NULL,NULL,NULL,NULL),('157501',2,'157501',NULL,'variable:1:132504','2020-05-04 20:54:07.316','2020-05-04 20:56:08.483',121167,NULL,'startEvent1','sid-6363CFF3-6256-4C8F-A574-09B4799735D0',NULL,NULL,'',NULL,NULL,NULL,NULL,NULL),('167501',1,'167501','bKey-history','history:1:165004','2020-05-04 21:16:58.939',NULL,NULL,NULL,'startEvent1',NULL,NULL,NULL,'',NULL,NULL,NULL,NULL,NULL),('180001',1,'180001','bKey-asyncJob','async:1:177504','2020-05-10 23:10:44.153',NULL,NULL,NULL,'startEvent1',NULL,NULL,NULL,'',NULL,NULL,NULL,NULL,NULL),('187501',1,'187501','bKey-form','form:1:185004','2020-05-11 16:51:20.483',NULL,NULL,NULL,'startEvent1',NULL,NULL,NULL,'',NULL,NULL,NULL,NULL,NULL),('190001',1,'190001','bKey-submitForm','form:1:185004','2020-05-11 21:41:02.220',NULL,NULL,NULL,'startEvent1',NULL,NULL,NULL,'',NULL,NULL,NULL,NULL,NULL),('202501',1,'202501',NULL,'formkey2:1:200007','2020-05-12 22:33:13.597',NULL,NULL,NULL,'startEvent1',NULL,NULL,NULL,'',NULL,NULL,NULL,NULL,NULL),('35001',2,'35001',NULL,'holidayeasy:1:32504','2020-04-06 01:23:32.278','2020-04-06 16:28:42.963',54310685,NULL,'startEvent1','sid-821EAC88-6D59-496D-8627-C3B1A363EA9C',NULL,NULL,'805',NULL,NULL,NULL,NULL,NULL),('45001',1,'45001',NULL,'holidayeasy:1:32504','2020-04-06 16:40:55.474',NULL,NULL,NULL,'startEvent1',NULL,NULL,NULL,'805',NULL,NULL,NULL,NULL,NULL),('52501',1,'52501',NULL,'dataobject:1:50004','2020-04-06 23:57:27.517',NULL,NULL,NULL,'startEvent1',NULL,NULL,NULL,'',NULL,NULL,NULL,NULL,NULL),('55001',1,'55001','businessKey123','dataobject:1:50004','2020-04-07 00:02:07.785',NULL,NULL,NULL,'startEvent1',NULL,NULL,NULL,'',NULL,NULL,NULL,NULL,NULL),('57501',1,'57501','businessKey123','dataobject:1:50004','2020-04-07 00:41:42.794',NULL,NULL,NULL,'startEvent1',NULL,NULL,NULL,'',NULL,NULL,NULL,NULL,NULL),('62501',2,'62501','businessKey-receivetask','receivetask:1:60004','2020-04-08 10:22:36.137','2020-04-08 10:34:32.646',716509,NULL,'startEvent1','sid-CF88376B-4F95-4E15-AAB1-16DE759A2130',NULL,NULL,'',NULL,NULL,NULL,NULL,NULL),('70005',2,'70005','businessKey-singletask','singletask:1:70004','2020-04-15 00:33:13.083','2020-04-15 00:42:39.256',566173,NULL,'startEvent1','sid-3FA5A03F-6C4C-4797-AAB4-300675695AEE',NULL,NULL,'',NULL,NULL,NULL,NULL,NULL),('77505',1,'77505','businessKey-singletask','singletask:3:77504','2020-04-15 00:52:48.815',NULL,NULL,NULL,'startEvent1',NULL,NULL,NULL,'',NULL,NULL,NULL,NULL,NULL),('80005',1,'80005','businessKey-singletask','singletask:4:80004','2020-04-15 01:04:09.519',NULL,NULL,NULL,'startEvent1',NULL,NULL,NULL,'',NULL,NULL,NULL,NULL,NULL),('85005',2,'85005','businessKey-grouptask','grouptask:1:85004','2020-04-17 00:42:27.062','2020-04-17 01:12:33.264',1806202,NULL,'startEvent1','sid-3FA5A03F-6C4C-4797-AAB4-300675695AEE',NULL,NULL,'',NULL,NULL,NULL,NULL,NULL),('95005',1,'95005','businessKey-grouptask2','grouptask:2:95004','2020-04-17 01:21:34.887',NULL,NULL,NULL,'startEvent1',NULL,NULL,NULL,'',NULL,NULL,NULL,NULL,NULL);

/*Table structure for table `act_hi_taskinst` */

DROP TABLE IF EXISTS `act_hi_taskinst`;

CREATE TABLE `act_hi_taskinst` (
  `ID_` varchar(64) COLLATE utf8_bin NOT NULL,
  `REV_` int(11) DEFAULT '1',
  `PROC_DEF_ID_` varchar(64) COLLATE utf8_bin DEFAULT NULL,
  `TASK_DEF_ID_` varchar(64) COLLATE utf8_bin DEFAULT NULL,
  `TASK_DEF_KEY_` varchar(255) COLLATE utf8_bin DEFAULT NULL,
  `PROC_INST_ID_` varchar(64) COLLATE utf8_bin DEFAULT NULL,
  `EXECUTION_ID_` varchar(64) COLLATE utf8_bin DEFAULT NULL,
  `SCOPE_ID_` varchar(255) COLLATE utf8_bin DEFAULT NULL,
  `SUB_SCOPE_ID_` varchar(255) COLLATE utf8_bin DEFAULT NULL,
  `SCOPE_TYPE_` varchar(255) COLLATE utf8_bin DEFAULT NULL,
  `SCOPE_DEFINITION_ID_` varchar(255) COLLATE utf8_bin DEFAULT NULL,
  `PROPAGATED_STAGE_INST_ID_` varchar(255) COLLATE utf8_bin DEFAULT NULL,
  `NAME_` varchar(255) COLLATE utf8_bin DEFAULT NULL,
  `PARENT_TASK_ID_` varchar(64) COLLATE utf8_bin DEFAULT NULL,
  `DESCRIPTION_` varchar(4000) COLLATE utf8_bin DEFAULT NULL,
  `OWNER_` varchar(255) COLLATE utf8_bin DEFAULT NULL,
  `ASSIGNEE_` varchar(255) COLLATE utf8_bin DEFAULT NULL,
  `START_TIME_` datetime(3) NOT NULL,
  `CLAIM_TIME_` datetime(3) DEFAULT NULL,
  `END_TIME_` datetime(3) DEFAULT NULL,
  `DURATION_` bigint(20) DEFAULT NULL,
  `DELETE_REASON_` varchar(4000) COLLATE utf8_bin DEFAULT NULL,
  `PRIORITY_` int(11) DEFAULT NULL,
  `DUE_DATE_` datetime(3) DEFAULT NULL,
  `FORM_KEY_` varchar(255) COLLATE utf8_bin DEFAULT NULL,
  `CATEGORY_` varchar(255) COLLATE utf8_bin DEFAULT NULL,
  `TENANT_ID_` varchar(255) COLLATE utf8_bin DEFAULT '',
  `LAST_UPDATED_TIME_` datetime(3) DEFAULT NULL,
  PRIMARY KEY (`ID_`),
  KEY `ACT_IDX_HI_TASK_SCOPE` (`SCOPE_ID_`,`SCOPE_TYPE_`),
  KEY `ACT_IDX_HI_TASK_SUB_SCOPE` (`SUB_SCOPE_ID_`,`SCOPE_TYPE_`),
  KEY `ACT_IDX_HI_TASK_SCOPE_DEF` (`SCOPE_DEFINITION_ID_`,`SCOPE_TYPE_`),
  KEY `ACT_IDX_HI_TASK_INST_PROCINST` (`PROC_INST_ID_`)
) ENGINE=InnoDB DEFAULT CHARSET=utf8 COLLATE=utf8_bin;

/*Data for the table `act_hi_taskinst` */

insert  into `act_hi_taskinst`(`ID_`,`REV_`,`PROC_DEF_ID_`,`TASK_DEF_ID_`,`TASK_DEF_KEY_`,`PROC_INST_ID_`,`EXECUTION_ID_`,`SCOPE_ID_`,`SUB_SCOPE_ID_`,`SCOPE_TYPE_`,`SCOPE_DEFINITION_ID_`,`PROPAGATED_STAGE_INST_ID_`,`NAME_`,`PARENT_TASK_ID_`,`DESCRIPTION_`,`OWNER_`,`ASSIGNEE_`,`START_TIME_`,`CLAIM_TIME_`,`END_TIME_`,`DURATION_`,`DELETE_REASON_`,`PRIORITY_`,`DUE_DATE_`,`FORM_KEY_`,`CATEGORY_`,`TENANT_ID_`,`LAST_UPDATED_TIME_`) values ('100010',3,'grouptask:3:100004',NULL,'sid-EDB2F5F1-2903-414D-B53F-A55D993F14B4','100005','100006',NULL,NULL,NULL,NULL,NULL,'审批',NULL,NULL,NULL,'陈杰7','2020-04-19 22:02:47.113','2020-04-19 22:08:44.852','2020-04-19 22:08:44.980',357867,NULL,50,NULL,NULL,NULL,'','2020-04-19 22:08:44.980'),('105010',1,'grouptask:4:105004',NULL,'sid-EDB2F5F1-2903-414D-B53F-A55D993F14B4','105005','105006',NULL,NULL,NULL,NULL,NULL,'审批',NULL,NULL,NULL,NULL,'2020-04-20 09:35:11.460',NULL,NULL,NULL,NULL,50,NULL,NULL,NULL,'','2020-04-20 09:35:11.486'),('135006',2,'variable:1:132504',NULL,'sid-03B2656E-A825-4E7D-B8FE-2EAE46551D3A','135001','135002',NULL,NULL,NULL,NULL,NULL,'提交申请',NULL,NULL,NULL,NULL,'2020-05-04 12:40:05.464',NULL,'2020-05-04 13:21:06.786',2461322,NULL,50,NULL,NULL,NULL,'','2020-05-04 13:21:06.786'),('142504',1,'variable:1:132504',NULL,'sid-A4D2CDB4-A2C4-4527-B1FE-313AAB97B42E','135001','135002',NULL,NULL,NULL,NULL,NULL,'经理审批',NULL,NULL,NULL,NULL,'2020-05-04 13:21:06.815',NULL,NULL,NULL,NULL,50,NULL,NULL,NULL,'','2020-05-04 13:21:06.834'),('157506',2,'variable:1:132504',NULL,'sid-03B2656E-A825-4E7D-B8FE-2EAE46551D3A','157501','157502',NULL,NULL,NULL,NULL,NULL,'提交申请',NULL,NULL,NULL,NULL,'2020-05-04 20:54:07.362',NULL,'2020-05-04 20:55:53.296',105934,NULL,50,NULL,NULL,NULL,'','2020-05-04 20:55:53.296'),('160003',2,'variable:1:132504',NULL,'sid-A4D2CDB4-A2C4-4527-B1FE-313AAB97B42E','157501','157502',NULL,NULL,NULL,NULL,NULL,'经理审批',NULL,NULL,NULL,NULL,'2020-05-04 20:55:53.370',NULL,'2020-05-04 20:56:08.333',14963,NULL,50,NULL,NULL,NULL,'','2020-05-04 20:56:08.333'),('167506',1,'history:1:165004',NULL,'sid-6CA07227-6D5D-4D27-B5DB-49CF3930AED4','167501','167502',NULL,NULL,NULL,NULL,NULL,'任务1',NULL,NULL,NULL,'zhangsan','2020-05-04 21:16:59.001',NULL,NULL,NULL,NULL,50,NULL,NULL,NULL,'','2020-05-04 21:16:59.035'),('182502',1,'async:1:177504',NULL,'sid-9FF27D30-81F2-4B7F-BF13-674F86EAB592','180001','180002',NULL,NULL,NULL,NULL,NULL,'异步任务',NULL,NULL,NULL,NULL,'2020-05-10 23:14:23.346',NULL,NULL,NULL,NULL,50,NULL,NULL,NULL,'','2020-05-10 23:14:23.368'),('187506',1,'form:1:185004',NULL,'sid-5E92DDC1-6F91-4FAD-82D5-49F1EDEF9094','187501','187502',NULL,NULL,NULL,NULL,NULL,'请假申请',NULL,NULL,NULL,NULL,'2020-05-11 16:51:20.527',NULL,NULL,NULL,NULL,50,NULL,NULL,NULL,'','2020-05-11 16:51:20.546'),('190014',2,'form:1:185004',NULL,'sid-5E92DDC1-6F91-4FAD-82D5-49F1EDEF9094','190001','190002',NULL,NULL,NULL,NULL,NULL,'请假申请',NULL,NULL,NULL,NULL,'2020-05-11 21:41:02.267',NULL,'2020-05-11 22:38:22.434',3440167,NULL,50,NULL,NULL,NULL,'','2020-05-11 22:38:22.434'),('197506',1,'form:1:185004',NULL,'sid-E906AC7B-F856-4E5E-8799-56D5213C9AFA','190001','190002',NULL,NULL,NULL,NULL,NULL,'经理审批',NULL,NULL,NULL,NULL,'2020-05-11 22:38:22.451',NULL,NULL,NULL,NULL,50,NULL,NULL,NULL,'','2020-05-11 22:38:22.469'),('202512',2,'formkey2:1:200007',NULL,'sid-03FFE656-10E2-4E8A-A92B-1EA78ED614B4','202501','202502',NULL,NULL,NULL,NULL,NULL,'第一个任务节点',NULL,NULL,NULL,NULL,'2020-05-12 22:33:13.682',NULL,'2020-05-12 22:44:45.973',692291,NULL,50,NULL,'task.html',NULL,'','2020-05-12 22:44:45.973'),('205006',1,'formkey2:1:200007',NULL,'sid-4CD86265-1E97-4CC7-99BD-689F65C4C297','202501','202502',NULL,NULL,NULL,NULL,NULL,'第二个任务节点',NULL,NULL,NULL,NULL,'2020-05-12 22:44:46.000',NULL,NULL,NULL,NULL,50,NULL,'task2.html',NULL,'','2020-05-12 22:44:46.006'),('35006',2,'holidayeasy:1:32504',NULL,'sid-DD60A13D-D833-4080-99DE-B1BAFDCDF858','35001','35002',NULL,NULL,NULL,NULL,NULL,'员工请假申请',NULL,NULL,NULL,'张三','2020-04-06 01:23:32.344',NULL,'2020-04-06 15:56:33.599',52381255,NULL,50,NULL,NULL,NULL,'805','2020-04-06 15:56:33.599'),('37503',2,'holidayeasy:1:32504',NULL,'sid-7BCBAD25-1508-4608-A612-F98F7D035903','35001','35002',NULL,NULL,NULL,NULL,NULL,'审批【部门经理】',NULL,NULL,NULL,'李四','2020-04-06 15:56:33.687',NULL,'2020-04-06 16:28:14.903',1901216,NULL,50,NULL,NULL,NULL,'805','2020-04-06 16:28:14.903'),('40003',2,'holidayeasy:1:32504',NULL,'sid-ED7F2976-7615-4340-AD23-D72208391A66','35001','35002',NULL,NULL,NULL,NULL,NULL,'审批【总经理】',NULL,NULL,NULL,'王五','2020-04-06 16:28:14.965',NULL,'2020-04-06 16:28:42.824',27859,NULL,50,NULL,NULL,NULL,'805','2020-04-06 16:28:42.824'),('45006',2,'holidayeasy:1:32504',NULL,'sid-DD60A13D-D833-4080-99DE-B1BAFDCDF858','45001','45002',NULL,NULL,NULL,NULL,NULL,'员工请假申请',NULL,NULL,NULL,'张三','2020-04-06 16:40:55.545',NULL,'2020-04-06 16:42:59.620',124075,NULL,50,NULL,NULL,NULL,'805','2020-04-06 16:42:59.620'),('47503',1,'holidayeasy:1:32504',NULL,'sid-7BCBAD25-1508-4608-A612-F98F7D035903','45001','45002',NULL,NULL,NULL,NULL,NULL,'审批【部门经理】',NULL,NULL,NULL,'李四','2020-04-06 16:42:59.696',NULL,NULL,NULL,NULL,50,NULL,NULL,NULL,'805','2020-04-06 16:42:59.717'),('52509',1,'dataobject:1:50004',NULL,'sid-C55FD7FE-8686-49EC-BB0B-1D4E3F04FF28','52501','52505',NULL,NULL,NULL,NULL,NULL,NULL,NULL,NULL,NULL,NULL,'2020-04-06 23:57:27.604',NULL,NULL,NULL,NULL,50,NULL,NULL,NULL,'','2020-04-06 23:57:27.609'),('55009',1,'dataobject:1:50004',NULL,'sid-C55FD7FE-8686-49EC-BB0B-1D4E3F04FF28','55001','55005',NULL,NULL,NULL,NULL,NULL,NULL,NULL,NULL,NULL,NULL,'2020-04-07 00:02:07.866',NULL,NULL,NULL,NULL,50,NULL,NULL,NULL,'','2020-04-07 00:02:07.870'),('57509',1,'dataobject:1:50004',NULL,'sid-C55FD7FE-8686-49EC-BB0B-1D4E3F04FF28','57501','57505',NULL,NULL,NULL,NULL,NULL,NULL,NULL,NULL,NULL,NULL,'2020-04-07 00:41:42.881',NULL,NULL,NULL,NULL,50,NULL,NULL,NULL,'','2020-04-07 00:41:42.885'),('70010',2,'singletask:1:70004',NULL,'sid-EDB2F5F1-2903-414D-B53F-A55D993F14B4','70005','70006',NULL,NULL,NULL,NULL,NULL,'审批',NULL,NULL,NULL,'张三丰','2020-04-15 00:33:13.091',NULL,'2020-04-15 00:42:39.161',566070,NULL,50,NULL,NULL,NULL,'','2020-04-15 00:42:39.161'),('77511',1,'singletask:3:77504',NULL,'sid-EDB2F5F1-2903-414D-B53F-A55D993F14B4','77505','77507',NULL,NULL,NULL,NULL,NULL,'审批',NULL,NULL,NULL,'陈杰','2020-04-15 00:52:48.823',NULL,NULL,NULL,NULL,50,NULL,NULL,NULL,'','2020-04-15 00:52:48.846'),('80010',2,'singletask:4:80004',NULL,'sid-EDB2F5F1-2903-414D-B53F-A55D993F14B4','80005','80006',NULL,NULL,NULL,NULL,NULL,'审批',NULL,NULL,NULL,'chenjie','2020-04-15 01:04:09.524',NULL,NULL,NULL,NULL,50,NULL,NULL,NULL,'','2020-04-15 01:11:24.367'),('85010',5,'grouptask:1:85004',NULL,'sid-EDB2F5F1-2903-414D-B53F-A55D993F14B4','85005','85006',NULL,NULL,NULL,NULL,NULL,'审批',NULL,NULL,NULL,'分享牛2','2020-04-17 00:42:27.068','2020-04-17 01:12:33.110','2020-04-17 01:12:33.203',1806135,NULL,50,NULL,NULL,NULL,'','2020-04-17 01:12:33.203'),('95011',2,'grouptask:2:95004',NULL,'sid-EDB2F5F1-2903-414D-B53F-A55D993F14B4','95005','95007',NULL,NULL,NULL,NULL,NULL,'审批',NULL,NULL,NULL,'我不是分享牛','2020-04-17 01:21:34.894','2020-04-17 01:26:49.242',NULL,NULL,NULL,50,NULL,NULL,NULL,'','2020-04-17 01:26:49.243');

/*Table structure for table `act_hi_tsk_log` */

DROP TABLE IF EXISTS `act_hi_tsk_log`;

CREATE TABLE `act_hi_tsk_log` (
  `ID_` bigint(20) NOT NULL AUTO_INCREMENT,
  `TYPE_` varchar(64) COLLATE utf8_bin DEFAULT NULL,
  `TASK_ID_` varchar(64) COLLATE utf8_bin NOT NULL,
  `TIME_STAMP_` timestamp(3) NOT NULL DEFAULT CURRENT_TIMESTAMP(3) ON UPDATE CURRENT_TIMESTAMP(3),
  `USER_ID_` varchar(255) COLLATE utf8_bin DEFAULT NULL,
  `DATA_` varchar(4000) COLLATE utf8_bin DEFAULT NULL,
  `EXECUTION_ID_` varchar(64) COLLATE utf8_bin DEFAULT NULL,
  `PROC_INST_ID_` varchar(64) COLLATE utf8_bin DEFAULT NULL,
  `PROC_DEF_ID_` varchar(64) COLLATE utf8_bin DEFAULT NULL,
  `SCOPE_ID_` varchar(255) COLLATE utf8_bin DEFAULT NULL,
  `SCOPE_DEFINITION_ID_` varchar(255) COLLATE utf8_bin DEFAULT NULL,
  `SUB_SCOPE_ID_` varchar(255) COLLATE utf8_bin DEFAULT NULL,
  `SCOPE_TYPE_` varchar(255) COLLATE utf8_bin DEFAULT NULL,
  `TENANT_ID_` varchar(255) COLLATE utf8_bin DEFAULT '',
  PRIMARY KEY (`ID_`)
) ENGINE=InnoDB DEFAULT CHARSET=utf8 COLLATE=utf8_bin;

/*Data for the table `act_hi_tsk_log` */

/*Table structure for table `act_hi_varinst` */

DROP TABLE IF EXISTS `act_hi_varinst`;

CREATE TABLE `act_hi_varinst` (
  `ID_` varchar(64) COLLATE utf8_bin NOT NULL,
  `REV_` int(11) DEFAULT '1',
  `PROC_INST_ID_` varchar(64) COLLATE utf8_bin DEFAULT NULL,
  `EXECUTION_ID_` varchar(64) COLLATE utf8_bin DEFAULT NULL,
  `TASK_ID_` varchar(64) COLLATE utf8_bin DEFAULT NULL,
  `NAME_` varchar(255) COLLATE utf8_bin NOT NULL,
  `VAR_TYPE_` varchar(100) COLLATE utf8_bin DEFAULT NULL,
  `SCOPE_ID_` varchar(255) COLLATE utf8_bin DEFAULT NULL,
  `SUB_SCOPE_ID_` varchar(255) COLLATE utf8_bin DEFAULT NULL,
  `SCOPE_TYPE_` varchar(255) COLLATE utf8_bin DEFAULT NULL,
  `BYTEARRAY_ID_` varchar(64) COLLATE utf8_bin DEFAULT NULL,
  `DOUBLE_` double DEFAULT NULL,
  `LONG_` bigint(20) DEFAULT NULL,
  `TEXT_` varchar(4000) COLLATE utf8_bin DEFAULT NULL,
  `TEXT2_` varchar(4000) COLLATE utf8_bin DEFAULT NULL,
  `CREATE_TIME_` datetime(3) DEFAULT NULL,
  `LAST_UPDATED_TIME_` datetime(3) DEFAULT NULL,
  PRIMARY KEY (`ID_`),
  KEY `ACT_IDX_HI_PROCVAR_NAME_TYPE` (`NAME_`,`VAR_TYPE_`),
  KEY `ACT_IDX_HI_VAR_SCOPE_ID_TYPE` (`SCOPE_ID_`,`SCOPE_TYPE_`),
  KEY `ACT_IDX_HI_VAR_SUB_ID_TYPE` (`SUB_SCOPE_ID_`,`SCOPE_TYPE_`),
  KEY `ACT_IDX_HI_PROCVAR_PROC_INST` (`PROC_INST_ID_`),
  KEY `ACT_IDX_HI_PROCVAR_TASK_ID` (`TASK_ID_`),
  KEY `ACT_IDX_HI_PROCVAR_EXE` (`EXECUTION_ID_`)
) ENGINE=InnoDB DEFAULT CHARSET=utf8 COLLATE=utf8_bin;

/*Data for the table `act_hi_varinst` */

insert  into `act_hi_varinst`(`ID_`,`REV_`,`PROC_INST_ID_`,`EXECUTION_ID_`,`TASK_ID_`,`NAME_`,`VAR_TYPE_`,`SCOPE_ID_`,`SUB_SCOPE_ID_`,`SCOPE_TYPE_`,`BYTEARRAY_ID_`,`DOUBLE_`,`LONG_`,`TEXT_`,`TEXT2_`,`CREATE_TIME_`,`LAST_UPDATED_TIME_`) values ('115002',0,'115001','115001',NULL,'a','integer',NULL,NULL,NULL,NULL,NULL,10,'10',NULL,'2020-04-22 10:24:42.143','2020-04-22 10:24:42.143'),('115003',0,'115001','115001',NULL,'b','integer',NULL,NULL,NULL,NULL,NULL,5,'5',NULL,'2020-04-22 10:24:42.143','2020-04-22 10:24:42.143'),('115004',0,'115001','115001',NULL,'echo','string',NULL,NULL,NULL,NULL,NULL,NULL,'陈杰',NULL,'2020-04-22 10:24:42.144','2020-04-22 10:24:42.144'),('115009',0,'115001','115001',NULL,'sum','double',NULL,NULL,NULL,NULL,15,NULL,NULL,NULL,'2020-04-22 10:24:42.671','2020-04-22 10:24:42.671'),('117502',0,'117501','117501',NULL,'a','integer',NULL,NULL,NULL,NULL,NULL,10,'10',NULL,'2020-04-24 09:16:57.863','2020-04-24 09:16:57.863'),('117503',0,'117501','117501',NULL,'b','integer',NULL,NULL,NULL,NULL,NULL,5,'5',NULL,'2020-04-24 09:16:57.863','2020-04-24 09:16:57.863'),('117504',0,'117501','117501',NULL,'echo','string',NULL,NULL,NULL,NULL,NULL,NULL,'陈杰',NULL,'2020-04-24 09:16:57.863','2020-04-24 09:16:57.863'),('117509',0,'117501','117501',NULL,'sum','double',NULL,NULL,NULL,NULL,15,NULL,NULL,NULL,'2020-04-24 09:16:58.355','2020-04-24 09:16:58.355'),('130002',0,'130001','130001',NULL,'echo','string',NULL,NULL,NULL,NULL,NULL,NULL,'陈杰',NULL,'2020-04-24 09:27:42.804','2020-04-24 09:27:42.804'),('130007',0,'130001','130001',NULL,'jacky_juel_rtn_var','string',NULL,NULL,NULL,NULL,NULL,NULL,'\n    陈杰\n      ',NULL,'2020-04-24 09:27:42.835','2020-04-24 09:27:42.835'),('137501',1,'135001','135001',NULL,'请假人','string',NULL,NULL,NULL,NULL,NULL,NULL,'张三',NULL,'2020-05-04 13:00:39.637','2020-05-04 13:11:34.481'),('137502',1,'135001','135001',NULL,'请假天数','string',NULL,NULL,NULL,NULL,NULL,NULL,'3',NULL,'2020-05-04 13:00:39.664','2020-05-04 13:11:34.511'),('137503',1,'135001','135001',NULL,'请假日期','date',NULL,NULL,NULL,NULL,NULL,1588569094586,NULL,NULL,'2020-05-04 13:00:39.690','2020-05-04 13:11:34.596'),('140001',0,'135001','135002','135006','currentNodeName','string',NULL,NULL,NULL,NULL,NULL,NULL,'提交申请',NULL,'2020-05-04 13:11:34.567','2020-05-04 13:11:34.567'),('142501',0,'135001','135001',NULL,'完成人','string',NULL,NULL,NULL,NULL,NULL,NULL,'张三',NULL,'2020-05-04 13:21:06.780','2020-05-04 13:21:06.780'),('145002',0,'135001','135001',NULL,'待操作人','serializable',NULL,NULL,NULL,'145003',NULL,NULL,NULL,NULL,'2020-05-04 13:44:49.920','2020-05-04 13:44:49.920'),('147501',0,'135001','135002','142504','currentNodeName2','string',NULL,NULL,NULL,NULL,NULL,NULL,'经理审批',NULL,'2020-05-04 14:19:02.194','2020-05-04 14:19:02.194'),('155001',2,'135001','135001',NULL,'全局变量_runtime','string',NULL,NULL,NULL,NULL,NULL,NULL,'我是全局变量',NULL,'2020-05-04 14:38:03.612','2020-05-04 14:43:39.670'),('155002',2,'135001','135002',NULL,'本地变量_runtime','string',NULL,NULL,NULL,NULL,NULL,NULL,'我是本地变量',NULL,'2020-05-04 14:38:03.638','2020-05-04 14:43:39.693'),('190008',0,'190001','190001',NULL,'start_date','date',NULL,NULL,NULL,NULL,NULL,1589126400000,NULL,NULL,'2020-05-11 21:41:02.262','2020-05-11 21:41:02.262'),('190009',0,'190001','190001',NULL,'end_date','date',NULL,NULL,NULL,NULL,NULL,1589385600000,NULL,NULL,'2020-05-11 21:41:02.262','2020-05-11 21:41:02.262'),('190010',2,'190001','190001',NULL,'reason','string',NULL,NULL,NULL,NULL,NULL,NULL,'我叒想出去玩玩',NULL,'2020-05-11 21:41:02.262','2020-05-11 22:38:22.425'),('190011',2,'190001','190001',NULL,'days','long',NULL,NULL,NULL,NULL,NULL,5,'5',NULL,'2020-05-11 21:41:02.262','2020-05-11 22:38:22.428'),('195004',1,'190001','190001',NULL,'addMore','string',NULL,NULL,NULL,NULL,NULL,NULL,'我再添加一个表单变量',NULL,'2020-05-11 22:24:35.093','2020-05-11 22:38:22.430'),('202507',2,'202501','202501',NULL,'reason','string',NULL,NULL,NULL,NULL,NULL,NULL,'我又想出去玩玩',NULL,'2020-05-12 22:33:13.673','2020-05-13 09:52:56.304'),('202508',2,'202501','202501',NULL,'endDate','string',NULL,NULL,NULL,NULL,NULL,NULL,'2020-05-16',NULL,'2020-05-12 22:33:13.673','2020-05-13 09:52:56.307'),('202509',2,'202501','202501',NULL,'startDate','string',NULL,NULL,NULL,NULL,NULL,NULL,'2020-05-13',NULL,'2020-05-12 22:33:13.673','2020-05-13 09:52:56.309'),('52502',0,'52501','52501',NULL,'开始时间','null',NULL,NULL,NULL,NULL,NULL,NULL,NULL,NULL,'2020-04-06 23:57:27.584','2020-04-06 23:57:27.584'),('52503',0,'52501','52501',NULL,'天数','double',NULL,NULL,NULL,NULL,3,NULL,NULL,NULL,'2020-04-06 23:57:27.592','2020-04-06 23:57:27.592'),('52504',0,'52501','52501',NULL,'结束时间','null',NULL,NULL,NULL,NULL,NULL,NULL,NULL,NULL,'2020-04-06 23:57:27.592','2020-04-06 23:57:27.592'),('55002',0,'55001','55001',NULL,'开始时间','null',NULL,NULL,NULL,NULL,NULL,NULL,NULL,NULL,'2020-04-07 00:02:07.851','2020-04-07 00:02:07.851'),('55003',0,'55001','55001',NULL,'天数','double',NULL,NULL,NULL,NULL,3,NULL,NULL,NULL,'2020-04-07 00:02:07.857','2020-04-07 00:02:07.857'),('55004',0,'55001','55001',NULL,'结束时间','null',NULL,NULL,NULL,NULL,NULL,NULL,NULL,NULL,'2020-04-07 00:02:07.857','2020-04-07 00:02:07.857'),('57502',0,'57501','57501',NULL,'开始时间','null',NULL,NULL,NULL,NULL,NULL,NULL,NULL,NULL,'2020-04-07 00:41:42.864','2020-04-07 00:41:42.864'),('57503',0,'57501','57501',NULL,'天数','double',NULL,NULL,NULL,NULL,3,NULL,NULL,NULL,'2020-04-07 00:41:42.871','2020-04-07 00:41:42.871'),('57504',0,'57501','57501',NULL,'结束时间','null',NULL,NULL,NULL,NULL,NULL,NULL,NULL,NULL,'2020-04-07 00:41:42.871','2020-04-07 00:41:42.871'),('77506',0,'77505','77505',NULL,'userId','string',NULL,NULL,NULL,NULL,NULL,NULL,'陈杰',NULL,'2020-04-15 00:52:48.818','2020-04-15 00:52:48.818'),('95006',0,'95005','95005',NULL,'userIds','string',NULL,NULL,NULL,NULL,NULL,NULL,'分享牛4,分享牛5,分享牛6',NULL,'2020-04-17 01:21:34.889','2020-04-17 01:21:34.889');

/*Table structure for table `act_id_bytearray` */

DROP TABLE IF EXISTS `act_id_bytearray`;

CREATE TABLE `act_id_bytearray` (
  `ID_` varchar(64) COLLATE utf8_bin NOT NULL,
  `REV_` int(11) DEFAULT NULL,
  `NAME_` varchar(255) COLLATE utf8_bin DEFAULT NULL,
  `BYTES_` longblob,
  PRIMARY KEY (`ID_`)
) ENGINE=InnoDB DEFAULT CHARSET=utf8 COLLATE=utf8_bin;

/*Data for the table `act_id_bytearray` */

/*Table structure for table `act_id_group` */

DROP TABLE IF EXISTS `act_id_group`;

CREATE TABLE `act_id_group` (
  `ID_` varchar(64) COLLATE utf8_bin NOT NULL,
  `REV_` int(11) DEFAULT NULL,
  `NAME_` varchar(255) COLLATE utf8_bin DEFAULT NULL,
  `TYPE_` varchar(255) COLLATE utf8_bin DEFAULT NULL,
  PRIMARY KEY (`ID_`)
) ENGINE=InnoDB DEFAULT CHARSET=utf8 COLLATE=utf8_bin;

/*Data for the table `act_id_group` */

insert  into `act_id_group`(`ID_`,`REV_`,`NAME_`,`TYPE_`) values ('group1',1,'测试组1',NULL),('pt',1,'平台产品部','assignment'),('总经理',1,'总经理',NULL),('部门经理',1,'部门经理',NULL);

/*Table structure for table `act_id_info` */

DROP TABLE IF EXISTS `act_id_info`;

CREATE TABLE `act_id_info` (
  `ID_` varchar(64) COLLATE utf8_bin NOT NULL,
  `REV_` int(11) DEFAULT NULL,
  `USER_ID_` varchar(64) COLLATE utf8_bin DEFAULT NULL,
  `TYPE_` varchar(64) COLLATE utf8_bin DEFAULT NULL,
  `KEY_` varchar(255) COLLATE utf8_bin DEFAULT NULL,
  `VALUE_` varchar(255) COLLATE utf8_bin DEFAULT NULL,
  `PASSWORD_` longblob,
  `PARENT_ID_` varchar(255) COLLATE utf8_bin DEFAULT NULL,
  PRIMARY KEY (`ID_`)
) ENGINE=InnoDB DEFAULT CHARSET=utf8 COLLATE=utf8_bin;

/*Data for the table `act_id_info` */

/*Table structure for table `act_id_membership` */

DROP TABLE IF EXISTS `act_id_membership`;

CREATE TABLE `act_id_membership` (
  `USER_ID_` varchar(64) COLLATE utf8_bin NOT NULL,
  `GROUP_ID_` varchar(64) COLLATE utf8_bin NOT NULL,
  PRIMARY KEY (`USER_ID_`,`GROUP_ID_`),
  KEY `ACT_FK_MEMB_GROUP` (`GROUP_ID_`),
  CONSTRAINT `ACT_FK_MEMB_GROUP` FOREIGN KEY (`GROUP_ID_`) REFERENCES `act_id_group` (`ID_`),
  CONSTRAINT `ACT_FK_MEMB_USER` FOREIGN KEY (`USER_ID_`) REFERENCES `act_id_user` (`ID_`)
) ENGINE=InnoDB DEFAULT CHARSET=utf8 COLLATE=utf8_bin;

/*Data for the table `act_id_membership` */

insert  into `act_id_membership`(`USER_ID_`,`GROUP_ID_`) values ('user1','group1'),('chenjie','pt'),('王五','总经理'),('张三','部门经理'),('李四','部门经理');

/*Table structure for table `act_id_priv` */

DROP TABLE IF EXISTS `act_id_priv`;

CREATE TABLE `act_id_priv` (
  `ID_` varchar(64) COLLATE utf8_bin NOT NULL,
  `NAME_` varchar(255) COLLATE utf8_bin NOT NULL,
  PRIMARY KEY (`ID_`),
  UNIQUE KEY `ACT_UNIQ_PRIV_NAME` (`NAME_`)
) ENGINE=InnoDB DEFAULT CHARSET=utf8 COLLATE=utf8_bin;

/*Data for the table `act_id_priv` */

insert  into `act_id_priv`(`ID_`,`NAME_`) values ('960a7c09-5d69-11ea-99db-c0b6f95ee2ba','access-admin'),('9607bce7-5d69-11ea-99db-c0b6f95ee2ba','access-idm'),('960ced0b-5d69-11ea-99db-c0b6f95ee2ba','access-modeler'),('9611cf0f-5d69-11ea-99db-c0b6f95ee2ba','access-rest-api'),('960f5e0d-5d69-11ea-99db-c0b6f95ee2ba','access-task');

/*Table structure for table `act_id_priv_mapping` */

DROP TABLE IF EXISTS `act_id_priv_mapping`;

CREATE TABLE `act_id_priv_mapping` (
  `ID_` varchar(64) COLLATE utf8_bin NOT NULL,
  `PRIV_ID_` varchar(64) COLLATE utf8_bin NOT NULL,
  `USER_ID_` varchar(255) COLLATE utf8_bin DEFAULT NULL,
  `GROUP_ID_` varchar(255) COLLATE utf8_bin DEFAULT NULL,
  PRIMARY KEY (`ID_`),
  KEY `ACT_FK_PRIV_MAPPING` (`PRIV_ID_`),
  KEY `ACT_IDX_PRIV_USER` (`USER_ID_`),
  KEY `ACT_IDX_PRIV_GROUP` (`GROUP_ID_`),
  CONSTRAINT `ACT_FK_PRIV_MAPPING` FOREIGN KEY (`PRIV_ID_`) REFERENCES `act_id_priv` (`ID_`)
) ENGINE=InnoDB DEFAULT CHARSET=utf8 COLLATE=utf8_bin;

/*Data for the table `act_id_priv_mapping` */

insert  into `act_id_priv_mapping`(`ID_`,`PRIV_ID_`,`USER_ID_`,`GROUP_ID_`) values ('3fed15d1-5d6a-11ea-99db-c0b6f95ee2ba','9607bce7-5d69-11ea-99db-c0b6f95ee2ba','chenjie',NULL),('44089182-5d6a-11ea-99db-c0b6f95ee2ba','960a7c09-5d69-11ea-99db-c0b6f95ee2ba','chenjie',NULL),('48d4bf93-5d6a-11ea-99db-c0b6f95ee2ba','960ced0b-5d69-11ea-99db-c0b6f95ee2ba','chenjie',NULL),('4db2ef04-5d6a-11ea-99db-c0b6f95ee2ba','960f5e0d-5d69-11ea-99db-c0b6f95ee2ba','chenjie',NULL),('51037995-5d6a-11ea-99db-c0b6f95ee2ba','9611cf0f-5d69-11ea-99db-c0b6f95ee2ba','chenjie',NULL),('5ff26976-5d6a-11ea-99db-c0b6f95ee2ba','960ced0b-5d69-11ea-99db-c0b6f95ee2ba',NULL,'pt'),('74e54417-5d6a-11ea-99db-c0b6f95ee2ba','9607bce7-5d69-11ea-99db-c0b6f95ee2ba',NULL,'pt'),('960991a8-5d69-11ea-99db-c0b6f95ee2ba','9607bce7-5d69-11ea-99db-c0b6f95ee2ba','admin',NULL),('960bdb9a-5d69-11ea-99db-c0b6f95ee2ba','960a7c09-5d69-11ea-99db-c0b6f95ee2ba','admin',NULL),('960e73ac-5d69-11ea-99db-c0b6f95ee2ba','960ced0b-5d69-11ea-99db-c0b6f95ee2ba','admin',NULL),('9610e4ae-5d69-11ea-99db-c0b6f95ee2ba','960f5e0d-5d69-11ea-99db-c0b6f95ee2ba','admin',NULL),('96132ea0-5d69-11ea-99db-c0b6f95ee2ba','9611cf0f-5d69-11ea-99db-c0b6f95ee2ba','admin',NULL);

/*Table structure for table `act_id_property` */

DROP TABLE IF EXISTS `act_id_property`;

CREATE TABLE `act_id_property` (
  `NAME_` varchar(64) COLLATE utf8_bin NOT NULL,
  `VALUE_` varchar(300) COLLATE utf8_bin DEFAULT NULL,
  `REV_` int(11) DEFAULT NULL,
  PRIMARY KEY (`NAME_`)
) ENGINE=InnoDB DEFAULT CHARSET=utf8 COLLATE=utf8_bin;

/*Data for the table `act_id_property` */

insert  into `act_id_property`(`NAME_`,`VALUE_`,`REV_`) values ('schema.version','6.5.0.6',1);

/*Table structure for table `act_id_token` */

DROP TABLE IF EXISTS `act_id_token`;

CREATE TABLE `act_id_token` (
  `ID_` varchar(64) COLLATE utf8_bin NOT NULL,
  `REV_` int(11) DEFAULT NULL,
  `TOKEN_VALUE_` varchar(255) COLLATE utf8_bin DEFAULT NULL,
  `TOKEN_DATE_` timestamp(3) NOT NULL DEFAULT CURRENT_TIMESTAMP(3) ON UPDATE CURRENT_TIMESTAMP(3),
  `IP_ADDRESS_` varchar(255) COLLATE utf8_bin DEFAULT NULL,
  `USER_AGENT_` varchar(255) COLLATE utf8_bin DEFAULT NULL,
  `USER_ID_` varchar(255) COLLATE utf8_bin DEFAULT NULL,
  `TOKEN_DATA_` varchar(2000) COLLATE utf8_bin DEFAULT NULL,
  PRIMARY KEY (`ID_`)
) ENGINE=InnoDB DEFAULT CHARSET=utf8 COLLATE=utf8_bin;

/*Data for the table `act_id_token` */

insert  into `act_id_token`(`ID_`,`REV_`,`TOKEN_VALUE_`,`TOKEN_DATE_`,`IP_ADDRESS_`,`USER_AGENT_`,`USER_ID_`,`TOKEN_DATA_`) values ('51HROTYDvv4PGHYcL+AZsg==',1,'iTUbTKkbJEWJT7k+ui3o8Q==','2020-03-04 00:17:01.567','0:0:0:0:0:0:0:1','Mozilla/5.0 (Windows NT 10.0; Win64; x64) AppleWebKit/537.36 (KHTML, like Gecko) Chrome/73.0.3683.75 Safari/537.36','chenjie',NULL);

/*Table structure for table `act_id_user` */

DROP TABLE IF EXISTS `act_id_user`;

CREATE TABLE `act_id_user` (
  `ID_` varchar(64) COLLATE utf8_bin NOT NULL,
  `REV_` int(11) DEFAULT NULL,
  `FIRST_` varchar(255) COLLATE utf8_bin DEFAULT NULL,
  `LAST_` varchar(255) COLLATE utf8_bin DEFAULT NULL,
  `DISPLAY_NAME_` varchar(255) COLLATE utf8_bin DEFAULT NULL,
  `EMAIL_` varchar(255) COLLATE utf8_bin DEFAULT NULL,
  `PWD_` varchar(255) COLLATE utf8_bin DEFAULT NULL,
  `PICTURE_ID_` varchar(64) COLLATE utf8_bin DEFAULT NULL,
  `TENANT_ID_` varchar(255) COLLATE utf8_bin DEFAULT '',
  PRIMARY KEY (`ID_`)
) ENGINE=InnoDB DEFAULT CHARSET=utf8 COLLATE=utf8_bin;

/*Data for the table `act_id_user` */

insert  into `act_id_user`(`ID_`,`REV_`,`FIRST_`,`LAST_`,`DISPLAY_NAME_`,`EMAIL_`,`PWD_`,`PICTURE_ID_`,`TENANT_ID_`) values ('admin',1,'Test','Administrator',NULL,'admin@flowable.org','test',NULL,NULL),('chenjie',4,'Jacky','Chan',NULL,'chenjiel@yonyou.com','1',NULL,NULL),('user1',1,'FName1','LName1',NULL,'email@email.com','1',NULL,NULL),('张三',1,NULL,NULL,NULL,NULL,NULL,NULL,NULL),('李四',1,NULL,NULL,NULL,NULL,NULL,NULL,NULL),('王五',1,NULL,NULL,NULL,NULL,NULL,NULL,NULL);

/*Table structure for table `act_procdef_info` */

DROP TABLE IF EXISTS `act_procdef_info`;

CREATE TABLE `act_procdef_info` (
  `ID_` varchar(64) COLLATE utf8_bin NOT NULL,
  `PROC_DEF_ID_` varchar(64) COLLATE utf8_bin NOT NULL,
  `REV_` int(11) DEFAULT NULL,
  `INFO_JSON_ID_` varchar(64) COLLATE utf8_bin DEFAULT NULL,
  PRIMARY KEY (`ID_`),
  UNIQUE KEY `ACT_UNIQ_INFO_PROCDEF` (`PROC_DEF_ID_`),
  KEY `ACT_IDX_INFO_PROCDEF` (`PROC_DEF_ID_`),
  KEY `ACT_FK_INFO_JSON_BA` (`INFO_JSON_ID_`),
  CONSTRAINT `ACT_FK_INFO_JSON_BA` FOREIGN KEY (`INFO_JSON_ID_`) REFERENCES `act_ge_bytearray` (`ID_`),
  CONSTRAINT `ACT_FK_INFO_PROCDEF` FOREIGN KEY (`PROC_DEF_ID_`) REFERENCES `act_re_procdef` (`ID_`)
) ENGINE=InnoDB DEFAULT CHARSET=utf8 COLLATE=utf8_bin;

/*Data for the table `act_procdef_info` */

/*Table structure for table `act_re_deployment` */

DROP TABLE IF EXISTS `act_re_deployment`;

CREATE TABLE `act_re_deployment` (
  `ID_` varchar(64) COLLATE utf8_bin NOT NULL,
  `NAME_` varchar(255) COLLATE utf8_bin DEFAULT NULL,
  `CATEGORY_` varchar(255) COLLATE utf8_bin DEFAULT NULL,
  `KEY_` varchar(255) COLLATE utf8_bin DEFAULT NULL,
  `TENANT_ID_` varchar(255) COLLATE utf8_bin DEFAULT '',
  `DEPLOY_TIME_` timestamp(3) NULL DEFAULT NULL,
  `DERIVED_FROM_` varchar(64) COLLATE utf8_bin DEFAULT NULL,
  `DERIVED_FROM_ROOT_` varchar(64) COLLATE utf8_bin DEFAULT NULL,
  `PARENT_DEPLOYMENT_ID_` varchar(255) COLLATE utf8_bin DEFAULT NULL,
  `ENGINE_VERSION_` varchar(255) COLLATE utf8_bin DEFAULT NULL,
  PRIMARY KEY (`ID_`)
) ENGINE=InnoDB DEFAULT CHARSET=utf8 COLLATE=utf8_bin;

/*Data for the table `act_re_deployment` */

insert  into `act_re_deployment`(`ID_`,`NAME_`,`CATEGORY_`,`KEY_`,`TENANT_ID_`,`DEPLOY_TIME_`,`DERIVED_FROM_`,`DERIVED_FROM_ROOT_`,`PARENT_DEPLOYMENT_ID_`,`ENGINE_VERSION_`) values ('1','部署名称','测试分类',NULL,'','2020-04-02 00:47:55.147',NULL,NULL,NULL,NULL),('100001','部署名称-组任务测试3','流程实例学习分类',NULL,'','2020-04-19 22:02:46.265',NULL,NULL,NULL,NULL),('10001','部署名称','测试分类','测试的key','','2020-04-04 21:00:09.322',NULL,NULL,NULL,NULL),('105001','部署名称-组任务测试4','流程实例学习分类',NULL,'','2020-04-20 09:35:10.814',NULL,NULL,NULL,NULL),('107501','servicetask','服务任务',NULL,'','2020-04-22 00:36:21.404',NULL,NULL,NULL,NULL),('112501','scriptTask','脚本任务',NULL,'','2020-04-22 10:24:24.480',NULL,NULL,NULL,NULL),('122501','scriptTask','脚本任务',NULL,'','2020-04-24 09:19:08.464',NULL,NULL,NULL,NULL),('12501','部署名称','测试分类','测试的key','','2020-04-04 21:01:21.702',NULL,NULL,NULL,NULL),('127501','scriptTask','脚本任务',NULL,'','2020-04-24 09:27:23.457',NULL,NULL,NULL,NULL),('132501','variableTest','流程变量测试','dKey-variable','','2020-05-04 12:37:00.594',NULL,NULL,NULL,NULL),('165001','historyTest','历史数据查询相关的测试','dKey-variable','','2020-05-04 21:16:40.105',NULL,NULL,NULL,NULL),('170001','JobTest','Job相关的测试','dKey-job','','2020-05-09 10:07:21.257',NULL,NULL,NULL,NULL),('177501','异步任务','Job相关的测试','dKey-asyncJob','','2020-05-10 23:08:48.625',NULL,NULL,NULL,NULL),('185001','动态表单','表单相关的测试','dKey-form','','2020-05-11 16:34:32.057',NULL,NULL,NULL,NULL),('200001','外置表单','表单相关的测试','dKey-renderform','','2020-05-12 21:16:17.482',NULL,NULL,NULL,NULL),('25001','部署名称-简易请假流程','流程实例学习分类','holiday','805','2020-04-06 01:08:33.445',NULL,NULL,NULL,NULL),('30001','部署名称-简易请假流程','流程实例学习分类','holidayeasy','805','2020-04-06 01:11:00.337',NULL,NULL,NULL,NULL),('32501','部署名称-简易请假流程','流程实例学习分类','holidayeasy','805','2020-04-06 01:13:49.882',NULL,NULL,NULL,NULL),('50001','部署名称-带变量的流程','流程实例学习分类','variableProcess','','2020-04-06 23:55:53.451',NULL,NULL,NULL,NULL),('5001','部署名称','测试分类','测试的key','','2020-04-02 00:55:16.761',NULL,NULL,NULL,NULL),('60001','部署名称-接收任务测试','流程实例学习分类',NULL,'','2020-04-08 10:21:29.526',NULL,NULL,NULL,NULL),('70001','部署名称-个人任务测试','流程实例学习分类',NULL,'','2020-04-15 00:33:12.502',NULL,NULL,NULL,NULL),('75001','部署名称-个人任务测试','流程实例学习分类',NULL,'','2020-04-15 00:48:41.692',NULL,NULL,NULL,NULL),('7501','部署名称','测试分类','测试的key','','2020-04-04 20:52:00.539',NULL,NULL,NULL,NULL),('77501','部署名称-个人任务测试','流程实例学习分类',NULL,'','2020-04-15 00:52:48.314',NULL,NULL,NULL,NULL),('80001','部署名称-个人任务测试','流程实例学习分类',NULL,'','2020-04-15 01:04:09.019',NULL,NULL,NULL,NULL),('85001','部署名称-组任务测试','流程实例学习分类',NULL,'','2020-04-17 00:42:26.481',NULL,NULL,NULL,NULL),('94c4c3e8-7691-11ea-bf5c-c0b6f95ee2ba','部署名称','测试分类','测试的key','','2020-04-05 00:30:22.648',NULL,NULL,NULL,NULL),('95001','部署名称-组任务测试2','流程实例学习分类',NULL,'','2020-04-17 01:21:34.391',NULL,NULL,NULL,NULL),('Jacky-0afbac79-089f-4689-9aa4-991d16c3cbfa','部署名称','测试分类','测试的key','','2020-04-05 00:36:40.009',NULL,NULL,NULL,NULL);

/*Table structure for table `act_re_model` */

DROP TABLE IF EXISTS `act_re_model`;

CREATE TABLE `act_re_model` (
  `ID_` varchar(64) COLLATE utf8_bin NOT NULL,
  `REV_` int(11) DEFAULT NULL,
  `NAME_` varchar(255) COLLATE utf8_bin DEFAULT NULL,
  `KEY_` varchar(255) COLLATE utf8_bin DEFAULT NULL,
  `CATEGORY_` varchar(255) COLLATE utf8_bin DEFAULT NULL,
  `CREATE_TIME_` timestamp(3) NULL DEFAULT NULL,
  `LAST_UPDATE_TIME_` timestamp(3) NULL DEFAULT NULL,
  `VERSION_` int(11) DEFAULT NULL,
  `META_INFO_` varchar(4000) COLLATE utf8_bin DEFAULT NULL,
  `DEPLOYMENT_ID_` varchar(64) COLLATE utf8_bin DEFAULT NULL,
  `EDITOR_SOURCE_VALUE_ID_` varchar(64) COLLATE utf8_bin DEFAULT NULL,
  `EDITOR_SOURCE_EXTRA_VALUE_ID_` varchar(64) COLLATE utf8_bin DEFAULT NULL,
  `TENANT_ID_` varchar(255) COLLATE utf8_bin DEFAULT '',
  PRIMARY KEY (`ID_`),
  KEY `ACT_FK_MODEL_SOURCE` (`EDITOR_SOURCE_VALUE_ID_`),
  KEY `ACT_FK_MODEL_SOURCE_EXTRA` (`EDITOR_SOURCE_EXTRA_VALUE_ID_`),
  KEY `ACT_FK_MODEL_DEPLOYMENT` (`DEPLOYMENT_ID_`),
  CONSTRAINT `ACT_FK_MODEL_DEPLOYMENT` FOREIGN KEY (`DEPLOYMENT_ID_`) REFERENCES `act_re_deployment` (`ID_`),
  CONSTRAINT `ACT_FK_MODEL_SOURCE` FOREIGN KEY (`EDITOR_SOURCE_VALUE_ID_`) REFERENCES `act_ge_bytearray` (`ID_`),
  CONSTRAINT `ACT_FK_MODEL_SOURCE_EXTRA` FOREIGN KEY (`EDITOR_SOURCE_EXTRA_VALUE_ID_`) REFERENCES `act_ge_bytearray` (`ID_`)
) ENGINE=InnoDB DEFAULT CHARSET=utf8 COLLATE=utf8_bin;

/*Data for the table `act_re_model` */

/*Table structure for table `act_re_procdef` */

DROP TABLE IF EXISTS `act_re_procdef`;

CREATE TABLE `act_re_procdef` (
  `ID_` varchar(64) COLLATE utf8_bin NOT NULL,
  `REV_` int(11) DEFAULT NULL,
  `CATEGORY_` varchar(255) COLLATE utf8_bin DEFAULT NULL,
  `NAME_` varchar(255) COLLATE utf8_bin DEFAULT NULL,
  `KEY_` varchar(255) COLLATE utf8_bin NOT NULL,
  `VERSION_` int(11) NOT NULL,
  `DEPLOYMENT_ID_` varchar(64) COLLATE utf8_bin DEFAULT NULL,
  `RESOURCE_NAME_` varchar(4000) COLLATE utf8_bin DEFAULT NULL,
  `DGRM_RESOURCE_NAME_` varchar(4000) COLLATE utf8_bin DEFAULT NULL,
  `DESCRIPTION_` varchar(4000) COLLATE utf8_bin DEFAULT NULL,
  `HAS_START_FORM_KEY_` tinyint(4) DEFAULT NULL,
  `HAS_GRAPHICAL_NOTATION_` tinyint(4) DEFAULT NULL,
  `SUSPENSION_STATE_` int(11) DEFAULT NULL,
  `TENANT_ID_` varchar(255) COLLATE utf8_bin DEFAULT '',
  `ENGINE_VERSION_` varchar(255) COLLATE utf8_bin DEFAULT NULL,
  `DERIVED_FROM_` varchar(64) COLLATE utf8_bin DEFAULT NULL,
  `DERIVED_FROM_ROOT_` varchar(64) COLLATE utf8_bin DEFAULT NULL,
  `DERIVED_VERSION_` int(11) NOT NULL DEFAULT '0',
  PRIMARY KEY (`ID_`),
  UNIQUE KEY `ACT_UNIQ_PROCDEF` (`KEY_`,`VERSION_`,`DERIVED_VERSION_`,`TENANT_ID_`)
) ENGINE=InnoDB DEFAULT CHARSET=utf8 COLLATE=utf8_bin;

/*Data for the table `act_re_procdef` */

insert  into `act_re_procdef`(`ID_`,`REV_`,`CATEGORY_`,`NAME_`,`KEY_`,`VERSION_`,`DEPLOYMENT_ID_`,`RESOURCE_NAME_`,`DGRM_RESOURCE_NAME_`,`DESCRIPTION_`,`HAS_START_FORM_KEY_`,`HAS_GRAPHICAL_NOTATION_`,`SUSPENSION_STATE_`,`TENANT_ID_`,`ENGINE_VERSION_`,`DERIVED_FROM_`,`DERIVED_FROM_ROOT_`,`DERIVED_VERSION_`) values ('async:1:177504',1,'http://www.flowable.org/processdef','async','async',1,'177501','bpmn_xml/async.bpmn20.xml','bpmn_xml/async.async.png','async',0,1,1,'',NULL,NULL,NULL,0),('dataobject:1:50004',1,'http://www.flowable.org/processdef','dataobject','dataobject',1,'50001','dataobject.bpmn20.xml','dataobject.dataobject.png','dataobject',0,1,1,'',NULL,NULL,NULL,0),('form:1:185004',1,'http://www.flowable.org/processdef','form','form',1,'185001','bpmn_xml/form.bpmn20.xml','bpmn_xml/form.form.png',NULL,0,1,1,'',NULL,NULL,NULL,0),('formkey2:1:200007',1,'http://www.flowable.org/processdef','formkey2','formkey2',1,'200001','bpmn_xml/formkey2.bpmn20.xml','bpmn_xml/formkey2.formkey2.png','formkey2',1,1,1,'',NULL,NULL,NULL,0),('grouptask:1:85004',1,'http://www.flowable.org/processdef','组任务测试','grouptask',1,'85001','组任务测试.bpmn20.xml','组任务测试.grouptask.png','组任务测试',0,1,1,'',NULL,NULL,NULL,0),('grouptask:2:95004',1,'http://www.flowable.org/processdef','组任务测试','grouptask',2,'95001','组任务测试2.bpmn20.xml','组任务测试2.grouptask.png','组任务测试',0,1,1,'',NULL,NULL,NULL,0),('grouptask:3:100004',1,'http://www.flowable.org/processdef','组任务测试','grouptask',3,'100001','组任务测试3.bpmn20.xml','组任务测试3.grouptask.png','组任务测试',0,1,1,'',NULL,NULL,NULL,0),('grouptask:4:105004',1,'http://www.flowable.org/processdef','组任务测试','grouptask',4,'105001','组任务测试4.bpmn20.xml','组任务测试4.grouptask.png','组任务测试',0,1,1,'',NULL,NULL,NULL,0),('history:1:165004',1,'http://www.flowable.org/processdef','历史数据查询','history',1,'165001','bpmn_xml/历史数据查询.bpmn20.xml','bpmn_xml/历史数据查询.history.png',NULL,0,1,1,'',NULL,NULL,NULL,0),('history:2:170004',4,'http://www.flowable.org/processdef','历史数据查询','history',2,'170001','bpmn_xml/历史数据查询.bpmn20.xml','bpmn_xml/历史数据查询.history.png',NULL,0,1,1,'',NULL,NULL,NULL,0),('holiday:1:25004',1,'http://www.flowable.org/processdef','简易请假流程','holiday',1,'25001','简易请假流程.bpmn20.xml','简易请假流程.holiday.png','简易请假流程模型',0,1,1,'805',NULL,NULL,NULL,0),('holiday:1:4',1,'http://www.flowable.org/processdef','员工请假流程模型','holiday',1,'1','员工请假流程模型.bpmn20.xml','员工请假流程模型.holiday.png','员工请假流程模型',1,1,1,'',NULL,NULL,NULL,0),('holiday:2:30004',1,'http://www.flowable.org/processdef','简易请假流程','holiday',2,'30001','简易请假流程.bpmn20.xml','简易请假流程.holiday.png','简易请假流程模型',0,1,1,'805',NULL,NULL,NULL,0),('holiday:3:5004',1,'http://www.flowable.org/processdef','员工请假流程模型','holiday',3,'5001','员工请假.bpmn','员工请假.holiday.png','员工请假流程模型',1,1,1,'',NULL,NULL,NULL,0),('holiday:4:7504',1,'http://www.flowable.org/processdef','员工请假流程模型','holiday',4,'7501','员工请假.bpmn','员工请假.holiday.png','员工请假流程模型',1,1,1,'',NULL,NULL,NULL,0),('holiday:5:12504',1,'http://www.flowable.org/processdef','员工请假流程模型','holiday',5,'12501','员工请假流程模型.bpmn','员工请假流程模型.holiday.png','员工请假流程模型',1,1,1,'',NULL,NULL,NULL,0),('holiday:6:9509951b-7691-11ea-bf5c-c0b6f95ee2ba',1,'http://www.flowable.org/processdef','员工请假流程模型','holiday',6,'94c4c3e8-7691-11ea-bf5c-c0b6f95ee2ba','员工请假.bpmn','员工请假.holiday.png','员工请假流程模型',1,1,1,'',NULL,NULL,NULL,0),('holiday:7:Jacky-5c052f60-d553-4489-a11f-0d80bd0c4164',1,'http://www.flowable.org/processdef','员工请假流程模型','holiday',7,'Jacky-0afbac79-089f-4689-9aa4-991d16c3cbfa','员工请假.bpmn','员工请假.holiday.png','员工请假流程模型',1,1,1,'',NULL,NULL,NULL,0),('holidayeasy:1:32504',1,'http://www.flowable.org/processdef','简易请假流程','holidayeasy',1,'32501','简易请假流程.bpmn20.xml','简易请假流程.holidayeasy.png','简易请假流程模型',0,1,1,'805',NULL,NULL,NULL,0),('receivetask:1:60004',1,'receiveTask','接收任务测试','receivetask',1,'60001','接收任务测试.bpmn20.xml','接收任务测试.receivetask.png','接收任务测试',0,1,1,'',NULL,NULL,NULL,0),('scriptTask:1:112504',1,'http://www.flowable.org/processdef','脚本任务测试','scriptTask',1,'112501','bpmn_xml/脚本任务测试.bpmn20.xml','bpmn_xml/脚本任务测试.scriptTask.png','脚本任务测试',0,1,1,'',NULL,NULL,NULL,0),('scriptTask:2:122504',1,'http://www.flowable.org/processdef','脚本任务测试','scriptTask',2,'122501','bpmn_xml/脚本任务测试2.bpmn20.xml','bpmn_xml/脚本任务测试2.scriptTask.png','脚本任务测试',0,1,1,'',NULL,NULL,NULL,0),('scriptTask:3:127504',1,'http://www.flowable.org/processdef','脚本任务测试','scriptTask',3,'127501','bpmn_xml/脚本任务测试3.bpmn20.xml','bpmn_xml/脚本任务测试3.scriptTask.png','脚本任务测试',0,1,1,'',NULL,NULL,NULL,0),('serviceTask:1:107504',1,'http://www.flowable.org/processdef','服务任务节点','serviceTask',1,'107501','bpmn_xml/服务任务节点3.bpmn20.xml','bpmn_xml/服务任务节点3.serviceTask.png','服务任务节点',0,1,1,'',NULL,NULL,NULL,0),('singletask:1:70004',1,'http://www.flowable.org/processdef','个人任务测试','singletask',1,'70001','个人任务测试.bpmn20.xml','个人任务测试.singletask.png','个人任务测试',0,1,1,'',NULL,NULL,NULL,0),('singletask:2:75004',1,'http://www.flowable.org/processdef','个人任务测试','singletask',2,'75001','个人任务测试2.bpmn20.xml','个人任务测试2.singletask.png','个人任务测试',0,1,1,'',NULL,NULL,NULL,0),('singletask:3:77504',1,'http://www.flowable.org/processdef','个人任务测试','singletask',3,'77501','个人任务测试2.bpmn20.xml','个人任务测试2.singletask.png','个人任务测试',0,1,1,'',NULL,NULL,NULL,0),('singletask:4:80004',1,'http://www.flowable.org/processdef','个人任务测试','singletask',4,'80001','个人任务测试3.bpmn20.xml','个人任务测试3.singletask.png','个人任务测试',0,1,1,'',NULL,NULL,NULL,0),('variable:1:132504',1,'http://www.flowable.org/processdef','变量测试流程','variable',1,'132501','bpmn_xml/变量测试流程.bpmn20.xml','bpmn_xml/变量测试流程.variable.png',NULL,0,1,1,'',NULL,NULL,NULL,0);

/*Table structure for table `act_ru_actinst` */

DROP TABLE IF EXISTS `act_ru_actinst`;

CREATE TABLE `act_ru_actinst` (
  `ID_` varchar(64) COLLATE utf8_bin NOT NULL,
  `REV_` int(11) DEFAULT '1',
  `PROC_DEF_ID_` varchar(64) COLLATE utf8_bin NOT NULL,
  `PROC_INST_ID_` varchar(64) COLLATE utf8_bin NOT NULL,
  `EXECUTION_ID_` varchar(64) COLLATE utf8_bin NOT NULL,
  `ACT_ID_` varchar(255) COLLATE utf8_bin NOT NULL,
  `TASK_ID_` varchar(64) COLLATE utf8_bin DEFAULT NULL,
  `CALL_PROC_INST_ID_` varchar(64) COLLATE utf8_bin DEFAULT NULL,
  `ACT_NAME_` varchar(255) COLLATE utf8_bin DEFAULT NULL,
  `ACT_TYPE_` varchar(255) COLLATE utf8_bin NOT NULL,
  `ASSIGNEE_` varchar(255) COLLATE utf8_bin DEFAULT NULL,
  `START_TIME_` datetime(3) NOT NULL,
  `END_TIME_` datetime(3) DEFAULT NULL,
  `DURATION_` bigint(20) DEFAULT NULL,
  `DELETE_REASON_` varchar(4000) COLLATE utf8_bin DEFAULT NULL,
  `TENANT_ID_` varchar(255) COLLATE utf8_bin DEFAULT '',
  PRIMARY KEY (`ID_`),
  KEY `ACT_IDX_RU_ACTI_START` (`START_TIME_`),
  KEY `ACT_IDX_RU_ACTI_END` (`END_TIME_`),
  KEY `ACT_IDX_RU_ACTI_PROC` (`PROC_INST_ID_`),
  KEY `ACT_IDX_RU_ACTI_PROC_ACT` (`PROC_INST_ID_`,`ACT_ID_`),
  KEY `ACT_IDX_RU_ACTI_EXEC` (`EXECUTION_ID_`),
  KEY `ACT_IDX_RU_ACTI_EXEC_ACT` (`EXECUTION_ID_`,`ACT_ID_`)
) ENGINE=InnoDB DEFAULT CHARSET=utf8 COLLATE=utf8_bin;

/*Data for the table `act_ru_actinst` */

insert  into `act_ru_actinst`(`ID_`,`REV_`,`PROC_DEF_ID_`,`PROC_INST_ID_`,`EXECUTION_ID_`,`ACT_ID_`,`TASK_ID_`,`CALL_PROC_INST_ID_`,`ACT_NAME_`,`ACT_TYPE_`,`ASSIGNEE_`,`START_TIME_`,`END_TIME_`,`DURATION_`,`DELETE_REASON_`,`TENANT_ID_`) values ('105007',1,'grouptask:4:105004','105005','105006','startEvent1',NULL,NULL,NULL,'startEvent',NULL,'2020-04-20 09:35:11.456','2020-04-20 09:35:11.459',3,NULL,''),('105008',1,'grouptask:4:105004','105005','105006','sid-B13B519D-21B7-4FB9-A62F-C88194F2BFAF',NULL,NULL,NULL,'sequenceFlow',NULL,'2020-04-20 09:35:11.460','2020-04-20 09:35:11.460',0,NULL,''),('105009',1,'grouptask:4:105004','105005','105006','sid-EDB2F5F1-2903-414D-B53F-A55D993F14B4','105010',NULL,'审批','userTask',NULL,'2020-04-20 09:35:11.460',NULL,NULL,NULL,''),('135003',1,'variable:1:132504','135001','135002','startEvent1',NULL,NULL,NULL,'startEvent',NULL,'2020-05-04 12:40:05.458','2020-05-04 12:40:05.462',4,NULL,''),('135004',1,'variable:1:132504','135001','135002','sid-812D6536-BBF3-4799-9A94-F198BCDE8CFA',NULL,NULL,NULL,'sequenceFlow',NULL,'2020-05-04 12:40:05.464','2020-05-04 12:40:05.464',0,NULL,''),('135005',2,'variable:1:132504','135001','135002','sid-03B2656E-A825-4E7D-B8FE-2EAE46551D3A','135006',NULL,'提交申请','userTask',NULL,'2020-05-04 12:40:05.464','2020-05-04 13:21:06.806',2461342,NULL,''),('142502',1,'variable:1:132504','135001','135002','sid-3AD36AE2-60DD-4757-8707-E74D38C97A44',NULL,NULL,NULL,'sequenceFlow',NULL,'2020-05-04 13:21:06.813','2020-05-04 13:21:06.813',0,NULL,''),('142503',1,'variable:1:132504','135001','135002','sid-A4D2CDB4-A2C4-4527-B1FE-313AAB97B42E','142504',NULL,'经理审批','userTask',NULL,'2020-05-04 13:21:06.815',NULL,NULL,NULL,''),('167503',1,'history:1:165004','167501','167502','startEvent1',NULL,NULL,NULL,'startEvent',NULL,'2020-05-04 21:16:58.992','2020-05-04 21:16:58.998',6,NULL,''),('167504',1,'history:1:165004','167501','167502','sid-0EEF1B23-C3DA-4947-A8C8-DF6C69F4BD8F',NULL,NULL,NULL,'sequenceFlow',NULL,'2020-05-04 21:16:59.001','2020-05-04 21:16:59.001',0,NULL,''),('167505',1,'history:1:165004','167501','167502','sid-6CA07227-6D5D-4D27-B5DB-49CF3930AED4','167506',NULL,'任务1','userTask','zhangsan','2020-05-04 21:16:59.001',NULL,NULL,NULL,''),('180003',1,'async:1:177504','180001','180002','startEvent1',NULL,NULL,NULL,'startEvent',NULL,'2020-05-10 23:10:44.204','2020-05-10 23:10:44.207',3,NULL,''),('180004',1,'async:1:177504','180001','180002','sid-FC4FF059-ED2C-4AA1-9504-4DC00804D1A6',NULL,NULL,NULL,'sequenceFlow',NULL,'2020-05-10 23:10:44.208','2020-05-10 23:10:44.208',0,NULL,''),('182501',1,'async:1:177504','180001','180002','sid-9FF27D30-81F2-4B7F-BF13-674F86EAB592','182502',NULL,'异步任务','userTask',NULL,'2020-05-10 23:14:23.345',NULL,NULL,NULL,''),('187503',1,'form:1:185004','187501','187502','startEvent1',NULL,NULL,NULL,'startEvent',NULL,'2020-05-11 16:51:20.522','2020-05-11 16:51:20.526',4,NULL,''),('187504',1,'form:1:185004','187501','187502','sid-F60F8E40-938F-4E32-9958-1228AC8B7B4F',NULL,NULL,NULL,'sequenceFlow',NULL,'2020-05-11 16:51:20.527','2020-05-11 16:51:20.527',0,NULL,''),('187505',1,'form:1:185004','187501','187502','sid-5E92DDC1-6F91-4FAD-82D5-49F1EDEF9094','187506',NULL,'请假申请','userTask',NULL,'2020-05-11 16:51:20.527',NULL,NULL,NULL,''),('190003',1,'form:1:185004','190001','190002','startEvent1',NULL,NULL,NULL,'startEvent',NULL,'2020-05-11 21:41:02.255','2020-05-11 21:41:02.265',10,NULL,''),('190012',1,'form:1:185004','190001','190002','sid-F60F8E40-938F-4E32-9958-1228AC8B7B4F',NULL,NULL,NULL,'sequenceFlow',NULL,'2020-05-11 21:41:02.267','2020-05-11 21:41:02.267',0,NULL,''),('190013',2,'form:1:185004','190001','190002','sid-5E92DDC1-6F91-4FAD-82D5-49F1EDEF9094','190014',NULL,'请假申请','userTask',NULL,'2020-05-11 21:41:02.267','2020-05-11 22:38:22.443',3440176,NULL,''),('197504',1,'form:1:185004','190001','190002','sid-F1D5FFCE-C954-4EED-B87E-5B4B3E5A3D47',NULL,NULL,NULL,'sequenceFlow',NULL,'2020-05-11 22:38:22.449','2020-05-11 22:38:22.449',0,NULL,''),('197505',1,'form:1:185004','190001','190002','sid-E906AC7B-F856-4E5E-8799-56D5213C9AFA','197506',NULL,'经理审批','userTask',NULL,'2020-05-11 22:38:22.451',NULL,NULL,NULL,''),('202503',1,'formkey2:1:200007','202501','202502','startEvent1',NULL,NULL,NULL,'startEvent',NULL,'2020-05-12 22:33:13.649','2020-05-12 22:33:13.679',30,NULL,''),('202510',1,'formkey2:1:200007','202501','202502','sid-C31549A5-0283-4E92-BFCE-041C752343A3',NULL,NULL,NULL,'sequenceFlow',NULL,'2020-05-12 22:33:13.681','2020-05-12 22:33:13.681',0,NULL,''),('202511',2,'formkey2:1:200007','202501','202502','sid-03FFE656-10E2-4E8A-A92B-1EA78ED614B4','202512',NULL,'第一个任务节点','userTask',NULL,'2020-05-12 22:33:13.681','2020-05-12 22:44:45.988',692307,NULL,''),('205004',1,'formkey2:1:200007','202501','202502','sid-4152E673-0E8F-437B-8DCB-D35A664F6201',NULL,NULL,NULL,'sequenceFlow',NULL,'2020-05-12 22:44:45.997','2020-05-12 22:44:45.997',0,NULL,''),('205005',1,'formkey2:1:200007','202501','202502','sid-4CD86265-1E97-4CC7-99BD-689F65C4C297','205006',NULL,'第二个任务节点','userTask',NULL,'2020-05-12 22:44:46.000',NULL,NULL,NULL,''),('45003',1,'holidayeasy:1:32504','45001','45002','startEvent1',NULL,NULL,NULL,'startEvent',NULL,'2020-04-06 16:40:55.536','2020-04-06 16:40:55.542',6,NULL,'805'),('45004',1,'holidayeasy:1:32504','45001','45002','sid-3E8AE3E6-8CE3-4770-A585-4B67C935C072',NULL,NULL,NULL,'sequenceFlow',NULL,'2020-04-06 16:40:55.544','2020-04-06 16:40:55.544',0,NULL,'805'),('45005',2,'holidayeasy:1:32504','45001','45002','sid-DD60A13D-D833-4080-99DE-B1BAFDCDF858','45006',NULL,'员工请假申请','userTask','张三','2020-04-06 16:40:55.545','2020-04-06 16:42:59.637',124092,NULL,'805'),('47501',1,'holidayeasy:1:32504','45001','45002','sid-5EB502B1-7F58-473B-BB6F-B5C4A2515845',NULL,NULL,NULL,'sequenceFlow',NULL,'2020-04-06 16:42:59.692','2020-04-06 16:42:59.692',0,NULL,'805'),('47502',1,'holidayeasy:1:32504','45001','45002','sid-7BCBAD25-1508-4608-A612-F98F7D035903','47503',NULL,'审批【部门经理】','userTask','李四','2020-04-06 16:42:59.696',NULL,NULL,NULL,'805'),('52506',1,'dataobject:1:50004','52501','52505','startEvent1',NULL,NULL,NULL,'startEvent',NULL,'2020-04-06 23:57:27.593','2020-04-06 23:57:27.600',7,NULL,''),('52507',1,'dataobject:1:50004','52501','52505','sid-E959BA95-CF1A-4DCE-ADFE-C84AAE87090B',NULL,NULL,NULL,'sequenceFlow',NULL,'2020-04-06 23:57:27.603','2020-04-06 23:57:27.603',0,NULL,''),('52508',1,'dataobject:1:50004','52501','52505','sid-C55FD7FE-8686-49EC-BB0B-1D4E3F04FF28','52509',NULL,NULL,'userTask',NULL,'2020-04-06 23:57:27.603',NULL,NULL,NULL,''),('55006',1,'dataobject:1:50004','55001','55005','startEvent1',NULL,NULL,NULL,'startEvent',NULL,'2020-04-07 00:02:07.858','2020-04-07 00:02:07.863',5,NULL,''),('55007',1,'dataobject:1:50004','55001','55005','sid-E959BA95-CF1A-4DCE-ADFE-C84AAE87090B',NULL,NULL,NULL,'sequenceFlow',NULL,'2020-04-07 00:02:07.866','2020-04-07 00:02:07.866',0,NULL,''),('55008',1,'dataobject:1:50004','55001','55005','sid-C55FD7FE-8686-49EC-BB0B-1D4E3F04FF28','55009',NULL,NULL,'userTask',NULL,'2020-04-07 00:02:07.866',NULL,NULL,NULL,''),('57506',1,'dataobject:1:50004','57501','57505','startEvent1',NULL,NULL,NULL,'startEvent',NULL,'2020-04-07 00:41:42.872','2020-04-07 00:41:42.878',6,NULL,''),('57507',1,'dataobject:1:50004','57501','57505','sid-E959BA95-CF1A-4DCE-ADFE-C84AAE87090B',NULL,NULL,NULL,'sequenceFlow',NULL,'2020-04-07 00:41:42.880','2020-04-07 00:41:42.880',0,NULL,''),('57508',1,'dataobject:1:50004','57501','57505','sid-C55FD7FE-8686-49EC-BB0B-1D4E3F04FF28','57509',NULL,NULL,'userTask',NULL,'2020-04-07 00:41:42.881',NULL,NULL,NULL,''),('77508',1,'singletask:3:77504','77505','77507','startEvent1',NULL,NULL,NULL,'startEvent',NULL,'2020-04-15 00:52:48.818','2020-04-15 00:52:48.821',3,NULL,''),('77509',1,'singletask:3:77504','77505','77507','sid-B13B519D-21B7-4FB9-A62F-C88194F2BFAF',NULL,NULL,NULL,'sequenceFlow',NULL,'2020-04-15 00:52:48.823','2020-04-15 00:52:48.823',0,NULL,''),('77510',1,'singletask:3:77504','77505','77507','sid-EDB2F5F1-2903-414D-B53F-A55D993F14B4','77511',NULL,'审批','userTask','陈杰','2020-04-15 00:52:48.823',NULL,NULL,NULL,''),('80007',1,'singletask:4:80004','80005','80006','startEvent1',NULL,NULL,NULL,'startEvent',NULL,'2020-04-15 01:04:09.519','2020-04-15 01:04:09.522',3,NULL,''),('80008',1,'singletask:4:80004','80005','80006','sid-B13B519D-21B7-4FB9-A62F-C88194F2BFAF',NULL,NULL,NULL,'sequenceFlow',NULL,'2020-04-15 01:04:09.524','2020-04-15 01:04:09.524',0,NULL,''),('80009',2,'singletask:4:80004','80005','80006','sid-EDB2F5F1-2903-414D-B53F-A55D993F14B4','80010',NULL,'审批','userTask','chenjie','2020-04-15 01:04:09.524',NULL,NULL,NULL,''),('95008',1,'grouptask:2:95004','95005','95007','startEvent1',NULL,NULL,NULL,'startEvent',NULL,'2020-04-17 01:21:34.890','2020-04-17 01:21:34.892',2,NULL,''),('95009',1,'grouptask:2:95004','95005','95007','sid-B13B519D-21B7-4FB9-A62F-C88194F2BFAF',NULL,NULL,NULL,'sequenceFlow',NULL,'2020-04-17 01:21:34.894','2020-04-17 01:21:34.894',0,NULL,''),('95010',2,'grouptask:2:95004','95005','95007','sid-EDB2F5F1-2903-414D-B53F-A55D993F14B4','95011',NULL,'审批','userTask','我不是分享牛','2020-04-17 01:21:34.894',NULL,NULL,NULL,'');

/*Table structure for table `act_ru_deadletter_job` */

DROP TABLE IF EXISTS `act_ru_deadletter_job`;

CREATE TABLE `act_ru_deadletter_job` (
  `ID_` varchar(64) COLLATE utf8_bin NOT NULL,
  `REV_` int(11) DEFAULT NULL,
  `TYPE_` varchar(255) COLLATE utf8_bin NOT NULL,
  `EXCLUSIVE_` tinyint(1) DEFAULT NULL,
  `EXECUTION_ID_` varchar(64) COLLATE utf8_bin DEFAULT NULL,
  `PROCESS_INSTANCE_ID_` varchar(64) COLLATE utf8_bin DEFAULT NULL,
  `PROC_DEF_ID_` varchar(64) COLLATE utf8_bin DEFAULT NULL,
  `ELEMENT_ID_` varchar(255) COLLATE utf8_bin DEFAULT NULL,
  `ELEMENT_NAME_` varchar(255) COLLATE utf8_bin DEFAULT NULL,
  `SCOPE_ID_` varchar(255) COLLATE utf8_bin DEFAULT NULL,
  `SUB_SCOPE_ID_` varchar(255) COLLATE utf8_bin DEFAULT NULL,
  `SCOPE_TYPE_` varchar(255) COLLATE utf8_bin DEFAULT NULL,
  `SCOPE_DEFINITION_ID_` varchar(255) COLLATE utf8_bin DEFAULT NULL,
  `EXCEPTION_STACK_ID_` varchar(64) COLLATE utf8_bin DEFAULT NULL,
  `EXCEPTION_MSG_` varchar(4000) COLLATE utf8_bin DEFAULT NULL,
  `DUEDATE_` timestamp(3) NULL DEFAULT NULL,
  `REPEAT_` varchar(255) COLLATE utf8_bin DEFAULT NULL,
  `HANDLER_TYPE_` varchar(255) COLLATE utf8_bin DEFAULT NULL,
  `HANDLER_CFG_` varchar(4000) COLLATE utf8_bin DEFAULT NULL,
  `CUSTOM_VALUES_ID_` varchar(64) COLLATE utf8_bin DEFAULT NULL,
  `CREATE_TIME_` timestamp(3) NULL DEFAULT NULL,
  `TENANT_ID_` varchar(255) COLLATE utf8_bin DEFAULT '',
  PRIMARY KEY (`ID_`),
  KEY `ACT_IDX_DEADLETTER_JOB_EXCEPTION_STACK_ID` (`EXCEPTION_STACK_ID_`),
  KEY `ACT_IDX_DEADLETTER_JOB_CUSTOM_VALUES_ID` (`CUSTOM_VALUES_ID_`),
  KEY `ACT_IDX_DJOB_SCOPE` (`SCOPE_ID_`,`SCOPE_TYPE_`),
  KEY `ACT_IDX_DJOB_SUB_SCOPE` (`SUB_SCOPE_ID_`,`SCOPE_TYPE_`),
  KEY `ACT_IDX_DJOB_SCOPE_DEF` (`SCOPE_DEFINITION_ID_`,`SCOPE_TYPE_`),
  KEY `ACT_FK_DEADLETTER_JOB_EXECUTION` (`EXECUTION_ID_`),
  KEY `ACT_FK_DEADLETTER_JOB_PROCESS_INSTANCE` (`PROCESS_INSTANCE_ID_`),
  KEY `ACT_FK_DEADLETTER_JOB_PROC_DEF` (`PROC_DEF_ID_`),
  CONSTRAINT `ACT_FK_DEADLETTER_JOB_CUSTOM_VALUES` FOREIGN KEY (`CUSTOM_VALUES_ID_`) REFERENCES `act_ge_bytearray` (`ID_`),
  CONSTRAINT `ACT_FK_DEADLETTER_JOB_EXCEPTION` FOREIGN KEY (`EXCEPTION_STACK_ID_`) REFERENCES `act_ge_bytearray` (`ID_`),
  CONSTRAINT `ACT_FK_DEADLETTER_JOB_EXECUTION` FOREIGN KEY (`EXECUTION_ID_`) REFERENCES `act_ru_execution` (`ID_`),
  CONSTRAINT `ACT_FK_DEADLETTER_JOB_PROCESS_INSTANCE` FOREIGN KEY (`PROCESS_INSTANCE_ID_`) REFERENCES `act_ru_execution` (`ID_`),
  CONSTRAINT `ACT_FK_DEADLETTER_JOB_PROC_DEF` FOREIGN KEY (`PROC_DEF_ID_`) REFERENCES `act_re_procdef` (`ID_`)
) ENGINE=InnoDB DEFAULT CHARSET=utf8 COLLATE=utf8_bin;

/*Data for the table `act_ru_deadletter_job` */

/*Table structure for table `act_ru_entitylink` */

DROP TABLE IF EXISTS `act_ru_entitylink`;

CREATE TABLE `act_ru_entitylink` (
  `ID_` varchar(64) COLLATE utf8_bin NOT NULL,
  `REV_` int(11) DEFAULT NULL,
  `CREATE_TIME_` datetime(3) DEFAULT NULL,
  `LINK_TYPE_` varchar(255) COLLATE utf8_bin DEFAULT NULL,
  `SCOPE_ID_` varchar(255) COLLATE utf8_bin DEFAULT NULL,
  `SCOPE_TYPE_` varchar(255) COLLATE utf8_bin DEFAULT NULL,
  `SCOPE_DEFINITION_ID_` varchar(255) COLLATE utf8_bin DEFAULT NULL,
  `REF_SCOPE_ID_` varchar(255) COLLATE utf8_bin DEFAULT NULL,
  `REF_SCOPE_TYPE_` varchar(255) COLLATE utf8_bin DEFAULT NULL,
  `REF_SCOPE_DEFINITION_ID_` varchar(255) COLLATE utf8_bin DEFAULT NULL,
  `HIERARCHY_TYPE_` varchar(255) COLLATE utf8_bin DEFAULT NULL,
  PRIMARY KEY (`ID_`),
  KEY `ACT_IDX_ENT_LNK_SCOPE` (`SCOPE_ID_`,`SCOPE_TYPE_`,`LINK_TYPE_`),
  KEY `ACT_IDX_ENT_LNK_SCOPE_DEF` (`SCOPE_DEFINITION_ID_`,`SCOPE_TYPE_`,`LINK_TYPE_`)
) ENGINE=InnoDB DEFAULT CHARSET=utf8 COLLATE=utf8_bin;

/*Data for the table `act_ru_entitylink` */

/*Table structure for table `act_ru_event_subscr` */

DROP TABLE IF EXISTS `act_ru_event_subscr`;

CREATE TABLE `act_ru_event_subscr` (
  `ID_` varchar(64) COLLATE utf8_bin NOT NULL,
  `REV_` int(11) DEFAULT NULL,
  `EVENT_TYPE_` varchar(255) COLLATE utf8_bin NOT NULL,
  `EVENT_NAME_` varchar(255) COLLATE utf8_bin DEFAULT NULL,
  `EXECUTION_ID_` varchar(64) COLLATE utf8_bin DEFAULT NULL,
  `PROC_INST_ID_` varchar(64) COLLATE utf8_bin DEFAULT NULL,
  `ACTIVITY_ID_` varchar(64) COLLATE utf8_bin DEFAULT NULL,
  `CONFIGURATION_` varchar(255) COLLATE utf8_bin DEFAULT NULL,
  `CREATED_` timestamp(3) NOT NULL DEFAULT CURRENT_TIMESTAMP(3),
  `PROC_DEF_ID_` varchar(64) COLLATE utf8_bin DEFAULT NULL,
  `SUB_SCOPE_ID_` varchar(64) COLLATE utf8_bin DEFAULT NULL,
  `SCOPE_ID_` varchar(64) COLLATE utf8_bin DEFAULT NULL,
  `SCOPE_DEFINITION_ID_` varchar(64) COLLATE utf8_bin DEFAULT NULL,
  `SCOPE_TYPE_` varchar(64) COLLATE utf8_bin DEFAULT NULL,
  `TENANT_ID_` varchar(255) COLLATE utf8_bin DEFAULT '',
  PRIMARY KEY (`ID_`),
  KEY `ACT_IDX_EVENT_SUBSCR_CONFIG_` (`CONFIGURATION_`),
  KEY `ACT_FK_EVENT_EXEC` (`EXECUTION_ID_`),
  CONSTRAINT `ACT_FK_EVENT_EXEC` FOREIGN KEY (`EXECUTION_ID_`) REFERENCES `act_ru_execution` (`ID_`)
) ENGINE=InnoDB DEFAULT CHARSET=utf8 COLLATE=utf8_bin;

/*Data for the table `act_ru_event_subscr` */

/*Table structure for table `act_ru_execution` */

DROP TABLE IF EXISTS `act_ru_execution`;

CREATE TABLE `act_ru_execution` (
  `ID_` varchar(64) COLLATE utf8_bin NOT NULL,
  `REV_` int(11) DEFAULT NULL,
  `PROC_INST_ID_` varchar(64) COLLATE utf8_bin DEFAULT NULL,
  `BUSINESS_KEY_` varchar(255) COLLATE utf8_bin DEFAULT NULL,
  `PARENT_ID_` varchar(64) COLLATE utf8_bin DEFAULT NULL,
  `PROC_DEF_ID_` varchar(64) COLLATE utf8_bin DEFAULT NULL,
  `SUPER_EXEC_` varchar(64) COLLATE utf8_bin DEFAULT NULL,
  `ROOT_PROC_INST_ID_` varchar(64) COLLATE utf8_bin DEFAULT NULL,
  `ACT_ID_` varchar(255) COLLATE utf8_bin DEFAULT NULL,
  `IS_ACTIVE_` tinyint(4) DEFAULT NULL,
  `IS_CONCURRENT_` tinyint(4) DEFAULT NULL,
  `IS_SCOPE_` tinyint(4) DEFAULT NULL,
  `IS_EVENT_SCOPE_` tinyint(4) DEFAULT NULL,
  `IS_MI_ROOT_` tinyint(4) DEFAULT NULL,
  `SUSPENSION_STATE_` int(11) DEFAULT NULL,
  `CACHED_ENT_STATE_` int(11) DEFAULT NULL,
  `TENANT_ID_` varchar(255) COLLATE utf8_bin DEFAULT '',
  `NAME_` varchar(255) COLLATE utf8_bin DEFAULT NULL,
  `START_ACT_ID_` varchar(255) COLLATE utf8_bin DEFAULT NULL,
  `START_TIME_` datetime(3) DEFAULT NULL,
  `START_USER_ID_` varchar(255) COLLATE utf8_bin DEFAULT NULL,
  `LOCK_TIME_` timestamp(3) NULL DEFAULT NULL,
  `IS_COUNT_ENABLED_` tinyint(4) DEFAULT NULL,
  `EVT_SUBSCR_COUNT_` int(11) DEFAULT NULL,
  `TASK_COUNT_` int(11) DEFAULT NULL,
  `JOB_COUNT_` int(11) DEFAULT NULL,
  `TIMER_JOB_COUNT_` int(11) DEFAULT NULL,
  `SUSP_JOB_COUNT_` int(11) DEFAULT NULL,
  `DEADLETTER_JOB_COUNT_` int(11) DEFAULT NULL,
  `VAR_COUNT_` int(11) DEFAULT NULL,
  `ID_LINK_COUNT_` int(11) DEFAULT NULL,
  `CALLBACK_ID_` varchar(255) COLLATE utf8_bin DEFAULT NULL,
  `CALLBACK_TYPE_` varchar(255) COLLATE utf8_bin DEFAULT NULL,
  `REFERENCE_ID_` varchar(255) COLLATE utf8_bin DEFAULT NULL,
  `REFERENCE_TYPE_` varchar(255) COLLATE utf8_bin DEFAULT NULL,
  `PROPAGATED_STAGE_INST_ID_` varchar(255) COLLATE utf8_bin DEFAULT NULL,
  PRIMARY KEY (`ID_`),
  KEY `ACT_IDX_EXEC_BUSKEY` (`BUSINESS_KEY_`),
  KEY `ACT_IDC_EXEC_ROOT` (`ROOT_PROC_INST_ID_`),
  KEY `ACT_FK_EXE_PROCINST` (`PROC_INST_ID_`),
  KEY `ACT_FK_EXE_PARENT` (`PARENT_ID_`),
  KEY `ACT_FK_EXE_SUPER` (`SUPER_EXEC_`),
  KEY `ACT_FK_EXE_PROCDEF` (`PROC_DEF_ID_`),
  CONSTRAINT `ACT_FK_EXE_PARENT` FOREIGN KEY (`PARENT_ID_`) REFERENCES `act_ru_execution` (`ID_`) ON DELETE CASCADE,
  CONSTRAINT `ACT_FK_EXE_PROCDEF` FOREIGN KEY (`PROC_DEF_ID_`) REFERENCES `act_re_procdef` (`ID_`),
  CONSTRAINT `ACT_FK_EXE_PROCINST` FOREIGN KEY (`PROC_INST_ID_`) REFERENCES `act_ru_execution` (`ID_`) ON DELETE CASCADE ON UPDATE CASCADE,
  CONSTRAINT `ACT_FK_EXE_SUPER` FOREIGN KEY (`SUPER_EXEC_`) REFERENCES `act_ru_execution` (`ID_`) ON DELETE CASCADE
) ENGINE=InnoDB DEFAULT CHARSET=utf8 COLLATE=utf8_bin;

/*Data for the table `act_ru_execution` */

insert  into `act_ru_execution`(`ID_`,`REV_`,`PROC_INST_ID_`,`BUSINESS_KEY_`,`PARENT_ID_`,`PROC_DEF_ID_`,`SUPER_EXEC_`,`ROOT_PROC_INST_ID_`,`ACT_ID_`,`IS_ACTIVE_`,`IS_CONCURRENT_`,`IS_SCOPE_`,`IS_EVENT_SCOPE_`,`IS_MI_ROOT_`,`SUSPENSION_STATE_`,`CACHED_ENT_STATE_`,`TENANT_ID_`,`NAME_`,`START_ACT_ID_`,`START_TIME_`,`START_USER_ID_`,`LOCK_TIME_`,`IS_COUNT_ENABLED_`,`EVT_SUBSCR_COUNT_`,`TASK_COUNT_`,`JOB_COUNT_`,`TIMER_JOB_COUNT_`,`SUSP_JOB_COUNT_`,`DEADLETTER_JOB_COUNT_`,`VAR_COUNT_`,`ID_LINK_COUNT_`,`CALLBACK_ID_`,`CALLBACK_TYPE_`,`REFERENCE_ID_`,`REFERENCE_TYPE_`,`PROPAGATED_STAGE_INST_ID_`) values ('105005',1,'105005','businessKey-grouptask4',NULL,'grouptask:4:105004',NULL,'105005',NULL,1,0,1,0,0,1,NULL,'',NULL,'startEvent1','2020-04-20 09:35:11.455',NULL,NULL,1,0,0,0,0,0,0,0,0,NULL,NULL,NULL,NULL,NULL),('105006',1,'105005',NULL,'105005','grouptask:4:105004',NULL,'105005','sid-EDB2F5F1-2903-414D-B53F-A55D993F14B4',1,0,0,0,0,1,NULL,'',NULL,NULL,'2020-04-20 09:35:11.455',NULL,NULL,1,0,1,0,0,0,0,0,0,NULL,NULL,NULL,NULL,NULL),('135001',9,'135001','bKey-variable',NULL,'variable:1:132504',NULL,'135001',NULL,1,0,1,0,0,1,NULL,'',NULL,'startEvent1','2020-05-04 12:40:05.420',NULL,NULL,1,0,0,0,0,0,0,0,0,NULL,NULL,NULL,NULL,NULL),('135002',6,'135001',NULL,'135001','variable:1:132504',NULL,'135001','sid-A4D2CDB4-A2C4-4527-B1FE-313AAB97B42E',1,0,0,0,0,1,NULL,'',NULL,NULL,'2020-05-04 12:40:05.457',NULL,NULL,1,0,1,0,0,0,0,1,0,NULL,NULL,NULL,NULL,NULL),('167501',1,'167501','bKey-history',NULL,'history:1:165004',NULL,'167501',NULL,1,0,1,0,0,1,NULL,'',NULL,'startEvent1','2020-05-04 21:16:58.939',NULL,NULL,1,0,0,0,0,0,0,0,0,NULL,NULL,NULL,NULL,NULL),('167502',1,'167501',NULL,'167501','history:1:165004',NULL,'167501','sid-6CA07227-6D5D-4D27-B5DB-49CF3930AED4',1,0,0,0,0,1,NULL,'',NULL,NULL,'2020-05-04 21:16:58.991',NULL,NULL,1,0,1,0,0,0,0,0,0,NULL,NULL,NULL,NULL,NULL),('180001',1,'180001','bKey-asyncJob',NULL,'async:1:177504',NULL,'180001',NULL,1,0,1,0,0,1,NULL,'',NULL,'startEvent1','2020-05-10 23:10:44.153',NULL,NULL,1,0,0,0,0,0,0,0,0,NULL,NULL,NULL,NULL,NULL),('180002',2,'180001',NULL,'180001','async:1:177504',NULL,'180001','sid-9FF27D30-81F2-4B7F-BF13-674F86EAB592',1,0,0,0,0,1,NULL,'',NULL,NULL,'2020-05-10 23:10:44.203',NULL,NULL,1,0,1,1,0,0,0,0,0,NULL,NULL,NULL,NULL,NULL),('187501',1,'187501','bKey-form',NULL,'form:1:185004',NULL,'187501',NULL,1,0,1,0,0,1,NULL,'',NULL,'startEvent1','2020-05-11 16:51:20.483',NULL,NULL,1,0,0,0,0,0,0,0,0,NULL,NULL,NULL,NULL,NULL),('187502',1,'187501',NULL,'187501','form:1:185004',NULL,'187501','sid-5E92DDC1-6F91-4FAD-82D5-49F1EDEF9094',1,0,0,0,0,1,NULL,'',NULL,NULL,'2020-05-11 16:51:20.522',NULL,NULL,1,0,1,0,0,0,0,0,0,NULL,NULL,NULL,NULL,NULL),('190001',1,'190001','bKey-submitForm',NULL,'form:1:185004',NULL,'190001',NULL,1,0,1,0,0,1,NULL,'',NULL,'startEvent1','2020-05-11 21:41:02.220',NULL,NULL,1,0,0,0,0,0,0,0,0,NULL,NULL,NULL,NULL,NULL),('190002',2,'190001',NULL,'190001','form:1:185004',NULL,'190001','sid-E906AC7B-F856-4E5E-8799-56D5213C9AFA',1,0,0,0,0,1,NULL,'',NULL,NULL,'2020-05-11 21:41:02.255',NULL,NULL,1,0,1,0,0,0,0,0,0,NULL,NULL,NULL,NULL,NULL),('202501',1,'202501',NULL,NULL,'formkey2:1:200007',NULL,'202501',NULL,1,0,1,0,0,1,NULL,'',NULL,'startEvent1','2020-05-12 22:33:13.597',NULL,NULL,1,0,0,0,0,0,0,0,0,NULL,NULL,NULL,NULL,NULL),('202502',2,'202501',NULL,'202501','formkey2:1:200007',NULL,'202501','sid-4CD86265-1E97-4CC7-99BD-689F65C4C297',1,0,0,0,0,1,NULL,'',NULL,NULL,'2020-05-12 22:33:13.648',NULL,NULL,1,0,1,0,0,0,0,0,0,NULL,NULL,NULL,NULL,NULL),('45001',1,'45001',NULL,NULL,'holidayeasy:1:32504',NULL,'45001',NULL,1,0,1,0,0,1,NULL,'805',NULL,'startEvent1','2020-04-06 16:40:55.474',NULL,NULL,1,0,0,0,0,0,0,0,0,NULL,NULL,NULL,NULL,NULL),('45002',2,'45001',NULL,'45001','holidayeasy:1:32504',NULL,'45001','sid-7BCBAD25-1508-4608-A612-F98F7D035903',1,0,0,0,0,1,NULL,'805',NULL,NULL,'2020-04-06 16:40:55.536',NULL,NULL,1,0,1,0,0,0,0,0,0,NULL,NULL,NULL,NULL,NULL),('52501',1,'52501',NULL,NULL,'dataobject:1:50004',NULL,'52501',NULL,1,0,1,0,0,1,NULL,'',NULL,'startEvent1','2020-04-06 23:57:27.517',NULL,NULL,1,0,0,0,0,0,0,0,0,NULL,NULL,NULL,NULL,NULL),('52505',1,'52501',NULL,'52501','dataobject:1:50004',NULL,'52501','sid-C55FD7FE-8686-49EC-BB0B-1D4E3F04FF28',1,0,0,0,0,1,NULL,'',NULL,NULL,'2020-04-06 23:57:27.592',NULL,NULL,1,0,1,0,0,0,0,0,0,NULL,NULL,NULL,NULL,NULL),('55001',1,'55001','businessKey123',NULL,'dataobject:1:50004',NULL,'55001',NULL,1,0,1,0,0,1,NULL,'',NULL,'startEvent1','2020-04-07 00:02:07.785',NULL,NULL,1,0,0,0,0,0,0,0,0,NULL,NULL,NULL,NULL,NULL),('55005',1,'55001',NULL,'55001','dataobject:1:50004',NULL,'55001','sid-C55FD7FE-8686-49EC-BB0B-1D4E3F04FF28',1,0,0,0,0,1,NULL,'',NULL,NULL,'2020-04-07 00:02:07.857',NULL,NULL,1,0,1,0,0,0,0,0,0,NULL,NULL,NULL,NULL,NULL),('57501',1,'57501','businessKey123',NULL,'dataobject:1:50004',NULL,'57501',NULL,1,0,1,0,0,1,NULL,'',NULL,'startEvent1','2020-04-07 00:41:42.794',NULL,NULL,1,0,0,0,0,0,0,0,0,NULL,NULL,NULL,NULL,NULL),('57505',1,'57501',NULL,'57501','dataobject:1:50004',NULL,'57501','sid-C55FD7FE-8686-49EC-BB0B-1D4E3F04FF28',1,0,0,0,0,1,NULL,'',NULL,NULL,'2020-04-07 00:41:42.871',NULL,NULL,1,0,1,0,0,0,0,0,0,NULL,NULL,NULL,NULL,NULL),('77505',1,'77505','businessKey-singletask',NULL,'singletask:3:77504',NULL,'77505',NULL,1,0,1,0,0,1,NULL,'',NULL,'startEvent1','2020-04-15 00:52:48.815',NULL,NULL,1,0,0,0,0,0,0,0,0,NULL,NULL,NULL,NULL,NULL),('77507',1,'77505',NULL,'77505','singletask:3:77504',NULL,'77505','sid-EDB2F5F1-2903-414D-B53F-A55D993F14B4',1,0,0,0,0,1,NULL,'',NULL,NULL,'2020-04-15 00:52:48.818',NULL,NULL,1,0,1,0,0,0,0,0,0,NULL,NULL,NULL,NULL,NULL),('80005',1,'80005','businessKey-singletask',NULL,'singletask:4:80004',NULL,'80005',NULL,1,0,1,0,0,1,NULL,'',NULL,'startEvent1','2020-04-15 01:04:09.519',NULL,NULL,1,0,0,0,0,0,0,0,0,NULL,NULL,NULL,NULL,NULL),('80006',1,'80005',NULL,'80005','singletask:4:80004',NULL,'80005','sid-EDB2F5F1-2903-414D-B53F-A55D993F14B4',1,0,0,0,0,1,NULL,'',NULL,NULL,'2020-04-15 01:04:09.519',NULL,NULL,1,0,1,0,0,0,0,0,0,NULL,NULL,NULL,NULL,NULL),('95005',1,'95005','businessKey-grouptask2',NULL,'grouptask:2:95004',NULL,'95005',NULL,1,0,1,0,0,1,NULL,'',NULL,'startEvent1','2020-04-17 01:21:34.887',NULL,NULL,1,0,0,0,0,0,0,0,0,NULL,NULL,NULL,NULL,NULL),('95007',1,'95005',NULL,'95005','grouptask:2:95004',NULL,'95005','sid-EDB2F5F1-2903-414D-B53F-A55D993F14B4',1,0,0,0,0,1,NULL,'',NULL,NULL,'2020-04-17 01:21:34.889',NULL,NULL,1,0,1,0,0,0,0,0,0,NULL,NULL,NULL,NULL,NULL);

/*Table structure for table `act_ru_history_job` */

DROP TABLE IF EXISTS `act_ru_history_job`;

CREATE TABLE `act_ru_history_job` (
  `ID_` varchar(64) COLLATE utf8_bin NOT NULL,
  `REV_` int(11) DEFAULT NULL,
  `LOCK_EXP_TIME_` timestamp(3) NULL DEFAULT NULL,
  `LOCK_OWNER_` varchar(255) COLLATE utf8_bin DEFAULT NULL,
  `RETRIES_` int(11) DEFAULT NULL,
  `EXCEPTION_STACK_ID_` varchar(64) COLLATE utf8_bin DEFAULT NULL,
  `EXCEPTION_MSG_` varchar(4000) COLLATE utf8_bin DEFAULT NULL,
  `HANDLER_TYPE_` varchar(255) COLLATE utf8_bin DEFAULT NULL,
  `HANDLER_CFG_` varchar(4000) COLLATE utf8_bin DEFAULT NULL,
  `CUSTOM_VALUES_ID_` varchar(64) COLLATE utf8_bin DEFAULT NULL,
  `ADV_HANDLER_CFG_ID_` varchar(64) COLLATE utf8_bin DEFAULT NULL,
  `CREATE_TIME_` timestamp(3) NULL DEFAULT NULL,
  `SCOPE_TYPE_` varchar(255) COLLATE utf8_bin DEFAULT NULL,
  `TENANT_ID_` varchar(255) COLLATE utf8_bin DEFAULT '',
  PRIMARY KEY (`ID_`)
) ENGINE=InnoDB DEFAULT CHARSET=utf8 COLLATE=utf8_bin;

/*Data for the table `act_ru_history_job` */

/*Table structure for table `act_ru_identitylink` */

DROP TABLE IF EXISTS `act_ru_identitylink`;

CREATE TABLE `act_ru_identitylink` (
  `ID_` varchar(64) COLLATE utf8_bin NOT NULL,
  `REV_` int(11) DEFAULT NULL,
  `GROUP_ID_` varchar(255) COLLATE utf8_bin DEFAULT NULL,
  `TYPE_` varchar(255) COLLATE utf8_bin DEFAULT NULL,
  `USER_ID_` varchar(255) COLLATE utf8_bin DEFAULT NULL,
  `TASK_ID_` varchar(64) COLLATE utf8_bin DEFAULT NULL,
  `PROC_INST_ID_` varchar(64) COLLATE utf8_bin DEFAULT NULL,
  `PROC_DEF_ID_` varchar(64) COLLATE utf8_bin DEFAULT NULL,
  `SCOPE_ID_` varchar(255) COLLATE utf8_bin DEFAULT NULL,
  `SUB_SCOPE_ID_` varchar(255) COLLATE utf8_bin DEFAULT NULL,
  `SCOPE_TYPE_` varchar(255) COLLATE utf8_bin DEFAULT NULL,
  `SCOPE_DEFINITION_ID_` varchar(255) COLLATE utf8_bin DEFAULT NULL,
  PRIMARY KEY (`ID_`),
  KEY `ACT_IDX_IDENT_LNK_USER` (`USER_ID_`),
  KEY `ACT_IDX_IDENT_LNK_GROUP` (`GROUP_ID_`),
  KEY `ACT_IDX_IDENT_LNK_SCOPE` (`SCOPE_ID_`,`SCOPE_TYPE_`),
  KEY `ACT_IDX_IDENT_LNK_SUB_SCOPE` (`SUB_SCOPE_ID_`,`SCOPE_TYPE_`),
  KEY `ACT_IDX_IDENT_LNK_SCOPE_DEF` (`SCOPE_DEFINITION_ID_`,`SCOPE_TYPE_`),
  KEY `ACT_IDX_ATHRZ_PROCEDEF` (`PROC_DEF_ID_`),
  KEY `ACT_FK_TSKASS_TASK` (`TASK_ID_`),
  KEY `ACT_FK_IDL_PROCINST` (`PROC_INST_ID_`),
  CONSTRAINT `ACT_FK_ATHRZ_PROCEDEF` FOREIGN KEY (`PROC_DEF_ID_`) REFERENCES `act_re_procdef` (`ID_`),
  CONSTRAINT `ACT_FK_IDL_PROCINST` FOREIGN KEY (`PROC_INST_ID_`) REFERENCES `act_ru_execution` (`ID_`),
  CONSTRAINT `ACT_FK_TSKASS_TASK` FOREIGN KEY (`TASK_ID_`) REFERENCES `act_ru_task` (`ID_`)
) ENGINE=InnoDB DEFAULT CHARSET=utf8 COLLATE=utf8_bin;

/*Data for the table `act_ru_identitylink` */

insert  into `act_ru_identitylink`(`ID_`,`REV_`,`GROUP_ID_`,`TYPE_`,`USER_ID_`,`TASK_ID_`,`PROC_INST_ID_`,`PROC_DEF_ID_`,`SCOPE_ID_`,`SUB_SCOPE_ID_`,`SCOPE_TYPE_`,`SCOPE_DEFINITION_ID_`) values ('105011',1,'总经理','candidate',NULL,'105010',NULL,NULL,NULL,NULL,NULL,NULL),('167508',1,NULL,'participant','zhangsan',NULL,'167501',NULL,NULL,NULL,NULL,NULL),('45008',1,NULL,'participant','张三',NULL,'45001',NULL,NULL,NULL,NULL,NULL),('47505',1,NULL,'participant','李四',NULL,'45001',NULL,NULL,NULL,NULL,NULL),('77513',1,NULL,'participant','陈杰',NULL,'77505',NULL,NULL,NULL,NULL,NULL),('82502',1,NULL,'participant','chenjie',NULL,'80005',NULL,NULL,NULL,NULL,NULL),('95012',1,NULL,'candidate','分享牛4','95011',NULL,NULL,NULL,NULL,NULL,NULL),('95013',1,NULL,'candidate','分享牛5','95011',NULL,NULL,NULL,NULL,NULL,NULL),('95014',1,NULL,'candidate','分享牛6','95011',NULL,NULL,NULL,NULL,NULL,NULL),('95015',1,NULL,'participant','分享牛4',NULL,'95005',NULL,NULL,NULL,NULL,NULL),('95016',1,NULL,'participant','分享牛5',NULL,'95005',NULL,NULL,NULL,NULL,NULL),('95017',1,NULL,'participant','分享牛6',NULL,'95005',NULL,NULL,NULL,NULL,NULL),('97502',1,NULL,'participant','我不是分享牛',NULL,'95005',NULL,NULL,NULL,NULL,NULL);

/*Table structure for table `act_ru_job` */

DROP TABLE IF EXISTS `act_ru_job`;

CREATE TABLE `act_ru_job` (
  `ID_` varchar(64) COLLATE utf8_bin NOT NULL,
  `REV_` int(11) DEFAULT NULL,
  `TYPE_` varchar(255) COLLATE utf8_bin NOT NULL,
  `LOCK_EXP_TIME_` timestamp(3) NULL DEFAULT NULL,
  `LOCK_OWNER_` varchar(255) COLLATE utf8_bin DEFAULT NULL,
  `EXCLUSIVE_` tinyint(1) DEFAULT NULL,
  `EXECUTION_ID_` varchar(64) COLLATE utf8_bin DEFAULT NULL,
  `PROCESS_INSTANCE_ID_` varchar(64) COLLATE utf8_bin DEFAULT NULL,
  `PROC_DEF_ID_` varchar(64) COLLATE utf8_bin DEFAULT NULL,
  `ELEMENT_ID_` varchar(255) COLLATE utf8_bin DEFAULT NULL,
  `ELEMENT_NAME_` varchar(255) COLLATE utf8_bin DEFAULT NULL,
  `SCOPE_ID_` varchar(255) COLLATE utf8_bin DEFAULT NULL,
  `SUB_SCOPE_ID_` varchar(255) COLLATE utf8_bin DEFAULT NULL,
  `SCOPE_TYPE_` varchar(255) COLLATE utf8_bin DEFAULT NULL,
  `SCOPE_DEFINITION_ID_` varchar(255) COLLATE utf8_bin DEFAULT NULL,
  `RETRIES_` int(11) DEFAULT NULL,
  `EXCEPTION_STACK_ID_` varchar(64) COLLATE utf8_bin DEFAULT NULL,
  `EXCEPTION_MSG_` varchar(4000) COLLATE utf8_bin DEFAULT NULL,
  `DUEDATE_` timestamp(3) NULL DEFAULT NULL,
  `REPEAT_` varchar(255) COLLATE utf8_bin DEFAULT NULL,
  `HANDLER_TYPE_` varchar(255) COLLATE utf8_bin DEFAULT NULL,
  `HANDLER_CFG_` varchar(4000) COLLATE utf8_bin DEFAULT NULL,
  `CUSTOM_VALUES_ID_` varchar(64) COLLATE utf8_bin DEFAULT NULL,
  `CREATE_TIME_` timestamp(3) NULL DEFAULT NULL,
  `TENANT_ID_` varchar(255) COLLATE utf8_bin DEFAULT '',
  PRIMARY KEY (`ID_`),
  KEY `ACT_IDX_JOB_EXCEPTION_STACK_ID` (`EXCEPTION_STACK_ID_`),
  KEY `ACT_IDX_JOB_CUSTOM_VALUES_ID` (`CUSTOM_VALUES_ID_`),
  KEY `ACT_IDX_JOB_SCOPE` (`SCOPE_ID_`,`SCOPE_TYPE_`),
  KEY `ACT_IDX_JOB_SUB_SCOPE` (`SUB_SCOPE_ID_`,`SCOPE_TYPE_`),
  KEY `ACT_IDX_JOB_SCOPE_DEF` (`SCOPE_DEFINITION_ID_`,`SCOPE_TYPE_`),
  KEY `ACT_FK_JOB_EXECUTION` (`EXECUTION_ID_`),
  KEY `ACT_FK_JOB_PROCESS_INSTANCE` (`PROCESS_INSTANCE_ID_`),
  KEY `ACT_FK_JOB_PROC_DEF` (`PROC_DEF_ID_`),
  CONSTRAINT `ACT_FK_JOB_CUSTOM_VALUES` FOREIGN KEY (`CUSTOM_VALUES_ID_`) REFERENCES `act_ge_bytearray` (`ID_`),
  CONSTRAINT `ACT_FK_JOB_EXCEPTION` FOREIGN KEY (`EXCEPTION_STACK_ID_`) REFERENCES `act_ge_bytearray` (`ID_`),
  CONSTRAINT `ACT_FK_JOB_EXECUTION` FOREIGN KEY (`EXECUTION_ID_`) REFERENCES `act_ru_execution` (`ID_`),
  CONSTRAINT `ACT_FK_JOB_PROCESS_INSTANCE` FOREIGN KEY (`PROCESS_INSTANCE_ID_`) REFERENCES `act_ru_execution` (`ID_`),
  CONSTRAINT `ACT_FK_JOB_PROC_DEF` FOREIGN KEY (`PROC_DEF_ID_`) REFERENCES `act_re_procdef` (`ID_`)
) ENGINE=InnoDB DEFAULT CHARSET=utf8 COLLATE=utf8_bin;

/*Data for the table `act_ru_job` */

/*Table structure for table `act_ru_suspended_job` */

DROP TABLE IF EXISTS `act_ru_suspended_job`;

CREATE TABLE `act_ru_suspended_job` (
  `ID_` varchar(64) COLLATE utf8_bin NOT NULL,
  `REV_` int(11) DEFAULT NULL,
  `TYPE_` varchar(255) COLLATE utf8_bin NOT NULL,
  `EXCLUSIVE_` tinyint(1) DEFAULT NULL,
  `EXECUTION_ID_` varchar(64) COLLATE utf8_bin DEFAULT NULL,
  `PROCESS_INSTANCE_ID_` varchar(64) COLLATE utf8_bin DEFAULT NULL,
  `PROC_DEF_ID_` varchar(64) COLLATE utf8_bin DEFAULT NULL,
  `ELEMENT_ID_` varchar(255) COLLATE utf8_bin DEFAULT NULL,
  `ELEMENT_NAME_` varchar(255) COLLATE utf8_bin DEFAULT NULL,
  `SCOPE_ID_` varchar(255) COLLATE utf8_bin DEFAULT NULL,
  `SUB_SCOPE_ID_` varchar(255) COLLATE utf8_bin DEFAULT NULL,
  `SCOPE_TYPE_` varchar(255) COLLATE utf8_bin DEFAULT NULL,
  `SCOPE_DEFINITION_ID_` varchar(255) COLLATE utf8_bin DEFAULT NULL,
  `RETRIES_` int(11) DEFAULT NULL,
  `EXCEPTION_STACK_ID_` varchar(64) COLLATE utf8_bin DEFAULT NULL,
  `EXCEPTION_MSG_` varchar(4000) COLLATE utf8_bin DEFAULT NULL,
  `DUEDATE_` timestamp(3) NULL DEFAULT NULL,
  `REPEAT_` varchar(255) COLLATE utf8_bin DEFAULT NULL,
  `HANDLER_TYPE_` varchar(255) COLLATE utf8_bin DEFAULT NULL,
  `HANDLER_CFG_` varchar(4000) COLLATE utf8_bin DEFAULT NULL,
  `CUSTOM_VALUES_ID_` varchar(64) COLLATE utf8_bin DEFAULT NULL,
  `CREATE_TIME_` timestamp(3) NULL DEFAULT NULL,
  `TENANT_ID_` varchar(255) COLLATE utf8_bin DEFAULT '',
  PRIMARY KEY (`ID_`),
  KEY `ACT_IDX_SUSPENDED_JOB_EXCEPTION_STACK_ID` (`EXCEPTION_STACK_ID_`),
  KEY `ACT_IDX_SUSPENDED_JOB_CUSTOM_VALUES_ID` (`CUSTOM_VALUES_ID_`),
  KEY `ACT_IDX_SJOB_SCOPE` (`SCOPE_ID_`,`SCOPE_TYPE_`),
  KEY `ACT_IDX_SJOB_SUB_SCOPE` (`SUB_SCOPE_ID_`,`SCOPE_TYPE_`),
  KEY `ACT_IDX_SJOB_SCOPE_DEF` (`SCOPE_DEFINITION_ID_`,`SCOPE_TYPE_`),
  KEY `ACT_FK_SUSPENDED_JOB_EXECUTION` (`EXECUTION_ID_`),
  KEY `ACT_FK_SUSPENDED_JOB_PROCESS_INSTANCE` (`PROCESS_INSTANCE_ID_`),
  KEY `ACT_FK_SUSPENDED_JOB_PROC_DEF` (`PROC_DEF_ID_`),
  CONSTRAINT `ACT_FK_SUSPENDED_JOB_CUSTOM_VALUES` FOREIGN KEY (`CUSTOM_VALUES_ID_`) REFERENCES `act_ge_bytearray` (`ID_`),
  CONSTRAINT `ACT_FK_SUSPENDED_JOB_EXCEPTION` FOREIGN KEY (`EXCEPTION_STACK_ID_`) REFERENCES `act_ge_bytearray` (`ID_`),
  CONSTRAINT `ACT_FK_SUSPENDED_JOB_EXECUTION` FOREIGN KEY (`EXECUTION_ID_`) REFERENCES `act_ru_execution` (`ID_`),
  CONSTRAINT `ACT_FK_SUSPENDED_JOB_PROCESS_INSTANCE` FOREIGN KEY (`PROCESS_INSTANCE_ID_`) REFERENCES `act_ru_execution` (`ID_`),
  CONSTRAINT `ACT_FK_SUSPENDED_JOB_PROC_DEF` FOREIGN KEY (`PROC_DEF_ID_`) REFERENCES `act_re_procdef` (`ID_`)
) ENGINE=InnoDB DEFAULT CHARSET=utf8 COLLATE=utf8_bin;

/*Data for the table `act_ru_suspended_job` */

/*Table structure for table `act_ru_task` */

DROP TABLE IF EXISTS `act_ru_task`;

CREATE TABLE `act_ru_task` (
  `ID_` varchar(64) COLLATE utf8_bin NOT NULL,
  `REV_` int(11) DEFAULT NULL,
  `EXECUTION_ID_` varchar(64) COLLATE utf8_bin DEFAULT NULL,
  `PROC_INST_ID_` varchar(64) COLLATE utf8_bin DEFAULT NULL,
  `PROC_DEF_ID_` varchar(64) COLLATE utf8_bin DEFAULT NULL,
  `TASK_DEF_ID_` varchar(64) COLLATE utf8_bin DEFAULT NULL,
  `SCOPE_ID_` varchar(255) COLLATE utf8_bin DEFAULT NULL,
  `SUB_SCOPE_ID_` varchar(255) COLLATE utf8_bin DEFAULT NULL,
  `SCOPE_TYPE_` varchar(255) COLLATE utf8_bin DEFAULT NULL,
  `SCOPE_DEFINITION_ID_` varchar(255) COLLATE utf8_bin DEFAULT NULL,
  `PROPAGATED_STAGE_INST_ID_` varchar(255) COLLATE utf8_bin DEFAULT NULL,
  `NAME_` varchar(255) COLLATE utf8_bin DEFAULT NULL,
  `PARENT_TASK_ID_` varchar(64) COLLATE utf8_bin DEFAULT NULL,
  `DESCRIPTION_` varchar(4000) COLLATE utf8_bin DEFAULT NULL,
  `TASK_DEF_KEY_` varchar(255) COLLATE utf8_bin DEFAULT NULL,
  `OWNER_` varchar(255) COLLATE utf8_bin DEFAULT NULL,
  `ASSIGNEE_` varchar(255) COLLATE utf8_bin DEFAULT NULL,
  `DELEGATION_` varchar(64) COLLATE utf8_bin DEFAULT NULL,
  `PRIORITY_` int(11) DEFAULT NULL,
  `CREATE_TIME_` timestamp(3) NULL DEFAULT NULL,
  `DUE_DATE_` datetime(3) DEFAULT NULL,
  `CATEGORY_` varchar(255) COLLATE utf8_bin DEFAULT NULL,
  `SUSPENSION_STATE_` int(11) DEFAULT NULL,
  `TENANT_ID_` varchar(255) COLLATE utf8_bin DEFAULT '',
  `FORM_KEY_` varchar(255) COLLATE utf8_bin DEFAULT NULL,
  `CLAIM_TIME_` datetime(3) DEFAULT NULL,
  `IS_COUNT_ENABLED_` tinyint(4) DEFAULT NULL,
  `VAR_COUNT_` int(11) DEFAULT NULL,
  `ID_LINK_COUNT_` int(11) DEFAULT NULL,
  `SUB_TASK_COUNT_` int(11) DEFAULT NULL,
  PRIMARY KEY (`ID_`),
  KEY `ACT_IDX_TASK_CREATE` (`CREATE_TIME_`),
  KEY `ACT_IDX_TASK_SCOPE` (`SCOPE_ID_`,`SCOPE_TYPE_`),
  KEY `ACT_IDX_TASK_SUB_SCOPE` (`SUB_SCOPE_ID_`,`SCOPE_TYPE_`),
  KEY `ACT_IDX_TASK_SCOPE_DEF` (`SCOPE_DEFINITION_ID_`,`SCOPE_TYPE_`),
  KEY `ACT_FK_TASK_EXE` (`EXECUTION_ID_`),
  KEY `ACT_FK_TASK_PROCINST` (`PROC_INST_ID_`),
  KEY `ACT_FK_TASK_PROCDEF` (`PROC_DEF_ID_`),
  CONSTRAINT `ACT_FK_TASK_EXE` FOREIGN KEY (`EXECUTION_ID_`) REFERENCES `act_ru_execution` (`ID_`),
  CONSTRAINT `ACT_FK_TASK_PROCDEF` FOREIGN KEY (`PROC_DEF_ID_`) REFERENCES `act_re_procdef` (`ID_`),
  CONSTRAINT `ACT_FK_TASK_PROCINST` FOREIGN KEY (`PROC_INST_ID_`) REFERENCES `act_ru_execution` (`ID_`)
) ENGINE=InnoDB DEFAULT CHARSET=utf8 COLLATE=utf8_bin;

/*Data for the table `act_ru_task` */

insert  into `act_ru_task`(`ID_`,`REV_`,`EXECUTION_ID_`,`PROC_INST_ID_`,`PROC_DEF_ID_`,`TASK_DEF_ID_`,`SCOPE_ID_`,`SUB_SCOPE_ID_`,`SCOPE_TYPE_`,`SCOPE_DEFINITION_ID_`,`PROPAGATED_STAGE_INST_ID_`,`NAME_`,`PARENT_TASK_ID_`,`DESCRIPTION_`,`TASK_DEF_KEY_`,`OWNER_`,`ASSIGNEE_`,`DELEGATION_`,`PRIORITY_`,`CREATE_TIME_`,`DUE_DATE_`,`CATEGORY_`,`SUSPENSION_STATE_`,`TENANT_ID_`,`FORM_KEY_`,`CLAIM_TIME_`,`IS_COUNT_ENABLED_`,`VAR_COUNT_`,`ID_LINK_COUNT_`,`SUB_TASK_COUNT_`) values ('105010',1,'105006','105005','grouptask:4:105004',NULL,NULL,NULL,NULL,NULL,NULL,'审批',NULL,NULL,'sid-EDB2F5F1-2903-414D-B53F-A55D993F14B4',NULL,NULL,NULL,50,'2020-04-20 09:35:11.460',NULL,NULL,1,'',NULL,NULL,1,0,1,0),('142504',3,'135002','135001','variable:1:132504',NULL,NULL,NULL,NULL,NULL,NULL,'经理审批',NULL,NULL,'sid-A4D2CDB4-A2C4-4527-B1FE-313AAB97B42E',NULL,NULL,NULL,50,'2020-05-04 13:21:06.815',NULL,NULL,1,'',NULL,NULL,1,1,0,0),('167506',1,'167502','167501','history:1:165004',NULL,NULL,NULL,NULL,NULL,NULL,'任务1',NULL,NULL,'sid-6CA07227-6D5D-4D27-B5DB-49CF3930AED4',NULL,'zhangsan',NULL,50,'2020-05-04 21:16:59.001',NULL,NULL,1,'',NULL,NULL,1,0,0,0),('182502',1,'180002','180001','async:1:177504',NULL,NULL,NULL,NULL,NULL,NULL,'异步任务',NULL,NULL,'sid-9FF27D30-81F2-4B7F-BF13-674F86EAB592',NULL,NULL,NULL,50,'2020-05-10 23:14:23.346',NULL,NULL,1,'',NULL,NULL,1,0,0,0),('187506',1,'187502','187501','form:1:185004',NULL,NULL,NULL,NULL,NULL,NULL,'请假申请',NULL,NULL,'sid-5E92DDC1-6F91-4FAD-82D5-49F1EDEF9094',NULL,NULL,NULL,50,'2020-05-11 16:51:20.527',NULL,NULL,1,'',NULL,NULL,1,0,0,0),('197506',1,'190002','190001','form:1:185004',NULL,NULL,NULL,NULL,NULL,NULL,'经理审批',NULL,NULL,'sid-E906AC7B-F856-4E5E-8799-56D5213C9AFA',NULL,NULL,NULL,50,'2020-05-11 22:38:22.451',NULL,NULL,1,'',NULL,NULL,1,0,0,0),('205006',1,'202502','202501','formkey2:1:200007',NULL,NULL,NULL,NULL,NULL,NULL,'第二个任务节点',NULL,NULL,'sid-4CD86265-1E97-4CC7-99BD-689F65C4C297',NULL,NULL,NULL,50,'2020-05-12 22:44:46.000',NULL,NULL,1,'','task2.html',NULL,1,0,0,0),('47503',1,'45002','45001','holidayeasy:1:32504',NULL,NULL,NULL,NULL,NULL,NULL,'审批【部门经理】',NULL,NULL,'sid-7BCBAD25-1508-4608-A612-F98F7D035903',NULL,'李四',NULL,50,'2020-04-06 16:42:59.696',NULL,NULL,1,'805',NULL,NULL,1,0,0,0),('52509',1,'52505','52501','dataobject:1:50004',NULL,NULL,NULL,NULL,NULL,NULL,NULL,NULL,NULL,'sid-C55FD7FE-8686-49EC-BB0B-1D4E3F04FF28',NULL,NULL,NULL,50,'2020-04-06 23:57:27.604',NULL,NULL,1,'',NULL,NULL,1,0,0,0),('55009',1,'55005','55001','dataobject:1:50004',NULL,NULL,NULL,NULL,NULL,NULL,NULL,NULL,NULL,'sid-C55FD7FE-8686-49EC-BB0B-1D4E3F04FF28',NULL,NULL,NULL,50,'2020-04-07 00:02:07.866',NULL,NULL,1,'',NULL,NULL,1,0,0,0),('57509',1,'57505','57501','dataobject:1:50004',NULL,NULL,NULL,NULL,NULL,NULL,NULL,NULL,NULL,'sid-C55FD7FE-8686-49EC-BB0B-1D4E3F04FF28',NULL,NULL,NULL,50,'2020-04-07 00:41:42.881',NULL,NULL,1,'',NULL,NULL,1,0,0,0),('77511',1,'77507','77505','singletask:3:77504',NULL,NULL,NULL,NULL,NULL,NULL,'审批',NULL,NULL,'sid-EDB2F5F1-2903-414D-B53F-A55D993F14B4',NULL,'陈杰',NULL,50,'2020-04-15 00:52:48.823',NULL,NULL,1,'',NULL,NULL,1,0,0,0),('80010',2,'80006','80005','singletask:4:80004',NULL,NULL,NULL,NULL,NULL,NULL,'审批',NULL,NULL,'sid-EDB2F5F1-2903-414D-B53F-A55D993F14B4',NULL,'chenjie',NULL,50,'2020-04-15 01:04:09.524',NULL,NULL,1,'',NULL,NULL,1,0,0,0),('95011',2,'95007','95005','grouptask:2:95004',NULL,NULL,NULL,NULL,NULL,NULL,'审批',NULL,NULL,'sid-EDB2F5F1-2903-414D-B53F-A55D993F14B4',NULL,'我不是分享牛',NULL,50,'2020-04-17 01:21:34.894',NULL,NULL,1,'',NULL,'2020-04-17 01:26:49.242',1,0,3,0);

/*Table structure for table `act_ru_timer_job` */

DROP TABLE IF EXISTS `act_ru_timer_job`;

CREATE TABLE `act_ru_timer_job` (
  `ID_` varchar(64) COLLATE utf8_bin NOT NULL,
  `REV_` int(11) DEFAULT NULL,
  `TYPE_` varchar(255) COLLATE utf8_bin NOT NULL,
  `LOCK_EXP_TIME_` timestamp(3) NULL DEFAULT NULL,
  `LOCK_OWNER_` varchar(255) COLLATE utf8_bin DEFAULT NULL,
  `EXCLUSIVE_` tinyint(1) DEFAULT NULL,
  `EXECUTION_ID_` varchar(64) COLLATE utf8_bin DEFAULT NULL,
  `PROCESS_INSTANCE_ID_` varchar(64) COLLATE utf8_bin DEFAULT NULL,
  `PROC_DEF_ID_` varchar(64) COLLATE utf8_bin DEFAULT NULL,
  `ELEMENT_ID_` varchar(255) COLLATE utf8_bin DEFAULT NULL,
  `ELEMENT_NAME_` varchar(255) COLLATE utf8_bin DEFAULT NULL,
  `SCOPE_ID_` varchar(255) COLLATE utf8_bin DEFAULT NULL,
  `SUB_SCOPE_ID_` varchar(255) COLLATE utf8_bin DEFAULT NULL,
  `SCOPE_TYPE_` varchar(255) COLLATE utf8_bin DEFAULT NULL,
  `SCOPE_DEFINITION_ID_` varchar(255) COLLATE utf8_bin DEFAULT NULL,
  `RETRIES_` int(11) DEFAULT NULL,
  `EXCEPTION_STACK_ID_` varchar(64) COLLATE utf8_bin DEFAULT NULL,
  `EXCEPTION_MSG_` varchar(4000) COLLATE utf8_bin DEFAULT NULL,
  `DUEDATE_` timestamp(3) NULL DEFAULT NULL,
  `REPEAT_` varchar(255) COLLATE utf8_bin DEFAULT NULL,
  `HANDLER_TYPE_` varchar(255) COLLATE utf8_bin DEFAULT NULL,
  `HANDLER_CFG_` varchar(4000) COLLATE utf8_bin DEFAULT NULL,
  `CUSTOM_VALUES_ID_` varchar(64) COLLATE utf8_bin DEFAULT NULL,
  `CREATE_TIME_` timestamp(3) NULL DEFAULT NULL,
  `TENANT_ID_` varchar(255) COLLATE utf8_bin DEFAULT '',
  PRIMARY KEY (`ID_`),
  KEY `ACT_IDX_TIMER_JOB_EXCEPTION_STACK_ID` (`EXCEPTION_STACK_ID_`),
  KEY `ACT_IDX_TIMER_JOB_CUSTOM_VALUES_ID` (`CUSTOM_VALUES_ID_`),
  KEY `ACT_IDX_TJOB_SCOPE` (`SCOPE_ID_`,`SCOPE_TYPE_`),
  KEY `ACT_IDX_TJOB_SUB_SCOPE` (`SUB_SCOPE_ID_`,`SCOPE_TYPE_`),
  KEY `ACT_IDX_TJOB_SCOPE_DEF` (`SCOPE_DEFINITION_ID_`,`SCOPE_TYPE_`),
  KEY `ACT_FK_TIMER_JOB_EXECUTION` (`EXECUTION_ID_`),
  KEY `ACT_FK_TIMER_JOB_PROCESS_INSTANCE` (`PROCESS_INSTANCE_ID_`),
  KEY `ACT_FK_TIMER_JOB_PROC_DEF` (`PROC_DEF_ID_`),
  CONSTRAINT `ACT_FK_TIMER_JOB_CUSTOM_VALUES` FOREIGN KEY (`CUSTOM_VALUES_ID_`) REFERENCES `act_ge_bytearray` (`ID_`),
  CONSTRAINT `ACT_FK_TIMER_JOB_EXCEPTION` FOREIGN KEY (`EXCEPTION_STACK_ID_`) REFERENCES `act_ge_bytearray` (`ID_`),
  CONSTRAINT `ACT_FK_TIMER_JOB_EXECUTION` FOREIGN KEY (`EXECUTION_ID_`) REFERENCES `act_ru_execution` (`ID_`),
  CONSTRAINT `ACT_FK_TIMER_JOB_PROCESS_INSTANCE` FOREIGN KEY (`PROCESS_INSTANCE_ID_`) REFERENCES `act_ru_execution` (`ID_`),
  CONSTRAINT `ACT_FK_TIMER_JOB_PROC_DEF` FOREIGN KEY (`PROC_DEF_ID_`) REFERENCES `act_re_procdef` (`ID_`)
) ENGINE=InnoDB DEFAULT CHARSET=utf8 COLLATE=utf8_bin;

/*Data for the table `act_ru_timer_job` */

/*Table structure for table `act_ru_variable` */

DROP TABLE IF EXISTS `act_ru_variable`;

CREATE TABLE `act_ru_variable` (
  `ID_` varchar(64) COLLATE utf8_bin NOT NULL,
  `REV_` int(11) DEFAULT NULL,
  `TYPE_` varchar(255) COLLATE utf8_bin NOT NULL,
  `NAME_` varchar(255) COLLATE utf8_bin NOT NULL,
  `EXECUTION_ID_` varchar(64) COLLATE utf8_bin DEFAULT NULL,
  `PROC_INST_ID_` varchar(64) COLLATE utf8_bin DEFAULT NULL,
  `TASK_ID_` varchar(64) COLLATE utf8_bin DEFAULT NULL,
  `SCOPE_ID_` varchar(255) COLLATE utf8_bin DEFAULT NULL,
  `SUB_SCOPE_ID_` varchar(255) COLLATE utf8_bin DEFAULT NULL,
  `SCOPE_TYPE_` varchar(255) COLLATE utf8_bin DEFAULT NULL,
  `BYTEARRAY_ID_` varchar(64) COLLATE utf8_bin DEFAULT NULL,
  `DOUBLE_` double DEFAULT NULL,
  `LONG_` bigint(20) DEFAULT NULL,
  `TEXT_` varchar(4000) COLLATE utf8_bin DEFAULT NULL,
  `TEXT2_` varchar(4000) COLLATE utf8_bin DEFAULT NULL,
  PRIMARY KEY (`ID_`),
  KEY `ACT_IDX_RU_VAR_SCOPE_ID_TYPE` (`SCOPE_ID_`,`SCOPE_TYPE_`),
  KEY `ACT_IDX_RU_VAR_SUB_ID_TYPE` (`SUB_SCOPE_ID_`,`SCOPE_TYPE_`),
  KEY `ACT_FK_VAR_BYTEARRAY` (`BYTEARRAY_ID_`),
  KEY `ACT_IDX_VARIABLE_TASK_ID` (`TASK_ID_`),
  KEY `ACT_FK_VAR_EXE` (`EXECUTION_ID_`),
  KEY `ACT_FK_VAR_PROCINST` (`PROC_INST_ID_`),
  CONSTRAINT `ACT_FK_VAR_BYTEARRAY` FOREIGN KEY (`BYTEARRAY_ID_`) REFERENCES `act_ge_bytearray` (`ID_`),
  CONSTRAINT `ACT_FK_VAR_EXE` FOREIGN KEY (`EXECUTION_ID_`) REFERENCES `act_ru_execution` (`ID_`),
  CONSTRAINT `ACT_FK_VAR_PROCINST` FOREIGN KEY (`PROC_INST_ID_`) REFERENCES `act_ru_execution` (`ID_`)
) ENGINE=InnoDB DEFAULT CHARSET=utf8 COLLATE=utf8_bin;

/*Data for the table `act_ru_variable` */

insert  into `act_ru_variable`(`ID_`,`REV_`,`TYPE_`,`NAME_`,`EXECUTION_ID_`,`PROC_INST_ID_`,`TASK_ID_`,`SCOPE_ID_`,`SUB_SCOPE_ID_`,`SCOPE_TYPE_`,`BYTEARRAY_ID_`,`DOUBLE_`,`LONG_`,`TEXT_`,`TEXT2_`) values ('137501',1,'string','请假人','135001','135001',NULL,NULL,NULL,NULL,NULL,NULL,NULL,'张三',NULL),('137502',1,'string','请假天数','135001','135001',NULL,NULL,NULL,NULL,NULL,NULL,NULL,'3',NULL),('137503',2,'date','请假日期','135001','135001',NULL,NULL,NULL,NULL,NULL,NULL,1588569094586,NULL,NULL),('142501',1,'string','完成人','135001','135001',NULL,NULL,NULL,NULL,NULL,NULL,NULL,'张三',NULL),('145002',1,'serializable','待操作人','135001','135001',NULL,NULL,NULL,NULL,'145001',NULL,NULL,NULL,NULL),('147501',1,'string','currentNodeName2','135002','135001','142504',NULL,NULL,NULL,NULL,NULL,NULL,'经理审批',NULL),('155001',1,'string','全局变量_runtime','135001','135001',NULL,NULL,NULL,NULL,NULL,NULL,NULL,'我是全局变量',NULL),('155002',1,'string','本地变量_runtime','135002','135001',NULL,NULL,NULL,NULL,NULL,NULL,NULL,'我是本地变量',NULL),('190008',1,'date','start_date','190001','190001',NULL,NULL,NULL,NULL,NULL,NULL,1589126400000,NULL,NULL),('190009',1,'date','end_date','190001','190001',NULL,NULL,NULL,NULL,NULL,NULL,1589385600000,NULL,NULL),('190010',3,'string','reason','190001','190001',NULL,NULL,NULL,NULL,NULL,NULL,NULL,'我叒想出去玩玩',NULL),('190011',3,'long','days','190001','190001',NULL,NULL,NULL,NULL,NULL,NULL,5,'5',NULL),('195004',1,'string','addMore','190001','190001',NULL,NULL,NULL,NULL,NULL,NULL,NULL,'我再添加一个表单变量',NULL),('202507',2,'string','reason','202501','202501',NULL,NULL,NULL,NULL,NULL,NULL,NULL,'我又想出去玩玩',NULL),('202508',3,'string','endDate','202501','202501',NULL,NULL,NULL,NULL,NULL,NULL,NULL,'2020-05-16',NULL),('202509',3,'string','startDate','202501','202501',NULL,NULL,NULL,NULL,NULL,NULL,NULL,'2020-05-13',NULL),('52502',1,'null','开始时间','52501','52501',NULL,NULL,NULL,NULL,NULL,NULL,NULL,NULL,NULL),('52503',1,'double','天数','52501','52501',NULL,NULL,NULL,NULL,NULL,3,NULL,NULL,NULL),('52504',1,'null','结束时间','52501','52501',NULL,NULL,NULL,NULL,NULL,NULL,NULL,NULL,NULL),('55002',1,'null','开始时间','55001','55001',NULL,NULL,NULL,NULL,NULL,NULL,NULL,NULL,NULL),('55003',1,'double','天数','55001','55001',NULL,NULL,NULL,NULL,NULL,3,NULL,NULL,NULL),('55004',1,'null','结束时间','55001','55001',NULL,NULL,NULL,NULL,NULL,NULL,NULL,NULL,NULL),('57502',1,'null','开始时间','57501','57501',NULL,NULL,NULL,NULL,NULL,NULL,NULL,NULL,NULL),('57503',1,'double','天数','57501','57501',NULL,NULL,NULL,NULL,NULL,3,NULL,NULL,NULL),('57504',1,'null','结束时间','57501','57501',NULL,NULL,NULL,NULL,NULL,NULL,NULL,NULL,NULL),('77506',1,'string','userId','77505','77505',NULL,NULL,NULL,NULL,NULL,NULL,NULL,'陈杰',NULL),('95006',1,'string','userIds','95005','95005',NULL,NULL,NULL,NULL,NULL,NULL,NULL,'分享牛4,分享牛5,分享牛6',NULL);

/*Table structure for table `flw_channel_definition` */

DROP TABLE IF EXISTS `flw_channel_definition`;

CREATE TABLE `flw_channel_definition` (
  `ID_` varchar(255) NOT NULL,
  `NAME_` varchar(255) DEFAULT NULL,
  `VERSION_` int(11) DEFAULT NULL,
  `KEY_` varchar(255) DEFAULT NULL,
  `CATEGORY_` varchar(255) DEFAULT NULL,
  `DEPLOYMENT_ID_` varchar(255) DEFAULT NULL,
  `CREATE_TIME_` datetime(3) DEFAULT NULL,
  `TENANT_ID_` varchar(255) DEFAULT NULL,
  `RESOURCE_NAME_` varchar(255) DEFAULT NULL,
  `DESCRIPTION_` varchar(255) DEFAULT NULL,
  PRIMARY KEY (`ID_`),
  UNIQUE KEY `ACT_IDX_CHANNEL_DEF_UNIQ` (`KEY_`,`VERSION_`,`TENANT_ID_`)
) ENGINE=InnoDB DEFAULT CHARSET=utf8;

/*Data for the table `flw_channel_definition` */

/*Table structure for table `flw_ev_databasechangelog` */

DROP TABLE IF EXISTS `flw_ev_databasechangelog`;

CREATE TABLE `flw_ev_databasechangelog` (
  `ID` varchar(255) NOT NULL,
  `AUTHOR` varchar(255) NOT NULL,
  `FILENAME` varchar(255) NOT NULL,
  `DATEEXECUTED` datetime NOT NULL,
  `ORDEREXECUTED` int(11) NOT NULL,
  `EXECTYPE` varchar(10) NOT NULL,
  `MD5SUM` varchar(35) DEFAULT NULL,
  `DESCRIPTION` varchar(255) DEFAULT NULL,
  `COMMENTS` varchar(255) DEFAULT NULL,
  `TAG` varchar(255) DEFAULT NULL,
  `LIQUIBASE` varchar(20) DEFAULT NULL,
  `CONTEXTS` varchar(255) DEFAULT NULL,
  `LABELS` varchar(255) DEFAULT NULL,
  `DEPLOYMENT_ID` varchar(10) DEFAULT NULL
) ENGINE=InnoDB DEFAULT CHARSET=utf8;

/*Data for the table `flw_ev_databasechangelog` */

insert  into `flw_ev_databasechangelog`(`ID`,`AUTHOR`,`FILENAME`,`DATEEXECUTED`,`ORDEREXECUTED`,`EXECTYPE`,`MD5SUM`,`DESCRIPTION`,`COMMENTS`,`TAG`,`LIQUIBASE`,`CONTEXTS`,`LABELS`,`DEPLOYMENT_ID`) values ('1','flowable','org/flowable/eventregistry/db/liquibase/flowable-eventregistry-db-changelog.xml','2020-03-13 22:36:33',1,'EXECUTED','8:1b0c48c9cf7945be799d868a2626d687','createTable tableName=FLW_EVENT_DEPLOYMENT; createTable tableName=FLW_EVENT_RESOURCE; createTable tableName=FLW_EVENT_DEFINITION; createIndex indexName=ACT_IDX_EVENT_DEF_UNIQ, tableName=FLW_EVENT_DEFINITION; createTable tableName=FLW_CHANNEL_DEFIN...','',NULL,'3.6.3',NULL,NULL,'4110193411');

/*Table structure for table `flw_ev_databasechangeloglock` */

DROP TABLE IF EXISTS `flw_ev_databasechangeloglock`;

CREATE TABLE `flw_ev_databasechangeloglock` (
  `ID` int(11) NOT NULL,
  `LOCKED` bit(1) NOT NULL,
  `LOCKGRANTED` datetime DEFAULT NULL,
  `LOCKEDBY` varchar(255) DEFAULT NULL,
  PRIMARY KEY (`ID`)
) ENGINE=InnoDB DEFAULT CHARSET=utf8;

/*Data for the table `flw_ev_databasechangeloglock` */

insert  into `flw_ev_databasechangeloglock`(`ID`,`LOCKED`,`LOCKGRANTED`,`LOCKEDBY`) values (1,'\0',NULL,NULL);

/*Table structure for table `flw_event_definition` */

DROP TABLE IF EXISTS `flw_event_definition`;

CREATE TABLE `flw_event_definition` (
  `ID_` varchar(255) NOT NULL,
  `NAME_` varchar(255) DEFAULT NULL,
  `VERSION_` int(11) DEFAULT NULL,
  `KEY_` varchar(255) DEFAULT NULL,
  `CATEGORY_` varchar(255) DEFAULT NULL,
  `DEPLOYMENT_ID_` varchar(255) DEFAULT NULL,
  `TENANT_ID_` varchar(255) DEFAULT NULL,
  `RESOURCE_NAME_` varchar(255) DEFAULT NULL,
  `DESCRIPTION_` varchar(255) DEFAULT NULL,
  PRIMARY KEY (`ID_`),
  UNIQUE KEY `ACT_IDX_EVENT_DEF_UNIQ` (`KEY_`,`VERSION_`,`TENANT_ID_`)
) ENGINE=InnoDB DEFAULT CHARSET=utf8;

/*Data for the table `flw_event_definition` */

/*Table structure for table `flw_event_deployment` */

DROP TABLE IF EXISTS `flw_event_deployment`;

CREATE TABLE `flw_event_deployment` (
  `ID_` varchar(255) NOT NULL,
  `NAME_` varchar(255) DEFAULT NULL,
  `CATEGORY_` varchar(255) DEFAULT NULL,
  `DEPLOY_TIME_` datetime(3) DEFAULT NULL,
  `TENANT_ID_` varchar(255) DEFAULT NULL,
  `PARENT_DEPLOYMENT_ID_` varchar(255) DEFAULT NULL,
  PRIMARY KEY (`ID_`)
) ENGINE=InnoDB DEFAULT CHARSET=utf8;

/*Data for the table `flw_event_deployment` */

/*Table structure for table `flw_event_resource` */

DROP TABLE IF EXISTS `flw_event_resource`;

CREATE TABLE `flw_event_resource` (
  `ID_` varchar(255) NOT NULL,
  `NAME_` varchar(255) DEFAULT NULL,
  `DEPLOYMENT_ID_` varchar(255) DEFAULT NULL,
  `RESOURCE_BYTES_` longblob,
  PRIMARY KEY (`ID_`)
) ENGINE=InnoDB DEFAULT CHARSET=utf8;

/*Data for the table `flw_event_resource` */

/*Table structure for table `flw_ru_batch` */

DROP TABLE IF EXISTS `flw_ru_batch`;

CREATE TABLE `flw_ru_batch` (
  `ID_` varchar(64) COLLATE utf8_bin NOT NULL,
  `REV_` int(11) DEFAULT NULL,
  `TYPE_` varchar(64) COLLATE utf8_bin NOT NULL,
  `SEARCH_KEY_` varchar(255) COLLATE utf8_bin DEFAULT NULL,
  `SEARCH_KEY2_` varchar(255) COLLATE utf8_bin DEFAULT NULL,
  `CREATE_TIME_` datetime(3) NOT NULL,
  `COMPLETE_TIME_` datetime(3) DEFAULT NULL,
  `STATUS_` varchar(255) COLLATE utf8_bin DEFAULT NULL,
  `BATCH_DOC_ID_` varchar(64) COLLATE utf8_bin DEFAULT NULL,
  `TENANT_ID_` varchar(255) COLLATE utf8_bin DEFAULT '',
  PRIMARY KEY (`ID_`)
) ENGINE=InnoDB DEFAULT CHARSET=utf8 COLLATE=utf8_bin;

/*Data for the table `flw_ru_batch` */

/*Table structure for table `flw_ru_batch_part` */

DROP TABLE IF EXISTS `flw_ru_batch_part`;

CREATE TABLE `flw_ru_batch_part` (
  `ID_` varchar(64) COLLATE utf8_bin NOT NULL,
  `REV_` int(11) DEFAULT NULL,
  `BATCH_ID_` varchar(64) COLLATE utf8_bin DEFAULT NULL,
  `TYPE_` varchar(64) COLLATE utf8_bin NOT NULL,
  `SCOPE_ID_` varchar(64) COLLATE utf8_bin DEFAULT NULL,
  `SUB_SCOPE_ID_` varchar(64) COLLATE utf8_bin DEFAULT NULL,
  `SCOPE_TYPE_` varchar(64) COLLATE utf8_bin DEFAULT NULL,
  `SEARCH_KEY_` varchar(255) COLLATE utf8_bin DEFAULT NULL,
  `SEARCH_KEY2_` varchar(255) COLLATE utf8_bin DEFAULT NULL,
  `CREATE_TIME_` datetime(3) NOT NULL,
  `COMPLETE_TIME_` datetime(3) DEFAULT NULL,
  `STATUS_` varchar(255) COLLATE utf8_bin DEFAULT NULL,
  `RESULT_DOC_ID_` varchar(64) COLLATE utf8_bin DEFAULT NULL,
  `TENANT_ID_` varchar(255) COLLATE utf8_bin DEFAULT '',
  PRIMARY KEY (`ID_`),
  KEY `FLW_IDX_BATCH_PART` (`BATCH_ID_`),
  CONSTRAINT `FLW_FK_BATCH_PART_PARENT` FOREIGN KEY (`BATCH_ID_`) REFERENCES `flw_ru_batch` (`ID_`)
) ENGINE=InnoDB DEFAULT CHARSET=utf8 COLLATE=utf8_bin;

/*Data for the table `flw_ru_batch_part` */

/*!40101 SET SQL_MODE=@OLD_SQL_MODE */;
/*!40014 SET FOREIGN_KEY_CHECKS=@OLD_FOREIGN_KEY_CHECKS */;
/*!40014 SET UNIQUE_CHECKS=@OLD_UNIQUE_CHECKS */;
/*!40111 SET SQL_NOTES=@OLD_SQL_NOTES */;
